지점,관할기관,3시간전 수위(m),수위 (m),유량,해발수위 (El.m)
가평군(가평교),기후에너지환경부,0.76,0.76,3.91,51.62
가평군(대보교),기후에너지환경부,2.66,2.66,1.81,102.19
가평군(선촌2교),기후에너지환경부,2.32,2.31,-,52.88
가평군(신상교),기후에너지환경부,3.49,3.48,-,137.63
가평군(신청평대교),기후에너지환경부,1.34,1.32,-,23.93
가평군(오류동교),기후에너지환경부,1.31,1.31,-,37.37
가평군(제령교),기후에너지환경부,2.85,2.85,-,103.31
가평군(청평교),기후에너지환경부,1.25,1.25,6.56,32.47
가평군(청평댐),기후에너지환경부,50.48,50.45,-,51.12
가평군(화악교),기후에너지환경부,2.36,2.37,-,136.03
강릉시(난곡교),기후에너지환경부,1.96,1.96,-,4.96
강릉시(송림교),기후에너지환경부,1.71,1.7,1.66,4.72
강릉시(오봉교),기후에너지환경부,2.48,2.49,-,58.12
강릉시(우정교),기후에너지환경부,2.33,2.33,-,60.95
강릉시(회산교),기후에너지환경부,1.21,1.21,1.43,15.84
강천보(상류),기후에너지환경부,38.22,38.22,-,38.22
강천보(하류),기후에너지환경부,33.35,33.37,-,33.37
강화군(강화대교),기후에너지환경부,1.11,-1.34,-,-1.21
고성군(간촌교),기후에너지환경부,2.36,2.36,-,6.88
고양시(원당교),기후에너지환경부,0.22,0.21,0.98,21.01
고양시(은덕교),기후에너지환경부,2.41,2.41,-,22.83
광명시(시흥대교),기후에너지환경부,0.38,0.38,3.57,6.75
광주시(경안교),기후에너지환경부,0.4,0.4,2.46,34.51
광주시(광동교),기후에너지환경부,25.03,25.07,-,25.01
광주시(동림3교),기후에너지환경부,2.32,2.33,-,73.75
광주시(부항교),기후에너지환경부,0.46,0.45,-,94.18
광주시(서하교),기후에너지환경부,0.68,0.68,3.86,27.44
광주시(섬뜰교),기후에너지환경부,1.15,1.14,9.73,37.26
광주시(오포대교),기후에너지환경부,2.59,2.58,-,43.03
광주시(파발교),기후에너지환경부,2.31,2.32,-,37.68
괴산군(목도교),기후에너지환경부,1.4,1.38,13.28,88.17
괴산군(비도교),기후에너지환경부,1.04,1.04,2.23,119.22
괴산군(수전교),기후에너지환경부,0.43,0.43,-,110.65
괴산군(월문교),기후에너지환경부,2.93,2.93,-,175.96
괴산군(적석교),기후에너지환경부,2.6,2.59,-,202.84
괴산군(제2괴산교),기후에너지환경부,2.03,2.03,-,107.08
괴산군(추산교),기후에너지환경부,0.79,0.79,-,96.07
김포시(사우교),기후에너지환경부,0.59,0.69,-,2.21
김포시(전류리),기후에너지환경부,3.06,1.34,-,1.24
남양주시(내곡교),기후에너지환경부,0.93,0.93,6.05,34.43
남양주시(부평교),기후에너지환경부,0.08,0.07,0.63,56.35
남양주시(삼봉리),기후에너지환경부,0.6,0.63,-,25.05
남양주시(연평대교),기후에너지환경부,0.23,0.21,-,44.71
남양주시(왕숙교),기후에너지환경부,1.02,1.02,3.37,11.36
남양주시(진관교),기후에너지환경부,0.66,0.66,1.74,22.01
남양주시(퇴계원리),기후에너지환경부,0.47,0.47,15.39,21.96
남양주시(팔당대교),기후에너지환경부,1.05,1.05,161.31,6.62
남양주시(팔당댐),기후에너지환경부,24.92,24.95,-,24.96
단양군(가대교),기후에너지환경부,2.02,2,-,141.45
단양군(단양1교),기후에너지환경부,0.4,0.4,3.36,141.3
단양군(덕천교),기후에너지환경부,1.83,1.82,-,136.85
단양군(들골교),기후에너지환경부,2.89,2.89,-,157.94
단양군(음지교),기후에너지환경부,0.78,0.78,-,223.27
동두천시(송천교),기후에너지환경부,1.27,1.27,1.57,58.3
동해시(북평교),기후에너지환경부,-0.29,-0.27,0.28,-0.08
부천시(도두리2교),기후에너지환경부,0.38,0.45,-,3.88
삼척시(남양촌교),기후에너지환경부,1.56,1.56,3.44,50.74
삼척시(마차교),기후에너지환경부,1.34,1.34,-,119.45
삼척시(상정교),기후에너지환경부,1.31,1.3,4.82,44.32
삼척시(오십천교),기후에너지환경부,1.63,1.6,-,-0.15
삼척시(전두3교),기후에너지환경부,2.13,2.13,-,241.34
서울시(광진교),기후에너지환경부,1.13,1.14,138.3,6.42
서울시(너부대교),기후에너지환경부,0.51,0.54,-,7.41
서울시(대곡교),기후에너지환경부,1.8,1.8,7.83,11.36
서울시(대치교),기후에너지환경부,1.49,1.48,0.72,5.94
서울시(신대방1교),기후에너지환경부,0.06,0.07,0.32,12.66
서울시(신림5교),기후에너지환경부,2.46,2.46,0.18,50.41
서울시(오금교),기후에너지환경부,0.68,0.68,5.07,3.68
서울시(월계2교),기후에너지환경부,0.27,0.27,0.24,16.63
서울시(잠수교),기후에너지환경부,2.69,2.83,-,2.76
서울시(중랑교),기후에너지환경부,0.49,0.49,3.44,9.65
서울시(창동교),기후에너지환경부,0.54,0.53,1.68,15.15
서울시(청담대교),기후에너지환경부,0.97,1.05,274.78,2.8
서울시(한강대교),기후에너지환경부,0.54,0.71,591.54,2.78
서울시(행주대교),기후에너지환경부,1.85,1.91,493.58,2.71
서울시(홍남교),기후에너지환경부,2.11,2.09,-,16.95
성남시(궁내교),기후에너지환경부,0.75,0.74,2.53,33.83
성남시(둔전교),기후에너지환경부,3.65,3.64,-,18.99
속초시(도문교),기후에너지환경부,2.4,2.4,-,83.07
속초시(응골교),기후에너지환경부,2.47,2.47,-,7.11
수원시(매세교),기후에너지환경부,2.31,2.31,-,32.06
수원시(백년교),기후에너지환경부,2.34,2.33,-,22.95
아산시(운교교),기후에너지환경부,1.99,1.99,-,3.37
안산시(안산10교),기후에너지환경부,2.15,2.15,-,0.63
안성시(건천리),기후에너지환경부,-0.05,-0.05,0,8.27
안성시(고지교),기후에너지환경부,2.11,2.11,-,13.67
안성시(두현교),기후에너지환경부,2.46,2.46,-,89.46
안성시(옥산대교),기후에너지환경부,-0.29,-0.29,0.61,18.38
안성시(평촌교),기후에너지환경부,2.39,2.39,-,33.06
안성시(한천교),기후에너지환경부,3.12,3.12,-,12.03
안성시(한평교),기후에너지환경부,1.39,1.39,0.99,77.56
안성시(현수교),기후에너지환경부,0.42,0.42,-,26.79
안양시(충훈1교),기후에너지환경부,-0.23,-0.23,0.73,16.62
양구군(송청제2교),기후에너지환경부,1.41,1.41,-,188.63
양구군(양지교),기후에너지환경부,0.65,0.65,-,230.66
양양군(북평교),기후에너지환경부,2.62,2.62,-,7.36
양양군(양양대교),기후에너지환경부,0.55,0.55,6.08,1.05
양양군(용천2교),기후에너지환경부,1.8,1.79,-,8.66
양주시(마전3교),기후에너지환경부,2.61,2.61,-,47.5
양주시(발운2교),기후에너지환경부,2.27,2.27,-,74.26
양주시(제궁교),기후에너지환경부,2.25,2.25,-,53.68
양평군(다문교),기후에너지환경부,1.14,1.14,-,56.11
양평군(보룡교),기후에너지환경부,1.73,1.73,-,97.9
양평군(봉상교),기후에너지환경부,0.87,0.87,10.36,79.65
양평군(신원리),기후에너지환경부,0.76,0.79,-,25.08
양평군(양평교),기후에너지환경부,5.41,5.45,203.99,25.01
양평군(여물교),기후에너지환경부,2.14,2.14,-,110.25
양평군(흑천교),기후에너지환경부,1.12,1.12,3.55,32.41
여주보(상류),기후에너지환경부,33.18,33.19,-,33.19
여주보(하류),기후에너지환경부,28.53,28.55,148.04,28.55
여주시(강천리),기후에너지환경부,-0.15,-0.13,-,38.27
여주시(남한강교),기후에너지환경부,1.94,1.95,100.73,38.24
여주시(당우교),기후에너지환경부,3.43,3.43,-,43.84
여주시(삼합교),기후에너지환경부,-0.38,-0.39,-,41.69
여주시(양촌교),기후에너지환경부,-0.65,-0.65,0.43,29.49
여주시(여주대교),기후에너지환경부,0.8,0.81,124.95,33.34
여주시(용은교),기후에너지환경부,2.3,2.3,-,41.15
여주시(원부교),기후에너지환경부,0.29,0.3,2.09,51.24
여주시(율극교),기후에너지환경부,0.85,0.85,1.92,32.91
여주시(흥천대교),기후에너지환경부,1.31,1.3,3.34,32.84
연천군(보막교),기후에너지환경부,2.7,2.7,-,76.71
연천군(사랑교),기후에너지환경부,1.68,1.67,18.75,19.98
연천군(사미천교),기후에너지환경부,0.3,0.29,-,6.88
연천군(삼화교),기후에너지환경부,2.59,2.57,-,7.94
연천군(신천교),기후에너지환경부,0.87,0.87,3.24,28.3
연천군(임진교),기후에너지환경부,0.65,0.66,3.75,17.62
연천군(차탄교),기후에너지환경부,0.44,0.43,1.3,48.24
연천군(필승교),기후에너지환경부,0.19,0.18,10.68,31.18
영월군(각동교),기후에너지환경부,2.81,2.8,-,168.14
영월군(거운교),기후에너지환경부,1.65,1.63,49.1,198.57
영월군(내리2교),기후에너지환경부,1.73,1.73,-,256.91
영월군(농공단지교),기후에너지환경부,2.71,2.7,-,202.28
영월군(두학교),기후에너지환경부,0.32,0.31,-,306.57
영월군(신천교),기후에너지환경부,1.37,1.38,13.75,211.87
영월군(신촌교),기후에너지환경부,1.99,1.98,-,227.41
영월군(영월대교),기후에너지환경부,0.87,0.86,54.25,184.07
영월군(옥동교),기후에너지환경부,1.7,1.69,9.7,185.66
영월군(주채교),기후에너지환경부,2.1,2.09,-,425.48
영월군(주천교),기후에너지환경부,1.13,1.13,11.85,241.69
영월군(충혼교),기후에너지환경부,1.24,1.23,-,270.91
영월군(팔괴교),기후에너지환경부,0.88,0.87,31.88,182.09
영월군(화병교),기후에너지환경부,5.69,5.68,-,201.44
오산시(탑동대교),기후에너지환경부,0.83,0.83,3.07,11.57
용인시(덕성1교),기후에너지환경부,2.79,2.79,-,59.99
용인시(마전교),기후에너지환경부,2.86,2.86,-,92.1
용인시(월촌교),기후에너지환경부,0.57,0.56,-,50.11
용인시(전궁교),기후에너지환경부,2.71,2.71,-,21.68
원주시(가현교),기후에너지환경부,3.56,3.56,-,98.4
원주시(남한강대교),기후에너지환경부,0.69,0.7,149.65,40.38
원주시(동부교),기후에너지환경부,0.18,0.17,-,151.12
원주시(문막교),기후에너지환경부,1.11,1.11,39.81,51.83
원주시(법천교),기후에너지환경부,0.76,0.76,-,44.6
원주시(봉미교),기후에너지환경부,2.5,2.49,-,98.53
원주시(옥산교),기후에너지환경부,0.36,0.37,-,80.95
원주시(원주교),기후에너지환경부,0.38,0.38,1.4,120.1
원주시(장현교),기후에너지환경부,1.04,1.04,9.99,78.62
원주시(지정대교),기후에너지환경부,1.18,1.19,12.68,60.68
원주시(판대2교),기후에너지환경부,2.62,2.61,-,83.1
음성군(병암교),기후에너지환경부,1.93,1.93,-,79.49
음성군(상우교),기후에너지환경부,1.78,1.78,-,69.77
음성군(총천교),기후에너지환경부,1.16,1.16,12.75,68.29
의정부시(금신교),기후에너지환경부,2.88,2.88,-,36.83
의정부시(신곡교),기후에너지환경부,0.43,0.42,0.9,33.48
이천시(고당교),기후에너지환경부,2.48,2.48,-,68.34
이천시(동산교),기후에너지환경부,1.48,1.47,3.43,60.46
이천시(복하교),기후에너지환경부,-0.38,-0.37,0.89,46.05
이천시(장호원교),기후에너지환경부,0.95,0.95,1.88,57.63
이포보(상류),기후에너지환경부,28.21,28.22,173.47,28.22
이포보(하류),기후에너지환경부,25.05,25.12,-,25.12
인제군(리빙스턴교),기후에너지환경부,1.59,1.58,13.94,194.52
인제군(반월촌교),기후에너지환경부,4.83,4.86,-,-
인제군(서호교),기후에너지환경부,3.09,3.08,-,285.25
인제군(십이선녀교),기후에너지환경부,3.55,3.55,-,305.9
인제군(양지교),기후에너지환경부,1.23,1.23,5.44,341.74
인제군(왕성동교),기후에너지환경부,0.8,0.8,13.27,374.61
인제군(진동2교),기후에너지환경부,3.27,3.27,-,385.96
인제군(하죽천교),기후에너지환경부,1.69,1.69,23.25,262.9
인제군(현리교),기후에너지환경부,0.68,0.67,4.28,286.63
인천시(굴포1교),기후에너지환경부,2.28,2.28,-,5.33
인천시(상야교),기후에너지환경부,1.28,1.35,-,3.12
인천시(연수교),기후에너지환경부,2.33,2.33,-,0.49
정선군(각희교),기후에너지환경부,2.41,2.41,-,524.99
정선군(광탄교),기후에너지환경부,1.6,1.59,-,298.21
정선군(광하교),기후에너지환경부,0.98,1,-,274.54
정선군(나전교),기후에너지환경부,1.26,1.25,11.08,334.46
정선군(낙동교),기후에너지환경부,1.5,1.48,4.57,325.5
정선군(남평대교),기후에너지환경부,1.97,1.97,20.59,334.03
정선군(삼거리교),기후에너지환경부,2.02,2,-,479.89
정선군(송계교),기후에너지환경부,-0.25,-0.27,0.27,490.75
정선군(송천교),기후에너지환경부,0.9,0.9,10.52,375.58
정선군(애산교),기후에너지환경부,1.52,1.52,-,302.44
정선군(오장2교),기후에너지환경부,1.93,1.93,-,445.18
정선군(와평교),기후에너지환경부,1.65,1.65,4.46,315.2
정선군(정선제1교),기후에너지환경부,1.51,1.49,37.17,296.78
정선군(제1여량교),기후에너지환경부,1.67,1.65,8.91,371.14
정선군(혈천교),기후에너지환경부,1.53,1.53,16.1,480.91
제천시(강저3교),기후에너지환경부,0.19,0.19,0.53,227.82
제천시(구곡교),기후에너지환경부,1.5,1.5,3.21,186.77
제천시(덕동교),기후에너지환경부,2.24,2.24,-,266.8
제천시(부수동교),기후에너지환경부,0.73,0.73,1.47,220.36
제천시(송계교),기후에너지환경부,2.4,2.4,-,160.6
제천시(용암교),기후에너지환경부,2.58,2.58,-,228.83
제천시(팔송교),기후에너지환경부,1.25,1.24,0.01,215.95
천안시(안궁교),기후에너지환경부,2.43,2.43,-,1.45
천안시(안성천교),기후에너지환경부,0.08,0.08,2.77,3.84
천안시(장천교),기후에너지환경부,2.51,2.52,-,9.88
철원군(대마리),기후에너지환경부,0.82,0.87,-,181.5
철원군(삼합교),기후에너지환경부,0.86,0.86,-,-
철원군(암정교),기후에너지환경부,3.55,3.53,-,218.31
철원군(장수대교),기후에너지환경부,0.67,0.66,3.12,194
철원군(한탄대교),기후에너지환경부,1.64,1.63,3.38,126.7
청주시(옥화1교),기후에너지환경부,1.26,1.25,-,199.85
청주시(청석굴교),기후에너지환경부,2.66,2.65,-,212.05
춘천시(강촌교),기후에너지환경부,0.31,-0.05,23.35,52.45
춘천시(소양2교),기후에너지환경부,70.69,70.69,-,70.7
춘천시(천전리),기후에너지환경부,-0.18,0.59,-,76.64
춘천시(춘천댐),기후에너지환경부,102.46,102.46,-,102.44
춘천시(춘천댐하류),기후에너지환경부,0.34,0.32,-,72.13
춘천시(충의대교),기후에너지환경부,5.35,5.33,-,50.36
춘천시(팔미3교),기후에너지환경부,2.51,2.51,-,79.08
춘천시(효자교),기후에너지환경부,3.83,3.83,0.46,71.61
충주시(국원대교),기후에너지환경부,0.58,0.58,0.68,64.4
충주시(능암교),기후에너지환경부,2.82,2.81,-,68.48
충주시(목계교),기후에너지환경부,0.63,0.63,165.42,52.97
충주시(문강교),기후에너지환경부,1.1,1.1,-,99.83
충주시(봉계교),기후에너지환경부,2.13,2.11,-,72.54
충주시(세포교),기후에너지환경부,2.3,2.29,-,61.68
충주시(주덕교),기후에너지환경부,2.78,2.77,-,79.34
충주시(탄금교),기후에너지환경부,0.7,0.7,-,64.28
파주시(교하교),기후에너지환경부,1.87,1.89,-,2.81
파주시(덕천교),기후에너지환경부,2.21,2.2,-,16.35
파주시(만장교),기후에너지환경부,2.42,2.41,0.03,22.83
파주시(비룡대교),기후에너지환경부,2.07,2.07,29.31,7.5
파주시(신우교),기후에너지환경부,2.12,2.13,-,58.66
파주시(아가메교),기후에너지환경부,0.9,0.81,-,2.88
파주시(전진교),기후에너지환경부,6.12,6.5,-,2.37
파주시(주월교),기후에너지환경부,1.4,1.39,-,9.23
파주시(통일대교),기후에너지환경부,2.22,1.65,-,1.95
평창군(마하교),기후에너지환경부,2.66,2.66,-,221.43
평창군(바이오교),기후에너지환경부,2.35,2.35,-,465.79
평창군(사초교),기후에너지환경부,2.01,2,1.03,376.62
평창군(상방림교),기후에너지환경부,0.61,0.61,18.54,359.83
평창군(선애교),기후에너지환경부,1.09,1.08,9.05,385.97
평창군(송정교),기후에너지환경부,1.63,1.62,-,513.21
평창군(이목정교),기후에너지환경부,1.7,1.7,2.55,592.57
평창군(장평교),기후에너지환경부,-0.14,-0.14,3.9,526.82
평창군(진전교),기후에너지환경부,0.41,0.41,4.55,522.05
평창군(평창교),기후에너지환경부,1.16,1.16,15.36,288.63
평창군(하방림교),기후에너지환경부,1.67,1.68,-,368.66
평택시(군문교),기후에너지환경부,2.3,2.31,2.97,2.44
평택시(동연교),기후에너지환경부,2.54,2.53,13.38,2.25
평택시(진위1교),기후에너지환경부,1.06,1.06,1.84,6.39
평택시(팽성대교),기후에너지환경부,1.94,1.95,23.83,2.25
평택시(회화리),기후에너지환경부,0.36,0.36,9.46,5.34
포천시(가산교),기후에너지환경부,0.4,0.4,-,103.58
포천시(낭유대교),기후에너지환경부,3.92,3.92,-,104.93
포천시(마명1교),기후에너지환경부,2.27,2.27,-,90.17
포천시(신백의교),기후에너지환경부,0.84,0.84,24.87,45.39
포천시(영평교),기후에너지환경부,0.69,0.69,3.56,57.04
포천시(용담교),기후에너지환경부,0.94,0.93,-,93.06
포천시(은현교),기후에너지환경부,0.67,0.67,3.49,61.99
포천시(제1도평교),기후에너지환경부,2.13,2.13,-,159.54
포천시(지현교),기후에너지환경부,0.11,0.11,-,100.3
포천시(포천대교),기후에너지환경부,2.81,2.9,11.88,89.97
홍천군(가덕교),기후에너지환경부,2.38,2.38,-,504.07
홍천군(군업1교),기후에너지환경부,2.42,2.42,-,162.4
홍천군(굴운교),기후에너지환경부,0.67,0.66,13.02,132.34
홍천군(귀미뜰교),기후에너지환경부,2.51,2.51,-,149.43
홍천군(남노일대교),기후에너지환경부,1.95,1.91,10.88,91.19
홍천군(모곡교),기후에너지환경부,2.67,2.66,1.17,58.94
홍천군(반곡교),기후에너지환경부,1.44,1.43,13.53,69.72
홍천군(용선교),기후에너지환경부,1.22,1.22,7.7,185.96
홍천군(용수교),기후에너지환경부,2.89,2.88,-,100.59
홍천군(용호대교),기후에너지환경부,3.65,3.65,-,243.73
홍천군(주음치교),기후에너지환경부,0.68,0.67,8.07,152.82
홍천군(지다치교),기후에너지환경부,3.42,3.41,-,169.26
홍천군(홍천교),기후에너지환경부,1.16,1.16,129.58,120.89
홍천군(화계교),기후에너지환경부,3.2,3.21,-,122.91
화성시(발안천2교),기후에너지환경부,2.05,2.05,-,3.65
화성시(수직교),기후에너지환경부,0.74,0.75,4.68,5.08
화성시(화산교),기후에너지환경부,1.49,1.49,2.93,13.72
화천군(신대교),기후에너지환경부,2.51,2.51,-,130.79
화천군(신읍교),기후에너지환경부,2.98,2.97,-,111.26
화천군(일광교),기후에너지환경부,2.13,2.12,-,259.9
화천군(화천댐),기후에너지환경부,169.84,169.85,-,170.12
횡성군(둔방내리),기후에너지환경부,2.3,2.3,-,484.65
횡성군(안흥교),기후에너지환경부,1.17,1.16,3.88,415.46
횡성군(오산교),기후에너지환경부,1.89,1.89,1.52,120.28
횡성군(전천교),기후에너지환경부,0.94,0.94,0.02,108.82
횡성군(청곡교),기후에너지환경부,3.48,3.47,-,149.16
횡성군(횡성교),기후에너지환경부,1.07,1.07,8.19,107.12
