대권역,관측소 명,운영 여부,관측 방법,관측소 코드,표준유역 코드,관할 기관
한강,평창군(송정교),운영,T/M,1001602,100108,기후에너지환경부
한강,태백시(무사교),운영,T/M,1001603,100101,한국수자원공사
한강,송천1교,운영,T/M,1001605,100105,한국수력원자력
한강,삼척시(번천교),운영,T/M,1001607,100101,한국수자원공사
한강,삼척시(광동교),운영,T/M,1001613,100102,한국수자원공사
한강,삼척시(갈밭교),운영,T/M,1001615,100102,한국수자원공사
한강,정선군(송계교),운영,T/M,1001620,100103,기후에너지환경부
한강,정선군(혈천교),운영,T/M,1001622,100102,기후에너지환경부
한강,정선군(오장2교),운영,T/M,1001623,100106,기후에너지환경부
한강,정선군(송천교),운영,T/M,1001625,100106,기후에너지환경부
한강,정선군(제1여량교),운영,T/M,1001626,100107,기후에너지환경부
한강,정선군(남평대교),운영,T/M,1001629,100107,기후에너지환경부
한강,정선군(나전교),운영,T/M,1001630,100109,기후에너지환경부
한강,정선군(각희교),운영,T/M,1001641,100110,기후에너지환경부
한강,정선군(와평교),운영,T/M,1001645,100111,기후에너지환경부
한강,정선군(애산교),운영,T/M,1001649,100111,기후에너지환경부
한강,정선군(삼거리교),운영,T/M,1001650,100113,기후에너지환경부
한강,정선군(정선제1교),운영,T/M,1001655,100112,기후에너지환경부
한강,정선군(광하교),운영,T/M,1001658,100112,기후에너지환경부
한강,정선군(낙동교),운영,T/M,1001660,100114,기후에너지환경부
한강,정선군(광탄교),운영,T/M,1001661,100114,기후에너지환경부
한강,평창군(마하교),운영,T/M,1001665,100115,기후에너지환경부
한강,영월군(거운교),운영,T/M,1001670,100117,기후에너지환경부
한강,영월군(삼옥교),운영,T/M,1001683,100117,한국수자원공사
한강,영월군(영월대교),운영,T/M,1001690,100117,기후에너지환경부
한강,영월군(신촌교),운영,T/M,1001695,100116,기후에너지환경부
한강,평창군(이목정교),운영,T/M,1002605,100201,기후에너지환경부
한강,평창군(장평교),운영,T/M,1002610,100201,기후에너지환경부
한강,평창군(진전교),운영,T/M,1002615,100201,기후에너지환경부
한강,평창군(선애교),운영,T/M,1002625,100202,기후에너지환경부
한강,평창군(바이오교),운영,T/M,1002626,100203,기후에너지환경부
한강,평창군(사초교),운영,T/M,1002635,100203,기후에너지환경부
한강,평창군(하방림교),운영,T/M,1002636,100204,기후에너지환경부
한강,평창군(상방림교),운영,T/M,1002640,100205,기후에너지환경부
한강,평창군(평창교),운영,T/M,1002650,100206,기후에너지환경부
한강,영월군(판운교),운영,T/M,1002655,100206,한국수자원공사
한강,횡성군(둔방내리),운영,T/M,1002670,100207,기후에너지환경부
한강,횡성군(안흥교),운영,T/M,1002675,100208,기후에너지환경부
한강,영월군(두학교),운영,T/M,1002680,100209,기후에너지환경부
한강,영월군(주천교),운영,T/M,1002685,100210,기후에너지환경부
한강,영월군(신천교),운영,T/M,1002687,100210,기후에너지환경부
한강,영월군(화병교),운영,T/M,1002691,100213,기후에너지환경부
한강,영월군(농공단지교),운영,T/M,1002693,100212,기후에너지환경부
한강,영월군(연당교),운영,T/M,1002694,100213,한국수자원공사
한강,영월군(팔괴교),운영,T/M,1002698,100213,기후에너지환경부
한강,영월군(내리2교),운영,T/M,1003603,100304,기후에너지환경부
한강,영월군(충혼교),운영,T/M,1003605,100303,기후에너지환경부
한강,영월군(옥동교),운영,T/M,1003620,100305,기후에너지환경부
한강,영월군(각동교),운영,T/M,1003625,100306,기후에너지환경부
한강,단양군(들골교),운영,T/M,1003626,100308,기후에너지환경부
한강,단양군(북벽교),운영,T/M,1003632,100306,한국수자원공사
한강,단양군(가대교),운영,T/M,1003636,100307,기후에너지환경부
한강,단양군(덕천교),운영,T/M,1003642,100310,기후에너지환경부
한강,단양군(음지교),운영,T/M,1003643,100309,기후에너지환경부
한강,상진교,운영,T/M,1003644,100310,한국수자원공사
한강,단양군(단양1교),운영,T/M,1003645,100309,기후에너지환경부
한강,우화교,운영,T/M,1003646,100311,한국수자원공사
한강,제천시(덕동교),운영,T/M,1003652,100316,기후에너지환경부
한강,제천시(송계교),운영,T/M,1003654,100318,기후에너지환경부
한강,제천시(물태리),운영,T/M,1003655,100319,한국수자원공사
한강,제천시(강저3교),운영,T/M,1003657,100314,기후에너지환경부
한강,제천시(부수동교),운영,T/M,1003658,100316,기후에너지환경부
한강,제천시(팔송교),운영,T/M,1003660,100313,기후에너지환경부
한강,제천시(구곡교),운영,T/M,1003661,100315,기후에너지환경부
한강,명서교,운영,T/M,1003662,100319,한국수자원공사
한강,충주본댐우안,운영,T/M,1003664,100319,한국수자원공사
한강,제천시(용암교),운영,T/M,1003667,100317,기후에너지환경부
한강,청주시(청석굴교),운영,T/M,1004616,100402,기후에너지환경부
한강,청주시(옥화1교),운영,T/M,1004620,100403,기후에너지환경부
한강,고성교,운영,T/M,1004630,100403,한국수력원자력
한강,괴산군(월문교),운영,T/M,1004631,100404,기후에너지환경부
한강,후영교,운영,T/M,1004635,100406,한국수력원자력
한강,괴산군(적석교),운영,T/M,1004640,100407,기후에너지환경부
한강,괴산군(수전교),운영,T/M,1004645,100409,기후에너지환경부
한강,괴산군(비도교),운영,T/M,1004646,100407,기후에너지환경부
한강,소수,운영,T/M,1004653,100408,한국농어촌공사
한강,괴산군(제2괴산교),운영,T/M,1004661,100408,기후에너지환경부
한강,괴산군(추산교),운영,T/M,1004670,100410,기후에너지환경부
한강,충주시(문강교),운영,T/M,1004680,100412,기후에너지환경부
한강,팔봉교,운영,T/M,1004685,100411,한국수자원공사
한강,원남,운영,T/M,1004688,100408,한국농어촌공사
한강,충주시(향산리),운영,보통,1004690,100414,한국수자원공사
한강,용당,운영,T/M,1004692,100413,한국농어촌공사
한강,괴산군(목도교),운영,T/M,1004693,100409,기후에너지환경부
한강,충주시(주덕교),운영,T/M,1004694,100413,기후에너지환경부
한강,충주시(국원대교),운영,T/M,1004695,100413,기후에너지환경부
한강,충주시(봉계교),운영,T/M,1004696,100414,기후에너지환경부
한강,충주시(탄금교),운영,T/M,1005605,100414,기후에너지환경부
한강,충주시(목계교),운영,T/M,1005640,100502,기후에너지환경부
한강,충주시(능암교),운영,T/M,1005650,100503,기후에너지환경부
한강,충주시(세포교),운영,T/M,1005660,100504,기후에너지환경부
한강,원주시(법천교),운영,T/M,1005695,100505,기후에너지환경부
한강,원주시(남한강대교),운영,T/M,1005697,100505,기후에너지환경부
한강,횡성군(율동리),운영,T/M,1006610,100601,한국수자원공사
한강,횡성군(포동2교),운영,T/M,1006612,100601,한국수자원공사
한강,횡성군(청곡교),운영,T/M,1006628,100603,기후에너지환경부
한강,횡성군(오산교),운영,T/M,1006630,100603,기후에너지환경부
한강,횡성군(횡성교),운영,T/M,1006650,100605,기후에너지환경부
한강,횡성군(전천교),운영,T/M,1006660,100604,기후에너지환경부
한강,원주시(동부교),운영,T/M,1006664,100606,기후에너지환경부
한강,원주시(원주교),운영,T/M,1006665,100606,기후에너지환경부
한강,원주시(가현교),운영,T/M,1006666,100606,기후에너지환경부
한강,원주시(옥산교),운영,T/M,1006670,100605,기후에너지환경부
한강,원주시(장현교),운영,T/M,1006672,100608,기후에너지환경부
한강,원주시(판대2교),운영,T/M,1006677,100607,기후에너지환경부
한강,원주시(지정대교),운영,T/M,1006680,100608,기후에너지환경부
한강,원주시(봉미교),운영,T/M,1006685,100609,기후에너지환경부
한강,원주시(문막교),운영,T/M,1006690,100610,기후에너지환경부
한강,궁촌,운영,T/M,1006693,100610,한국농어촌공사
한강,반계,운영,T/M,1006694,100610,한국농어촌공사
한강,안성시(한평교),운영,T/M,1007604,100701,기후에너지환경부
한강,이천시(장호원교),운영,T/M,1007605,100705,기후에너지환경부
한강,안성시(두현교),운영,T/M,1007606,100702,기후에너지환경부
한강,이천시(고당교),운영,T/M,1007608,100703,기후에너지환경부
한강,음성군(병암교),운영,T/M,1007609,100704,기후에너지환경부
한강,음성군(총천교),운영,T/M,1007610,100704,기후에너지환경부
한강,음성군(상우교),운영,T/M,1007613,100705,기후에너지환경부
한강,여주시(원부교),운영,T/M,1007615,100706,기후에너지환경부
한강,여주시(삼합교),운영,T/M,1007617,100706,기후에너지환경부
한강,여주시(강천리),운영,T/M,1007620,100706,기후에너지환경부
한강,여주시(남한강교),운영,T/M,1007625,100706,기후에너지환경부
한강,여주시(용은교),운영,T/M,1007626,100710,기후에너지환경부
한강,강천보(상류),운영,T/M,1007633,100706,기후에너지환경부
한강,강천보(하류),운영,T/M,1007634,100708,기후에너지환경부
한강,여주시(여주대교),운영,T/M,1007635,100709,기후에너지환경부
한강,여주시(당우교),운영,T/M,1007637,100707,기후에너지환경부
한강,여주보(상류),운영,T/M,1007639,100709,기후에너지환경부
한강,여주시(율극교),운영,T/M,1007640,100711,기후에너지환경부
한강,여주보(하류),운영,T/M,1007641,100710,기후에너지환경부
한강,이천시(동산교),운영,T/M,1007642,100712,기후에너지환경부
한강,이천시(복하교),운영,T/M,1007645,100713,기후에너지환경부
한강,여주시(흥천대교),운영,T/M,1007650,100714,기후에너지환경부
한강,대평,운영,T/M,1007653,100711,한국농어촌공사
한강,여주시(양촌교),운영,T/M,1007655,100710,기후에너지환경부
한강,여주저류지,운영,T/M,1007656,100715,한국수자원공사
한강,이포보(상류),운영,T/M,1007662,100710,기후에너지환경부
한강,이포보(하류),운영,T/M,1007664,100715,기후에너지환경부
한강,금사,운영,T/M,1007672,100715,한국농어촌공사
한강,양평군(흑천교),운영,T/M,1007680,100717,기후에너지환경부
한강,양평군(양평교),운영,T/M,1007685,100718,기후에너지환경부
한강,양평군(여물교),운영,T/M,1007687,100716,기후에너지환경부
한강,양평군(보룡교),운영,T/M,1007688,100716,기후에너지환경부
한강,양평군(봉상교),운영,T/M,1007690,100717,기후에너지환경부
한강,양평군(다문교),운영,T/M,1007695,100717,기후에너지환경부
한강,양평군(신원리),운영,T/M,1007697,100719,기후에너지환경부
한강,화천군(평화나래교),운영,T/M,1009652,100903,한국수자원공사
한강,약수교,운영,T/M,1010630,101004,한국수력원자력
한강,양구군(양지교),운영,T/M,1010631,101004,기후에너지환경부
한강,양구군(송청제2교),운영,T/M,1010633,101004,기후에너지환경부
한강,하리교,운영,T/M,1010635,101004,한국수력원자력
한강,양구군(각시교),운영,T/M,1010640,101003,한국수자원공사
한강,남전교,운영,T/M,1010642,101003,한국수력원자력
한강,화천군(화천댐),운영,T/M,1010660,101006,기후에너지환경부
한강,화천군(오작교),운영,T/M,1010670,100903,한국수자원공사
한강,화천군(신대교),운영,T/M,1010673,101008,기후에너지환경부
한강,화천군(신읍교),운영,T/M,1010674,101008,기후에너지환경부
한강,용신교,운영,T/M,1010677,101008,한국수력원자력
한강,화천군(화천대교),운영,T/M,1010680,101009,한국수자원공사
한강,오탄교,운영,T/M,1010684,101009,한국수력원자력
한강,화천군(일광교),운영,T/M,1010686,101010,기후에너지환경부
한강,춘천시(춘천댐),운영,T/M,1010690,101011,기후에너지환경부
한강,춘천시(춘천댐하류),운영,T/M,1010695,101012,기후에너지환경부
한강,인제군(반월촌교),운영,T/M,1011620,101102,기후에너지환경부
한강,인제군(십이선녀교),운영,T/M,1011640,101103,기후에너지환경부
한강,인제군(어두원교),운영,T/M,1011650,101103,한국수자원공사
한강,인제군(원통리),운영,T/M,1011690,101103,한국수자원공사
한강,인제군(도리촌교),운영,T/M,1011693,101104,한국수자원공사
한강,인제군(리빙스턴교),운영,T/M,1011695,101104,기후에너지환경부
한강,홍천군(가덕교),운영,T/M,1012625,101201,기후에너지환경부
한강,인제군(왕성동교),운영,T/M,1012630,101201,기후에너지환경부
한강,인제군(양지교),운영,T/M,1012635,101202,기후에너지환경부
한강,인제군(진동2교),운영,T/M,1012638,101204,기후에너지환경부
한강,인제군(서호교),운영,T/M,1012639,101203,기후에너지환경부
한강,인제군(현리교),운영,T/M,1012640,101204,기후에너지환경부
한강,인제군(하죽천교),운영,T/M,1012645,101205,기후에너지환경부
한강,인제군(원대교),운영,T/M,1012650,101205,한국수자원공사
한강,인제군(살구미교),운영,T/M,1012657,101206,한국수자원공사
한강,인제군(양구교),운영,T/M,1012670,101206,한국수자원공사
한강,춘천시(천전리),운영,T/M,1012685,101208,기후에너지환경부
한강,춘천시(소양6교),운영,T/M,1012688,101208,한국수자원공사
한강,춘천시(효자교),운영,T/M,1013610,101301,기후에너지환경부
한강,목동교,운영,T/M,1013620,101306,한국수력원자력
한강,춘천시(소양2교),운영,T/M,1013637,101302,기후에너지환경부
한강,춘천시(팔미3교),운영,T/M,1013643,101303,기후에너지환경부
한강,춘천시(강촌교),운영,T/M,1013645,101304,기후에너지환경부
한강,가평군(제령교),운영,T/M,1013650,101306,기후에너지환경부
한강,가평군(화악교),운영,T/M,1013651,101306,기후에너지환경부
한강,가평군(가평교),운영,T/M,1013655,101306,기후에너지환경부
한강,홍천군(용호대교),운영,T/M,1014618,101402,기후에너지환경부
한강,홍천군(용선교),운영,T/M,1014620,101402,기후에너지환경부
한강,홍천군(지다치교),운영,T/M,1014622,101403,기후에너지환경부
한강,홍천군(주음치교),운영,T/M,1014630,101404,기후에너지환경부
한강,홍천강(성포교),운영,T/M,1014635,101404,한국수력원자력
한강,홍천군(군업1교),운영,T/M,1014637,101405,기후에너지환경부
한강,홍천군(굴운교),운영,T/M,1014640,101406,기후에너지환경부
한강,홍천군(귀미뜰교),운영,T/M,1014645,101407,기후에너지환경부
한강,홍천군(홍천교),운영,T/M,1014650,101408,기후에너지환경부
한강,홍천군(화계교),운영,T/M,1014652,101409,기후에너지환경부
한강,홍천군(용수교),운영,T/M,1014664,101411,기후에너지환경부
한강,홍천군(남노일대교),운영,T/M,1014665,101410,기후에너지환경부
한강,홍천군(반곡교),운영,T/M,1014680,101412,기후에너지환경부
한강,춘천시(충의대교),운영,T/M,1014690,101414,기후에너지환경부
한강,한덕교,운영,T/M,1014695,101413,한국수력원자력
한강,홍천군(모곡교),운영,T/M,1014696,101413,기후에너지환경부
한강,가평군(신상교),운영,T/M,1015611,101503,기후에너지환경부
한강,가평군(대보교),운영,T/M,1015620,101504,기후에너지환경부
한강,산장제1교,운영,T/M,1015630,101504,한국수력원자력
한강,가평군(선촌2교),운영,T/M,1015636,101501,기후에너지환경부
한강,가평군(청평댐),운영,T/M,1015640,101502,기후에너지환경부
한강,가평군(청평교),운영,T/M,1015644,101504,기후에너지환경부
한강,가평군(신청평대교),운영,T/M,1015645,101506,기후에너지환경부
한강,가평군(오류동교),운영,T/M,1015655,101505,기후에너지환경부
한강,남양주시(삼봉리),운영,T/M,1015680,101508,기후에너지환경부
한강,용인시(마전교),운영,T/M,1016601,101601,기후에너지환경부
한강,광주시(동림3교),운영,T/M,1016606,101602,기후에너지환경부
한강,용인시(월촌교),운영,T/M,1016607,101601,기후에너지환경부
한강,광주시(오포대교),운영,T/M,1016645,101603,기후에너지환경부
한강,광주시(경안교),운영,T/M,1016650,101603,기후에너지환경부
한강,광주시(파발교),운영,T/M,1016651,101603,기후에너지환경부
한강,경안교,운영,T/M,1016655,101603,한국수력원자력
한강,광주시(부항교),운영,T/M,1016657,101604,기후에너지환경부
한강,광주시(섬뜰교),운영,T/M,1016660,101604,기후에너지환경부
한강,광주시(서하교),운영,T/M,1016670,101605,기후에너지환경부
한강,광주시(광동교),운영,T/M,1016695,101605,기후에너지환경부
한강,남양주시(팔당댐),운영,T/M,1017690,101701,기후에너지환경부
한강,남양주시(팔당대교),운영,T/M,1018610,101801,기후에너지환경부
한강,포천시(마명1교),운영,T/M,1018619,101802,기후에너지환경부
한강,남양주시(부평교),운영,T/M,1018620,101802,기후에너지환경부
한강,남양주시(연평대교),운영,T/M,1018623,101802,기후에너지환경부
한강,남양주시(내곡교),운영,T/M,1018625,101802,기후에너지환경부
한강,남양주시(진관교),운영,T/M,1018630,101803,기후에너지환경부
한강,남양주시(퇴계원리),운영,T/M,1018635,101803,기후에너지환경부
한강,남양주시(왕숙교),운영,T/M,1018638,101803,기후에너지환경부
한강,서울시(광진교),운영,T/M,1018640,101807,기후에너지환경부
한강,성남시(궁내교),운영,T/M,1018650,101804,기후에너지환경부
한강,성남시(둔전교),운영,T/M,1018653,101805,기후에너지환경부
한강,서울시(대곡교),운영,T/M,1018655,101806,기후에너지환경부
한강,서울시(대치교),운영,T/M,1018658,101806,기후에너지환경부
한강,양주시(마전3교),운영,T/M,1018661,101808,기후에너지환경부
한강,서울시(청담대교),운영,T/M,1018662,101807,기후에너지환경부
한강,의정부시(신곡교),운영,T/M,1018665,101808,기후에너지환경부
한강,의정부시(금신교),운영,T/M,1018666,101808,기후에너지환경부
한강,서울시(창동교),운영,T/M,1018669,101810,기후에너지환경부
한강,서울시(월계2교),운영,T/M,1018670,101810,기후에너지환경부
한강,서울시(중랑교),운영,T/M,1018675,101810,기후에너지환경부
한강,서울시(잠수교),운영,T/M,1018680,101811,기후에너지환경부
한강,서울시(한강대교),운영,T/M,1018683,101812,기후에너지환경부
한강,구용산,운영,보통,1018685,101711,기후에너지환경부
한강,서울시(홍남교),운영,T/M,1018686,101813,기후에너지환경부
한강,안양시(충훈1교),운영,T/M,1018690,101815,기후에너지환경부
한강,서울시(신림5교),운영,T/M,1018692,101816,기후에너지환경부
한강,광명시(시흥대교),운영,T/M,1018693,101815,기후에너지환경부
한강,서울시(너부대교),운영,T/M,1018695,101815,기후에너지환경부
한강,서울시(오금교),운영,T/M,1018697,101815,기후에너지환경부
한강,서울시(신대방1교),운영,T/M,1018698,101816,기후에너지환경부
한강,고양시(은덕교),운영,T/M,1019606,101901,기후에너지환경부
한강,인천시(굴포1교),운영,T/M,1019612,101903,기후에너지환경부
한강,부천시(도두리2교),운영,T/M,1019620,101907,기후에너지환경부
한강,서울시(행주대교),운영,T/M,1019630,101903,기후에너지환경부
한강,아라한강갑문(내),운영,T/M,1019635,101903,한국수자원공사
한강,아라한강갑실,운영,T/M,1019636,101903,한국수자원공사
한강,아라한강갑문(외),운영,T/M,1019637,101903,한국수자원공사
한강,박촌1교,운영,T/M,1019647,101903,한국수자원공사
한강,계양대교,운영,T/M,1019648,101903,한국수자원공사
한강,귤현보(상),운영,T/M,1019651,101903,한국수자원공사
한강,귤현보(하),운영,T/M,1019652,101903,한국수자원공사
한강,벌말교,운영,T/M,1019653,101903,한국수자원공사
한강,인천시(상야교),운영,T/M,1019657,101903,기후에너지환경부
한강,김포시(사우교),운영,T/M,1019661,101904,기후에너지환경부
한강,양주시(제궁교),운영,T/M,1019663,101905,기후에너지환경부
한강,고양시(원당교),운영,T/M,1019667,101905,기후에너지환경부
한강,김포시(전류리),운영,T/M,1019675,101906,기후에너지환경부
한강,파주시(교하교),운영,T/M,1019680,101906,기후에너지환경부
한강,철원군(백마교),운영,T/M,1021628,102107,한국수자원공사
한강,철원군(대마리),운영,T/M,1021630,102107,기후에너지환경부
한강,연천군(필승교),운영,T/M,1021650,102108,기후에너지환경부
한강,연천군(임진교),운영,T/M,1021680,102109,기후에너지환경부
한강,철원군(암정교),운영,T/M,1022620,102202,기후에너지환경부
한강,철원군(장수대교),운영,T/M,1022626,102202,기후에너지환경부
한강,철원군(삼합교),운영,T/M,1022630,102201,기후에너지환경부
한강,토교,운영,T/M,1022631,102203,한국농어촌공사
한강,철원군(한탄대교),운영,T/M,1022635,102203,기후에너지환경부
한강,철원군(군탄교),운영,T/M,1022638,102204,한국수자원공사
한강,포천시(용담교),운영,T/M,1022640,102204,기후에너지환경부
한강,포천시(제1도평교),운영,T/M,1022641,102206,기후에너지환경부
한강,포천시(대회산교),운영,T/M,1022642,102205,한국수자원공사
한강,포천시(영로대교),운영,T/M,1022643,102205,한국수자원공사
한강,연천군(한탄강댐),운영,T/M,1022644,102205,한국수자원공사
한강,연천군(한여울교),운영,T/M,1022645,102205,한국수자원공사
한강,포천시(낭유대교),운영,T/M,1022646,102206,기후에너지환경부
한강,포천시(포천대교),운영,T/M,1022647,102208,기후에너지환경부
한강,포천시(은현교),운영,T/M,1022648,102209,기후에너지환경부
한강,포천시(지현교),운영,T/M,1022649,102209,기후에너지환경부
한강,포천시(영평교),운영,T/M,1022650,102210,기후에너지환경부
한강,포천시(가산교),운영,T/M,1022651,102208,기후에너지환경부
한강,포천시(신백의교),운영,T/M,1022655,102210,기후에너지환경부
한강,양주시(발운2교),운영,T/M,1022660,102211,기후에너지환경부
한강,연천군(보막교),운영,T/M,1022661,102214,기후에너지환경부
한강,연천군(차탄교),운영,T/M,1022662,102214,기후에너지환경부
한강,궁신교,운영,T/M,1022664,102215,한국수자원공사
한강,연천군(고탄교),운영,T/M,1022666,102215,한국수자원공사
한강,동두천시(송천교),운영,T/M,1022668,102213,기후에너지환경부
한강,연천군(신천교),운영,T/M,1022670,102213,기후에너지환경부
한강,연천군(사랑교),운영,T/M,1022680,102215,기후에너지환경부
한강,파주시(덕천교),운영,T/M,1023635,102303,기후에너지환경부
한강,연천군(삼화교),운영,T/M,1023640,102301,기후에너지환경부
한강,파주시(비룡대교),운영,T/M,1023660,102301,기후에너지환경부
한강,연천군(사미천교),운영,T/M,1023662,102302,기후에너지환경부
한강,파주시(전진교),운영,T/M,1023667,102304,기후에너지환경부
한강,파주시(통일대교),운영,T/M,1023670,102304,기후에너지환경부
한강,파주시(신우교),운영,T/M,1023671,102305,기후에너지환경부
한강,파주시(만장교),운영,T/M,1023674,102305,기후에너지환경부
한강,파주시(주월교),운영,T/M,1023677,102306,기후에너지환경부
한강,파주시(아가메교),운영,T/M,1023680,102306,기후에너지환경부
안성천,수원시(매세교),운영,T/M,1101601,110112,기후에너지환경부
안성천,수원시(백년교),운영,T/M,1101604,110112,기후에너지환경부
안성천,화성시(화산교),운영,T/M,1101605,110113,기후에너지환경부
안성천,안성시(현수교),운영,T/M,1101606,110101,기후에너지환경부
안성천,금광,운영,T/M,1101609,110101,한국농어촌공사
안성천,안성시(옥산대교),운영,T/M,1101610,110101,기후에너지환경부
안성천,안성시(평촌교),운영,T/M,1101611,110103,기후에너지환경부
안성천,고삼,운영,T/M,1101615,110102,한국농어촌공사
안성천,안성시(고지교),운영,T/M,1101616,110104,기후에너지환경부
안성천,안성시(한천교),운영,T/M,1101618,110103,기후에너지환경부
안성천,안성시(건천리),운영,T/M,1101620,110107,기후에너지환경부
안성천,용인시(덕성1교),운영,T/M,1101621,110109,기후에너지환경부
안성천,이동,운영,T/M,1101625,110109,한국농어촌공사
안성천,천안시(안궁교),운영,T/M,1101628,110105,기후에너지환경부
안성천,천안시(안성천교),운영,T/M,1101630,110107,기후에너지환경부
안성천,천안시(장천교),운영,T/M,1101631,110106,기후에너지환경부
안성천,평택시(군문교),운영,T/M,1101635,110107,기후에너지환경부
안성천,오산시(탑동대교),운영,T/M,1101645,110111,기후에너지환경부
안성천,화성시(수직교),운영,T/M,1101650,110113,기후에너지환경부
안성천,용인시(전궁교),운영,T/M,1101656,110114,기후에너지환경부
안성천,평택시(진위1교),운영,T/M,1101663,110114,기후에너지환경부
안성천,평택시(회화리),운영,T/M,1101665,110114,기후에너지환경부
안성천,평택시(동연교),운영,T/M,1101670,110115,기후에너지환경부
안성천,평택시(팽성대교),운영,T/M,1101680,110116,기후에너지환경부
안성천,아산시(운교교),운영,T/M,1101688,110107,기후에너지환경부
안성천,아산만(내),운영,T/M,1101695,110118,한국농어촌공사
안성천,아산만(외),운영,T/M,1101696,110118,한국농어촌공사
한강서해,강화군(강화대교),운영,T/M,1201620,120104,기후에너지환경부
한강서해,아라서해갑문(내),운영,T/M,1201651,120102,한국수자원공사
한강서해,아라서해갑실(남),운영,T/M,1201652,120102,한국수자원공사
한강서해,아라서해갑문(외),운영,T/M,1201653,120102,한국수자원공사
한강서해,아라서해갑실(북),운영,T/M,1201654,120102,한국수자원공사
한강서해,인천시(연수교),운영,T/M,1201660,120102,기후에너지환경부
한강서해,안산시(안산10교),운영,T/M,1202650,120201,기후에너지환경부
한강서해,화성시(발안천2교),운영,T/M,1202668,120206,기후에너지환경부
한강동해,속초시(도문교),운영,T/M,1301625,130105,기후에너지환경부
한강동해,양양군(용천2교),운영,T/M,1301630,130107,기후에너지환경부
한강동해,양양군(북평교),운영,T/M,1301632,130106,기후에너지환경부
한강동해,양양군(양양대교),운영,T/M,1301658,130107,기후에너지환경부
한강동해,오봉,운영,T/M,1302645,130203,한국농어촌공사
한강동해,강릉시(오봉교),운영,T/M,1302646,130204,기후에너지환경부
한강동해,강릉시(회산교),운영,T/M,1302648,130204,기후에너지환경부
한강동해,동해시(원평교),운영,T/M,1302665,130207,한국수자원공사
한강동해,동해시(북평교),운영,T/M,1302668,130207,기후에너지환경부
한강동해,강릉시(송림교),운영,T/M,1302670,130201,기후에너지환경부
한강동해,삼척시(남양촌교),운영,T/M,1303610,130305,기후에너지환경부
한강동해,삼척시(전두3교),운영,T/M,1303640,130301,기후에너지환경부
한강동해,삼척시(마차교),운영,T/M,1303645,130301,기후에너지환경부
한강동해,삼척시(상정교),운영,T/M,1303650,130302,기후에너지환경부
한강동해,삼척시(오십천교),운영,T/M,1303680,130302,기후에너지환경부
