수계,하천명 ,본류,하천코드,하천등급,시도기점,시군구기점,읍면동기점,경계기점,시도종점,시군구종점,읍면동종점,경계종점
한강,한강,한강,1000010,국가,강원,정선,여량,송천 합류점,경기,김포,월곳,용강리유도 31m산정부터 남북으로그은직선
한강,평창강,한강,1000170,국가,강원,평창,대화,대화천(지방) 합류점,강원,영월,영월,한강(국가) 합류점
한강,달천,한강,1000870,국가,충북,청주,미원,계원천(소) 합류점,충북,충주,중앙탑,한강(국가) 합류점
한강,섬강,한강,1001330,국가,강원,횡성,횡성,금계천(지방) 합류점,경기,여주,강천,한강(국가) 합류점
한강,원주천,한강,1001470,국가,강원,원주,판부,가리파천 (소하천)합류점,강원,원주,호저,섬강(국가) 합류점
한강,청미천,한강,1001630,국가,경기,이천,장호원,응천(지방) 합류점,경기,여주,점동,한강(국가) 합류점
한강,복하천,한강,1002190,국가,경기,이천,호법,원두천(지방) 합류점,경기,여주,흥천,한강(국가) 합류점
한강,북한강,한강,1002710,국가,강원,철원,원동,휴전선,경기,양평,양서,한강(국가) 합류점
한강,양구서천,한강,1002720,국가,강원,양구,양구,정림교,강원,양구,양구,북한강(국가) 합류점
한강,소양강,한강,1003000,국가,강원,인제,인제,인북천(지방) 합류점,강원,춘천,근화,북한강(국가) 합류점
한강,홍천강,한강,1003580,국가,강원,홍천,두촌,장남천(지방) 합류점,강원,춘천,남,북한강(국가) 합류점
한강,경안천,한강,1004290,국가,경기,광주,오포,용인시 모현면 경계,경기,광주,남종,한강(국가) 합류점
한강,중랑천,한강,1005090,국가,경기,의정부,장암,시도경계선의최북단에위치한 점에서동서로그은직선,서울,성동,금호,한강(국가) 합류점
한강,안양천,한강,1005380,국가,경기,안양,안양,경부본선철교,서울,영등포,양평,한강(국가) 합류점
한강,목감천,한강,1005500,국가,경기,시흥 광명,논곡 가학,-,서울,구로,개봉,안양천(국가) 합류점
한강,굴포천,한강,1005640,국가,인천,부평,갈산,193-61번지선,경기,김포,고촌,한강(국가) 합류점
한강,공릉천,한강,1005810,국가,경기,파주 고양,"조리 지영,내유","조리면,지영동, 내유동경계",경기,파주,교하,한강(국가) 합류점
한강,임진강,한강,1005980,국가,경기,연천,왕징,휴전선,경기,파주,탄현,한강(국가) 합류점
한강,신천,한강,1006430,국가,경기,양주,남,입암천(지방) 합류점,경기,연천,청산면,한탄강(지방) 합류점
한강,문산천,한강,1006760,국가,경기,파주,파주,"파주읍,광탄면, 월롱면의 경계",경기,파주,문산,임진강(국가) 합류점
한강,달천,한강,1010870,지방,충북,보은,속리산,사내리,충북,청주,미원,달천(국가) 기점
한강,소양강,한강,1013000,지방,강원,인제,기린,방태천(지방) 합류점,강원,인제,인제,소양강(국가) 기점
한강,인북천,한강,1013100,지방,강원,인제,서화,가전리휴전선,강원,인제,인제,소양강(국가) 합류점
한강,청계천,한강,1015270,지방,서울,종로,서린,148번지,서울,성동,용답,중랑천(국가) 합류점
한강,한탄강,한강,1016100,지방,강원,철원,갈말,정연리남방 한계선,경기,연천,전곡,임진강(국가) 합류점
한강,화강,한강,1016110,지방,강원,철원,근동,휴전선,강원,철원,김화,한탄강(지방) 합류점
한강,영평천,한강,1016240,지방,경기,포천,이동,도평리,경기,연천,청산,한탄강(지방) 합류점
한강,사천,한강,1016860,지방,경기,파주,군내,어룡리판문점 휴전선,경기,파주,장탄,임진강(국가) 합류점
한강,골지천,한강,1020020,지방,강원,태백,상사미,부정당,강원,정선,북평,한강(국가) 기점
한강,당곡천,한강,1020030,지방,강원,삼척,하장,중봉리 산68-2,강원,삼척,하장,골지천(지방) 합류점
한강,임계천,한강,1020040,지방,강원,정선,임계,도전리도전분교,강원,정선,임계,골지천(지방) 합류점
한강,송현천,한강,1020050,지방,강원,강릉,왕산,송현리 207-1번지,강원,정선,임계,임계천(지방) 합류점
한강,송천,한강,1020060,지방,강원,평창,대관령,횡계리 산1-122 (상정평),강원,정선,여량,골지천(지방) 합류점
한강,대기천,한강,1020070,지방,강원,강릉,왕산,대기리늪골천 합류점,강원,강릉,왕산,송천(지방) 합류점
한강,봉산천,한강,1020080,지방,강원,평창,진부,봉산리봉두곤리천 합류점,강원,정선,여량,송천(지방) 합류점
한강,오대천,한강,1020090,지방,강원,평창,진부,동산리 상원사앞 합류점,강원,정선,북평,한강(국가) 기점
한강,월정천,한강,1020100,지방,강원,평창,대관령,유천리고교 합류점,강원,평창,진부,오대천(지방) 합류점
한강,척천,한강,1020110,지방,강원,평창,진부,척천리저교 합류점,강원,평창,진부,오대천(지방) 합류점
한강,어천,한강,1020120,지방,강원,정선,화암,백전리하판내,강원,정선,정선,한강(국가) 합류점
한강,용탄천,한강,1020130,지방,강원,정선,정선,회동리장항동 합류점,강원,정선,정선,한강(국가) 합류점
한강,지장천,한강,1020140,지방,강원,정선,고한,고한리 정암사 합류점,강원,정선,정선,한강(국가) 합류점
한강,창리천,한강,1020150,지방,강원,평창,미탄,평안2리 한치동,강원,평창,미탄,마하리 한강 (국가) 합류점
한강,석항천,한강,1020160,지방,강원,정선,신동,조동리 안경다리앞,강원,영월,영월,한강(국가) 합류점
한강,평창강,한강,1020170,지방,강원,평창,용평,"흥정천, 속사천 (지방) 합류점",강원,평창,대화,평창강(국가) 합류점
한강,속사천,한강,1020180,지방,강원,평창,용평,노동리 산30-1지번선,강원,평창,용평,평창강(지방) 합류점
한강,도사천,한강,1020190,지방,강원,평창,용평,도사리쌍둔지 합류점,강원,평창,용평,속사천(지방) 합류점
한강,흥정천,한강,1020200,지방,강원,평창,봉평,흥정리 화명동천 합류점,강원,평창,용평,평창강(지방) 합류점
한강,덕거천,한강,1020210,지방,강원,평창,봉평,덕거리매지동천,강원,평창,봉평,흥정천(지방) 합류점
한강,면온천,한강,1020220,지방,강원,평창,봉평,무이리,강원,평창,봉평,평창강(지방) 합류점
한강,대화천,한강,1020230,지방,강원,평창,대화,대화리소근리 합류점,강원,평창,대화,평창강(국가) 합류점
한강,하안미천,한강,1020240,지방,강원,평창,대화,하안미리 도치동 합류점,강원,평창,대화,평창강(국가) 합류점
한강,계촌천,한강,1020250,지방,강원,평창,방림,운교리 운교교,강원,평창,방림,방림리 1615-1일원 (평창강 합류점)
한강,고길천,한강,1020260,지방,강원,평창,평창,지동리,강원,평창,평창,평창강(국가) 합류점
한강,판운천,한강,1020270,지방,강원,영월,주천,판운리중선분교 교량합류점,강원,영월,주천,평창강(국가) 합류점
한강,주천강,한강,1020280,지방,강원,횡성,둔내,화동리,강원,영월,한반도,평창강(국가) 합류점
한강,석문천,한강,1020290,지방,강원,횡성,둔내,삽교리 노루목 합류점,강원,횡성,둔내,주천강(지방) 합류점
한강,상안천,한강,1020300,지방,강원,횡성,안흥,상안리 상안분교앞,강원,횡성,안흥,주천강(지방) 합류점
한강,강림천,한강,1020310,지방,강원,횡성,강림,부곡리,강원,횡성,강림,주천강(지방) 합류점
한강,운학천,한강,1020320,지방,강원,영월,수주,운학리 큰골 합류점,강원,영월,수주,주천강(지방) 합류점
한강,황둔천,한강,1020330,지방,강원,원주,신림,황둔리,강원,원주,신림,주천강(지방) 합류점
한강,오미천,한강,1020340,지방,충북,제천,송학,오미리,강원,원주,신림,황둔천(지방) 합류점
한강,법흥천,한강,1020350,지방,강원,영월,수주,법흥리절골천 (소)합류점,강원,영월,수주,주천강(지방) 합류점
한강,신일천,한강,1020360,지방,강원,영월,주천,신일리,강원,영월,주천,주천강(지방) 합류점
한강,송한천,한강,1020370,지방,충북,제천,송학,송한리,강원,영월,주천,주천강(지방) 합류점
한강,무도천,한강,1020380,지방,충북,제천,송학,도화리,강원,영월,한반도,평창강(국가) 합류점
한강,쌍용천,한강,1020390,지방,강원,영월,남,토교리삼화천 합류점,강원,영월,한반도,평창강(국가) 합류점
한강,삼화천,한강,1020400,지방,충북,단양,어상천,대전리 694,강원,영월,남,쌍용천(지방) 합류점
한강,연당천,한강,1020410,지방,강원,영월,남,창원리명전 합류점,강원,영월,남,연당리 870-3 (평창강 합류점)
한강,승당천,한강,1020420,지방,강원,영월,남,연당리 197-1,강원,영월,남,연당리 856-7 (연당천 합류점)
한강,문곡천,한강,1020430,지방,강원,영월,북,공기리 고산골천(소)합류점,강원,영월,남,평창강(국가) 합류점
한강,마차천,한강,1020440,지방,강원,영월,북,마차리학전 합류점,강원,영월,북,문곡천(지방) 합류점
한강,옥동천,한강,1020450,지방,강원,영월,상동,천평리 농거교,강원,영월,김삿갓,한강(국가) 합류점
한강,덕구천,한강,1020460,지방,강원,영월,상동,덕구리삼동산 합류점,강원,영월,상동,옥동천(지방) 합류점
한강,내리천,한강,1020470,지방,강원,영월,김삿갓,"내리강원, 경북도계",강원,영월,김삿갓,옥동천(지방) 합류점
한강,마포천,한강,1020480,지방,충북,단양,영춘,충북도계,강원,영월,하동,옥동천(지방) 합류점
한강,동대천,한강,1020490,지방,충북,단양,영춘,동대리,충북,단양,영춘,한강(국가) 합류점
한강,남천,한강,1020500,지방,충북,단양,영춘,남천리,충북,단양,영춘,한강(국가) 합류점
한강,사이곡천,한강,1020510,지방,충북,단양,영춘,사이곡리,충북,단양,영춘,한강(국가) 합류점
한강,사지원천,한강,1020520,지방,충북,단양,영춘,사지원리 (충북강원도계),충북,단양,영춘,사이곡천(지방) 합류점
한강,보발천,한강,1020530,지방,충북,단양,가곡,보발73-1번지선,충북,단양,가곡,한강(국가) 합류점
한강,어곡천,한강,1020540,지방,충북,단양,어상천,연곡리 술미천 (지방) 합류점,충북,단양,어상천,한강(국가) 합류점
한강,임현천,한강,1020550,지방,충북,단양,어상천,임현리,충북,단양,어상천,어곡천(지방) 합류점
한강,하일천,한강,1020560,지방,충북,단양,가곡,어의곡리,충북,단양,가곡,한강(국가) 합류점
한강,매포천,한강,1020570,지방,충북,단양,매포,제천시대랑동과 매포면시군계,충북,단양,매포,한강(국가) 합류점
한강,대가리천,한강,1020580,지방,충북,단양,적성,대가리,충북,단양,매포,매포천(지방) 합류점
한강,솔티천,한강,1020590,지방,충북,단양,단양,천동리 산 9-1,충북,단양,단양,한강(국가) 합류점
한강,노동천,한강,1020600,지방,충북,단양,단양,마조리,충북,단양,단양,한강(국가) 합류점
한강,죽령천,한강,1020610,지방,충북,단양,대강,용부원리,충북,단양,단성,한강(국가) 합류점
한강,남조천,한강,1020620,지방,충북,단양,대강,남조리,충북,단양,대강,죽령천(지방) 합류점
한강,올산천,한강,1020630,지방,충북,단양,대강,올산리 463-2,충북,단양,대강,황정리 144-1 남조천(지방)합류점
한강,단양천,한강,1020640,지방,충북,단양,단성,벌천리,충북,단양,단성,한강(국가) 합류점
한강,상리천,한강,1020650,지방,충북,단양,적성,상리 1412번지선,충북,단양,적성,한강(국가) 합류점
한강,수산천,한강,1020660,지방,충북,제천,수산,한길가천(소) 합류점,충북,제천,수산,한강(국가) 합류점
한강,고교천,한강,1020670,지방,충북,제천,금성,동막리,충북,제천,금성,한강(국가) 합류점
한강,장선천,한강,1020680,지방,충북,제천,청풍,장선리,충북,제천,청풍,한강(국가) 합류점
한강,고명천,한강,1020690,지방,충북,제천,수산,고명리,충북,제천,수산,한강(국가) 합류점
한강,제천천,한강,1020700,지방,충북,제천,봉양,학산리 강원도 도계,충북,충주,산척,한강(국가) 합류점
한강,주포천,한강,1020710,지방,강원,원주,신림,성남리 회목동 합류점,강원,원주,신림,용암리 충북도계
한강,팔송천,한강,1020720,지방,충북,제천,봉양,명암리,강원,제천,봉양,제천천(지방) 합류점
한강,장평천,한강,1020730,지방,충북,제천,자작,자작동,충북,제천,봉양,장평리 제천천 (지방) 합류점
한강,고암천,한강,1020740,지방,충북,제천,고암,고암동,충북,제천,동현,장평천(지방) 합류점
한강,하소천,한강,1020760,지방,충북,제천,신월,신월동,충북,제천,영천,장평천(지방) 합류점
한강,미당천,한강,1020770,지방,충북,제천,봉양,미당리,충북,제천,봉양,장평천(지방) 합류점
한강,원박천,한강,1020780,지방,충북,제천,봉양,원박리 903-3전,충북,제천,봉양,제천천(지방) 합류점
한강,원서천,한강,1020790,지방,충북,제천,백운,운학리,충북,충주,산척,제천천(지방) 합류점
한강,운학천,한강,1020800,지방,충북,제천,백운,운학리,충북,제천,백운,원서천(지방) 합류점
한강,화당천,한강,1020810,지방,충북,제천,백운,화당447천,충북,제천,백운,원서천(지방) 합류점
한강,광천,한강,1020820,지방,충북,제천,덕산,월악리,충북,제천,한수,한강(국가) 합류점
한강,성천,한강,1020830,지방,충북,제천,덕산,도기리 715,충북,제천,덕산,광천(지방) 합류점
한강,동달천,한강,1020840,지방,충북,충주,상모,미곡리,충북,제천,덕산,한강(국가) 합류점
한강,조동천,한강,1020860,지방,충북,충주,동량,조동리,충북,충주,동량,남한강(국가) 합류점
한강,달천,한강,1020870,지방,충북,보은,속리산,사내리,충북,청주,미원,달천(국가) 기점
한강,흑천,한강,1020880,지방,충북,보은,내북,염둔리,충북,보은,내북,달천(지방) 합류점
한강,감천,한강,1020890,지방,충북,청원,낭성,무성리,충북,청원,미원,달천(지방) 합류점
한강,인경천,한강,1020900,지방,충북,청원,낭성,인경리,충북,청원,낭성,감천(지방) 합류점
한강,미원천,한강,1020910,지방,충북,청주,상당구,대신리,충북,청주,상당구,감천(지방) 합류점
한강,중리천,한강,1020920,지방,충북,청주,미원,중리,충북,청원,미원,미원천(지방) 합류점
한강,신월천,한강,1020930,지방,충북,괴산,청천,상신리,충북,괴산,청천,달천(국가) 합류점
한강,구룡천,한강,1020940,지방,충북,청원,미원,대덕리,충북,괴산,청천,달천(국가) 합류점
한강,압항천,한강,1020950,지방,충북,괴산,청안,문당리,충북,괴산,청천,달천(국가) 합류점
한강,황암천,한강,1020960,지방,충북,괴산,청안,장암리 679-4,충북,괴산,청안,압항천(지방) 합류점
한강,화양천,한강,1020970,지방,충북,괴산,청천,이평리,충북,괴산,청천,달천(국가) 합류점
한강,관평천,한강,1020980,지방,충북,괴산,청천,관평리,충북,괴산,청천,화양천(지방) 합류점
한강,대전천,한강,1020990,지방,충북,괴산,청천,여사왕리,충북,괴산,청천,달천(국가) 합류점
한강,흑석천,한강,1021000,지방,충북,괴산,문광,옥성리,충북,괴산,문광,달천(국가) 합류점
한강,쌍천,한강,1021010,지방,충북,괴산,연풍,주진리 산6-5번지,충북,괴산,칠성,달천(국가) 합류점
한강,원풍천,한강,1021020,지방,충북,괴산,연풍,원풍리,충북,괴산,연풍,쌍천(지방) 합류점
한강,행목동천,한강,1021030,지방,충북,괴산,칠성,쌍곡리 188-8번지,충북,괴산,칠성,쌍천(지방) 합류점
한강,동진천,한강,1021040,지방,충북,괴산,소수,길선리 143번지,충북,괴산,괴산,달천(지방) 합류점
한강,고마천,한강,1021050,지방,충북,괴산,소수,소암리 500-2번지,충북,괴산,소수,동진천(지방) 합류점
한강,성황천,한강,1021060,지방,충북,괴산,사리,수암리 894번지,충북,괴산,괴산,동부리 동진천 (지방) 합류점
한강,안민천,한강,1021070,지방,충북,괴산,감물,매전리 산41-1,충북,괴산,감물,달천(국가) 합류점
한강,신항천,한강,1021080,지방,충북,괴산,괴산,신항리,충북,괴산,불정,달천(국가) 합류점
한강,건개천,한강,1021090,지방,충북,괴산,불정,신흥리,충북,괴산,불정,신항천(지방) 합류점
한강,음성천,한강,1021100,지방,충북,음성,음성,용산리 748-2번지,충북,괴산,불정,달천(국가) 합류점
한강,소여천,한강,1021110,지방,충북,음성,음성,소여리,충북,음성,음성,음성천(지방) 합류점
한강,구안천,한강,1021120,지방,충북,음성,원남,구안리 341번지,충북,음성,음성,음성천(지방) 합류점
한강,한벌천,한강,1021130,지방,충북,음성,음성,한벌리 313-3번지,충북,충주,상모,음성천(지방) 합류점
한강,석문동천,한강,1021140,지방,충북,충주,상모,사문리 567,충북,충주,살미,달천(국가) 합류점
한강,오가천,한강,1021150,지방,충북,괴산,장연,오가리 873-1,충북,괴산,장연,석문동천(지방) 합류점
한강,설운천,한강,1021160,지방,충북,충주,살미,설운리 147-3,충북,충주,살미,달천(국가) 합류점
한강,요도천,한강,1021170,지방,충북,음성,읍성,"용산리 산180, 소류지",충북,충주,용두,달천(국가) 합류점
한강,비산천,한강,1021180,지방,충북,음성,소이,"비산리101-4, 무명교",충북,충주,주덕,요도천(지방) 합류점
한강,영평천,한강,1021190,지방,충북,충주,주덕,화곡리 1102,충북,충주,대소원,요도천(지방) 합류점
한강,충주천,한강,1021200,지방,충북,충주,직동,"직동 68-1, 지류합류점",충북,충주,칠금,달천(국가) 합류점
한강,교현천,한강,1021210,지방,충북,충주,안림,안림동 298-103,충북,충주,충의,충주천(지방) 합류점
한강,하구암천,한강,1021220,지방,충북,충주,가금,하구암리,충북,충주,가금,한강(국가) 합류점
한강,대전천,한강,1021230,지방,충북,충주,동랑,대전리,충북,충주,금가,한강(국가) 합류점
한강,영덕천,한강,1021240,지방,충북,충주,산척,영덕리,충북,충주,엄정,한강(국가) 합류점
한강,송강천,한강,1021250,지방,충북,충주,산척,송강리,충북,충주,산척,영덕천(지방) 합류점
한강,원곡천,한강,1021260,지방,충북,충주,엄정,원곡리,충북,충주,엄정,영덕천(지방) 합류점
한강,구룡천,한강,1021270,지방,충북,충주,소태,구룡리,충북,충주,소태,한강(국가) 합류점
한강,오량천,한강,1021280,지방,충북,충주,소태,오량리 341-2도,충북,충주,소태,한강(국가) 합류점
한강,한포천,한강,1021290,지방,충북,충주,노은,대덕리,충북,충주,중앙탑,한강(국가) 합류점
한강,앙성천,한강,1021300,지방,충북,충주,앙성,지당리,충북,충주,앙성,한포천(지방) 합류점
한강,운계천,한강,1021310,지방,강원,원주,귀래,운계리 칠통곡,강원,원주,부론,한강(국가) 합류점
한강,법천천,한강,1021320,지방,강원,원주,부론,손곡저수지,강원,원주,부론,한강(국가) 합류점
한강,계천,한강,1021340,지방,강원,횡성,청일,신대리 79-6 가마골천(소)합류점,강원,횡성,횡성,섬강(국가) 합류점
한강,구사천,한강,1021350,지방,강원,횡성,갑천,상대리 385 버덩말천(소) 합류점,강원,횡성,청일,계천(지방) 합류점
한강,유동천,한강,1021360,지방,강원,횡성,청일,속실리 136-2 봉막천(소) 합류점,강원,횡성,청일,계천(지방) 합류점
한강,대관대천,한강,1021370,지방,강원,횡성,갑천,병지방리 54-1 장승천(소) 합류점,강원,횡성,갑천,계천(지방) 합류점
한강,금계천,한강,1021380,지방,강원,홍천,동면,노천리 산46 가랫골천(소) 합류점,강원,횡성,공근,섬강(국가) 합류점
한강,창봉천,한강,1021390,지방,강원,횡성,공근,상창봉리 274 지오리천(소) 합류점,강원,횡성,공근,금계천(지방) 합류점
한강,초원천,한강,1021400,지방,강원,횡성,공근,초원리 산1 무명교6 지점,강원,횡성,공근,금계천(지방) 합류점
한강,전천,한강,1021410,지방,강원,횡성,우천,하궁리 160-6 하궁저수지 지점,강원,횡성,횡성,섬강(국가) 합류점
한강,대미원천,한강,1021420,지방,강원,횡성,우천,오원리 502 오원저수지 지점,강원,횡성,우천,전천(지방) 합류점
한강,하수남천,한강,1021430,지방,강원,원주,소초,학곡리 산34,강원,횡성,우천,전천(지방) 합류점
한강,생운천,한강,1021440,지방,강원,횡성,횡성,교항리 60-21 이리실천(소) 합류점,강원,횡성,횡성,전천(지방) 합류점
한강,장양천,한강,1021450,지방,강원,원주,소초,수암리 125,강원,원주,소초,섬강(국가) 합류점
한강,옥산천,한강,1021460,지방,강원,원주,호저,고산리 80-5 고산저수지 지점,강원,원주,호저,섬강(국가) 합류점
한강,신촌천,한강,1021471,지방,강원,원주,판부,신촌리,강원,원주,관설,원주천(국가) 합류점
한강,화천,한강,1021480,지방,강원,원주,행구,거름터,강원,원주,반곡,원주천(국가) 합류점
한강,흥양천,한강,1021490,지방,강원,원주,소초,흥양리 상황골,강원,원주,태장,원주천(국가) 합류점
한강,일리천,한강,1021500,지방,강원,횡성,서원,유현리 밤골,강원,원주,호저,섬강(국가) 합류점
한강,이리천,한강,1021510,지방,강원,횡성,서원,유현리 수구대,강원,횡성,서원,섬강(국가) 합류점
한강,삼산천,한강,1021520,지방,강원,원주,지정,판대리 경기도계,강원,원주,지정,섬강(국가) 합류점
한강,석곡천,한강,1021530,지방,경기,양평,양동,금왕리,경기,양평,양동,삼산천(지방) 기점
한강,매월천,한강,1021540,지방,경기,양평,양동,매월리,경기,양평,양동,석곡천(지방) 합류점
한강,단석천,한강,1021550,지방,경기,양평,양동,단석리,경기,양평,양동,석곡천(지방) 합류점
한강,계정천,한강,1021560,지방,경기,양평,양동,계정리,경기,양평,양동,석곡천(지방) 합류점
한강,서곡천,한강,1021570,지방,강원,원주,판부,서곡리 용소골,강원,원주,문막,섬강(국가) 합류점
한강,매지천,한강,1021580,지방,강원,원주,흥업,매지리 개건너,강원,원주,흥업,서곡천(지방) 합류점
한강,대안천,한강,1021590,지방,강원,원주,흥업,대안리,강원,원주,흥업,서곡천(지방) 합류점
한강,궁촌천,한강,1021600,지방,강원,원주,흥업,귀래리 양안치,강원,원주,문막,섬강(국가) 합류점
한강,원심천,한강,1021610,지방,경기,여주,강천,도금리,강원,원주,문막,섬강(국가) 합류점
한강,부평천,한강,1021620,지방,경기,여주,강천,부평리,경기,여주,강천,부평리 섬강 합류부
한강,청미천,한강,1021630,지방,경기,용인 처인,원삼,미평리 529-2,경기,이천,장호원,청미천(국가) 기점
한강,미평천,한강,1021640,지방,경기,용인 처인,원삼,좌항리 710,경기,용인,가재월리,청미천(지방) 합류점
한강,가창천,한강,1021650,지방,경기,용인 처인,백암,가창리 1035,경기,용인,근곡리,청미천(지방) 합류점
한강,대덕천,한강,1021660,지방,경기,용인 처인,백암,박곡리 33-2,경기,용인,백암리,청미천(지방) 합류점
한강,용천천,한강,1021670,지방,경기,용인 처인,백암,용천리 901-1,경기,용인,장평리,청미천(지방) 합류점
한강,백봉천,한강,1021680,지방,경기,용인 처인,백암,백봉리 52-2,경기,용인,백봉리,청미천(지방) 합류점
한강,율곡천,한강,1021690,지방,경기,안성,삼죽,율곡리 428-3,경기,용인,장평리,청미천(지방) 합류점
한강,방초천,한강,1021700,지방,경기,안성,일죽,방초리 52-4,경기,안성,일죽,청미천(지방) 합류점
한강,죽산천,한강,1021710,지방,경기,안성,삼죽,덕산리 산72-1,경기,안성,일죽,청미천(지방) 합류점
한강,장계천,한강,1021720,지방,경기,안성,죽산,장계리 산118,경기,안성,일죽,죽산천(지방) 합류점
한강,용설천,한강,1021730,지방,경기,안성,일죽,용설리 산243-3,경기,안성,이죽,죽산천(지방) 합류점
한강,화곡천,한강,1021740,지방,경기,안성,일죽,화곡리 219,경기,안성,이죽,청미천(지방) 합류점
한강,화봉천,한강,1021750,지방,경기,안성,일죽,화봉리 718-4,경기,안성,이죽,청미천(지방) 합류점
한강,신흥천,한강,1021760,지방,경기,안성,일죽,신흥리 823,경기,안성,이죽,청미천(지방) 합류점
한강,장릉천,한강,1021770,지방,경기,이천,설성,장능리 406-2,경기,이천,설성,청미천(지방) 합류점
한강,석원천,한강,1021780,지방,충북,음성,금왕,구계리 456-1,경기,이천,율면,청미천(지방) 합류점
한강,석원천,한강,1021790,지방,충북,음성,금왕,구계리 456-1,경기,이천,율면,청미천(지방) 합류점
한강,금산천,한강,1021800,지방,경기,안성,일죽,금산리 105-2,경기,이천,율면,석원천(지방) 합류점
한강,전천,한강,1021810,지방,경기,이천,율,월포리 1125-3,경기,이천,율면,석원천(지방) 합류점
한강,제요천,한강,1021820,지방,경기,이천,설성,장능리 산 10-2,경기,이천,설성,청미천(지방) 합류점
한강,응천,한강,1021830,지방,충북,음성,금왕,용계리,충북,음성,감곡,"청미천(국가,지방 경계)합류점"
한강,진암천,한강,1021840,지방,경기,이천,장호원,진암리 565-6,경기,이천,장호원,청미천(국가) 합류점
한강,오갑천,한강,1021850,지방,충북,음성,감곡,오궁리,충북,음성,감곡,청미천(국가) 합류점
한강,설성천,한강,1021860,지방,경기,이천,장호원,선읍리 1050-3,경기,이천,장호원,청미천(국가) 합류점
한강,방추천,한강,1021870,지방,경기,이천,장호원,방추리 105,경기,이천,장호원,설성천(지방) 합류점
한강,이황천,한강,1021880,지방,경기,이천,장호원,이황리 465-4,경기,이천,장호원,설성천(지방) 합류점
한강,나래천,한강,1021890,지방,경기,이천,장호원,나래리 772-8,경기,이천,장호원,이황천(지방) 합류점
한강,백족천,한강,1021900,지방,경기,이천,장호원,진암리 488-4,경기,이천,장호원,설성천(지방) 합류점
한강,와현천,한강,1021910,지방,경기,이천,장호원,풍계리 1060-8,경기,이천,장호원,설성천(지방) 합류점
한강,관한천,한강,1021920,지방,경기,여주,점동,관한리 산1-30,경기,여주,점동,청미천(국가) 합류점
한강,삼승천,한강,1021930,지방,경기,여주,가남,연대리 94-2,경기,여주,점동,청미천(국가) 합류점
한강,금곡천,한강,1021940,지방,경기,여주,가남,연대리 489,경기,여주,점동,청미천(국가) 합류점
한강,연양천,한강,1021950,지방,경기,여주,여주,상거동 229번지,경기,여주,여흥,한강(국가) 합류점
한강,점봉천,한강,1021960,지방,경기,여주,점봉,점봉동 114번지,경기,여주,여흥,연양천(지방) 합류점
한강,간매천,한강,1021970,지방,경기,여주,강천,간매리 324번지,경기,여주,강천,한강(국가) 합류점
한강,걸은천,한강,1021980,지방,경기,여주,강천,걸은리 450-1번지,경기,여주,강천,간매천(지방) 합류점
한강,가정천,한강,1021990,지방,경기,여주,강천,걸은리 90-6번지,경기,여주,북내,한강(국가) 합류점
한강,금당천,한강,1022000,지방,경기,양평,지평,무왕리,경기,여주,북내,한강(국가) 합류점
한강,일신천,한강,1022010,지방,경기,양평,지평,일신리,경기,양평,지평,금당전(지방) 합류점
한강,완장천,한강,1022020,지방,경기,여주,북내,중암리,경기,여주,북내,금당전(지방) 합류점
한강,소양천,한강,1022030,지방,경기,여주,연라,연라동 737-2번지,경기,여주,중앙,한강(국가) 합류점
한강,오금천,한강,1022040,지방,경기,여주,오금,오금동 95-1번지,경기,여주,오학,한강(국가) 합류점
한강,한천,한강,1022050,지방,경기,여주,대신,상구리 200-1번지,경기,여주,대신,한강(국가) 합류점
한강,후포천,한강,1022060,지방,경기,여주,대신,후포리 150-2번지,경기,여주,대신,한강(국가) 합류점
한강,곡수천,한강,1022070,지방,경기,양평,지평,대평리,경기,여주,대신,한강(국가) 합류점
한강,계림천,한강,1022080,지방,경기,여주,대신,계림리,경기,여주,대신,곡수천(지방) 합류점
한강,장풍천,한강,1022090,지방,경기,여주,대신,장풍리,경기,여주,대신,곡수천(지방) 합류점
한강,양화천,한강,1022100,지방,경기,이천,설성,대죽리,경기,여주,흥천,한강(국가) 합류점
한강,송곡천,한강,1022110,지방,경기,이천,모가,송곡리,경기,이천,모가,양화천(지방) 합류점
한강,도리천,한강,1022120,지방,경기,이천,대월,도리,경기,이천,대월,양화천(지방) 합류점
한강,초지천,한강,1022130,지방,경기,이천,대월,대대리,경기,이천,대월,도리천(지방) 합류점
한강,해룡천,한강,1022140,지방,경기,이천,대월,대흥리,경기,이천,부발,양화천(지방) 합류점
한강,대흥천,한강,1022150,지방,경기,이천,대월,초지리,경기,이천,부발,해룡천(지방) 합류점
한강,대신천,한강,1022160,지방,경기,이천,설성,암산리,경기,여주,가남,양화천(지방) 합류점
한강,안금천,한강,1022170,지방,경기,여주,가남,안금리,경기,여주,가남,대신천(지방) 합류점
한강,매류천,한강,1022180,지방,경기,여주,세종대왕,오계리,경기,여주,세종대왕,양화천(지방) 합류점
한강,복하천,한강,1022190,지방,경기,용인 처인,양지면,추계리,경기,이천,호법,복하천(국가) 기점
한강,오천천,한강,1022200,지방,경기,이천,마장,관리,경기,이천,마장,복하천(지방) 합류점
한강,해월천,한강,1022210,지방,경기,이천,마장,해월리,경기,이천,마장,복하천(지방) 합류점
한강,매곡천,한강,1022220,지방,경기,이천,호법,매곡리,경기,이천,호법,복하천(지방) 합류점
한강,단천천,한강,1022230,지방,경기,이천,호법,단천리,경기,이천,호법,복하천(지방) 합류점
한강,동산천,한강,1022240,지방,경기,이천,호법,동산리,경기,이천,호법,복하천(지방) 합류점
한강,원두천,한강,1022250,지방,경기,이천,모가,진가리,경기,이천,단월,복하천(국가.지방 경계)합류점
한강,두미천,한강,1022260,지방,경기,이천,모가,두미리,경기,이천,모가,원두천(지방) 합류점
한강,장암천,한강,1022270,지방,경기,이천,마장,장암리,경기,이천,호법,복하천(국가) 합류점
한강,이치천,한강,1022280,지방,경기,이천,마장,이치리,경기,이천,마장,장암천(지방) 합류점
한강,장록천,한강,1022290,지방,경기,이천,고담,고담동,경기,이천,장록,복하천(국가) 합류점
한강,율현천,한강,1022300,지방,경기,이천,증일,증일동,경기,이천,진리,복하천(국가) 합류점
한강,중리천,한강,1022310,지방,경기,이천,관고,관고동,경기,이천,안흥,복하천(국가) 합류점
한강,신둔천,한강,1022320,지방,경기,이천,신둔,용면리,경기,이천,백사,복하천(국가) 합류점
한강,신대천,한강,1022330,지방,경기,이천,백사,신대리,경기,이천,신둔,신둔천(지방) 합류점
한강,죽당천,한강,1022340,지방,경기,이천,부발,죽당리,경기,이천,부발,복하천(국가) 합류점
한강,송말천,한강,1022350,지방,경기,이천,백사,송말리,경기,이천,흥천,복하천(국가) 합류점
한강,내사천,한강,1022360,지방,경기,여주,흥천,내사리,경기,여주,흥천,송말천(지방) 합류점
한강,계장천,한강,1022370,지방,경기,여주,금사,도곡리,경기,여주,흥천,한강(국가) 합류점
한강,신내천,한강,1022380,지방,경기,양평,개군,계전리 162-2번지 (신내새마을교),경기,여주,대신,송촌리 110번지 (천서교)
한강,금사천,한강,1022390,지방,경기,여주,금사,장흥리,경기,여주,금사,한강(국가) 합류점
한강,상호천,한강,1022400,지방,경기,여주,금사,상호리,경기,여주,금사,금사천(지방) 합류점
한강,소유천,한강,1022410,지방,경기,여주,금사,소유리,경기,여주,금사,금사천(지방) 합류점
한강,향리천,한강,1022420,지방,경기,양평,개군,자연리,경기,양평,개군,한강(국가) 합류점
한강,용담천,한강,1022430,지방,경기,여주,산북,상품리,경기,양평,강상,한강(국가) 합류점
한강,주어천,한강,1022440,지방,경기,여주,산북,주어리,경기,여주,산북,용담천(지방) 합류점
한강,세월천,한강,1022450,지방,경기,양평,강상,세월리,경기,양평,산북,용담천(지방) 합류점
한강,흑천,한강,1022460,지방,경기,양평,청운,도원리,경기,양평,양평,한강(국가) 합류점
한강,여물천,한강,1022470,지방,경기,양평,청운,여물리,경기,양평,청운,흑천(지방) 합류점
한강,용두천,한강,1022480,지방,경기,양평,청운,갈운리,경기,양평,청운,흑천(지방) 합류점
한강,갈운천,한강,1022490,지방,경기,양평,청운,갈운리,경기,양평,청운,용두천(지방) 합류점
한강,벗고개천,한강,1022500,지방,경기,양평,청운,가현리,경기,양평,청운,흑천(지방) 합류점
한강,덕수천,한강,1022510,지방,경기,양평,단월,덕수리,경기,양평,청운,흑천(지방) 합류점
한강,고송천,한강,1022520,지방,경기,양평,양동,고송리,경기,양평,단월,흑천(지방) 합류점
한강,부안천,한강,1022530,지방,경기,양평,단월,향소리 976,경기,양평,단월,부안리 315-2 흑천(지방) 합류점
한강,대왕천,한강,1022540,지방,경기,양평,단월,부안리,경기,양평,단월,부안천(지방) 합류점
한강,지평천,한강,1022550,지방,경기,양평,지평,지평리,경기,양평,지평,흑천(지방) 합류점
한강,월산천,한강,1022560,지방,경기,양평,지평,월산리,경기,양평,지평,지평천(지방) 합류점
한강,용문천,한강,1022570,지방,경기,양평,용문,신점리,경기,양평,용문,흑천(지방) 합류점
한강,중원천,한강,1022580,지방,경기,양평,용문,중원리,경기,양평,용문,용문천(지방) 합류점
한강,연수천,한강,1022590,지방,경기,양평,용문,연수리,경기,양평,용문,흑천(지방) 합류점
한강,삼성천,한강,1022600,지방,경기,양평,용문,화전리,경기,양평,용문,흑천(지방) 합류점
한강,도곡천,한강,1022610,지방,경기,양평,양평,도곡리,경기,양평,양평,한강(국가) 합류점
한강,양근천,한강,1022620,지방,경기,양평,양평,백안리,경기,양평,양평,양근리 한강 (국가) 합류점
한강,덕평천,한강,1022630,지방,경기,양평,양평,신애리(신애5교),경기,양평,양평,오빈리 한강 (국가)합류점
한강,사탄천,한강,1022640,지방,경기,양평,옥천,용천리,경기,양평,옥천,한강(국가) 합류점
한강,신복천,한강,1022650,지방,경기,양평,옥천,신복리,경기,양평,옥천,사탄천(지방) 합류점
한강,성덕천,한강,1022660,지방,경기,양평,강하,성덕리,경기,양평,강하,한강(국가) 합류점
한강,항금천,한강,1022670,지방,경기,양평,강하,항금리,경기,양평,강하,한강(국가) 합류점
한강,영동천,한강,1022680,지방,경기,광주,퇴촌,영동리,경기,양평,강하,항금천(지방) 합류점
한강,복포천,한강,1022690,지방,경기,양평,양서,청계리,경기,양평,양서,한강(국가) 합류점
한강,가정천,한강,1022700,지방,경기,양평,양서,목왕리,경기,양평,양서,한강(국가) 합류점
한강,서천,한강,1022730,지방,강원,양구,동,팔랑리 팔랑폭포,강원,양구,양구,양구서천(국가) 기점
한강,청리천,한강,1022740,지방,강원,양구,남,청리 산두평,강원,양구,남,서천(지방) 합류점
한강,창리천,한강,1022750,지방,강원,양구,남,도촌리외막골,강원,양구,남,서천(지방) 합류점
한강,구암천,한강,1022760,지방,강원,양구,남,구암리범치골,강원,양구,남,서천(지방) 합류점
한강,공리천,한강,1022770,지방,강원,양구,양구,공리 공리교,강원,양구,양구,서천(지방) 합류점
한강,한전천,한강,1022780,지방,강원,양구,양구,도사리 도사교,강원,양구,양구,양구서천(국가) 합류점
한강,군량천,한강,1022790,지방,강원,양구,양구,군량리 덕거리,강원,양구,양구,군량리 화천댐 저수구역
한강,수입천,한강,1022800,지방,강원,양구,방산,건솔리 휴전선,강원,양구,양구,상무룡리화첨댐 저수구역
한강,월명천,한강,1022810,지방,강원,양구,양구,월명리 샛골,강원,양구,양구,월명리 화천댐 저수구역
한강,간척천,한강,1022820,지방,강원,화천,간동,간척리음지촌,강원,화천,간동,북한강(국가) 합류점
한강,풍산천,한강,1022830,지방,강원,화천,화천,풍산리 풍산교,강원,화천,화천,북한강(국가) 합류점
한강,화천천,한강,1022840,지방,강원,화천,상서,마현리장평동,강원,화천,화천,북한강(국가) 합류점
한강,신읍천,한강,1022850,지방,강원,화천,화천,신읍리호계동,강원,화천,화천,화천천(지방) 합류점
한강,파포천,한강,1022860,지방,강원,화천,상서,봉오리하집실,강원,화천,화천,화천천(지방) 합류점
한강,다목천,한강,1022870,지방,강원,화천,상서,다목리늑동,강원,화천,상서,파포천(지방) 합류점
한강,구운천,한강,1022880,지방,강원,화천,상서,구운리하만산동,강원,화천,화천,파포천(지방) 합류점
한강,용암천,한강,1022890,지방,강원,화천,하남,용암리삼화3교,강원,화천,하남,북한강(국가) 합류점
한강,논미천,한강,1022900,지방,강원,화천,하남,안평리하추동,강원,화천,하남,북한강(국가) 합류점
한강,계성천,한강,1022910,지방,강원,화천,하남,계성리계성곡,강원,화천,하남,북한강(국가) 합류점
한강,지촌천,한강,1022920,지방,강원,화천,사내,광덕리검단동,강원,춘천,사북,북한강(국가) 합류점
한강,수밀천,한강,1022930,지방,강원,화천,사내,삼일리 소곡천(소) 합류점,강원,화천,사내,지촌천(지방) 합류점
한강,사창천,한강,1022940,지방,강원,화천,사내,명월리 상실내,강원,화천,사북,지촌천(지방) 합류점
한강,마평천,한강,1022950,지방,강원,춘천,사북,원평리새터,강원,춘천,사북,북한강(국가) 합류점
한강,지암천,한강,1022960,지방,강원,춘천,사북,지암리웃말,강원,춘천,서,북한강(국가) 합류점
한강,사평천,한강,1022970,지방,강원,춘천,사북,고성리 양지말천(小),강원,춘천,사북,고탄리 북한강 (국가)
한강,월송천,한강,1022980,지방,강원,춘천,서,서상리 서상저수지,강원,춘천,서,신매리 북한강 (국가)
한강,한계천,한강,1022990,지방,강원,춘천,신북,지내리 중리,강원,춘천,신동,북한강(국가) 합류점
한강,내린천,한강,1023010,지방,강원,홍천,내,광원리오대산,강원,인제,기린,소양강(지방) 기점
한강,계방천,한강,1023020,지방,강원,홍천,내,명개리조개동,강원,홍천,내,내린천(지방) 합류점
한강,자운천,한강,1023030,지방,강원,홍천,내,자운리도장골,강원,홍천,내,내린천(지방) 합류점
한강,조항천,한강,1023040,지방,강원,홍천,내,조항리청계동,강원,홍천,내,자운천(지방) 합류점
한강,방내천,한강,1023050,지방,강원,홍천,내,율전리 뱃재,강원,인제,상남,내린천(지방) 합류점
한강,상남천,한강,1023060,지방,강원,인제,상남,김부리백자동,강원,인제,상남,방내천(지방) 합류점
한강,방태천,한강,1023070,지방,강원,인제,기린,진동리쇠나드리,강원,인제,기린,소양강(지방) 합류점
한강,귀둔천,한강,1023080,지방,강원,인제,인제,귀둔리용수동,강원,인제,기린,소양강(지방) 합류점
한강,가리산천,한강,1023090,지방,강원,인제,인제,가리산리 안가리 산천 합류점,강원,인제,인제,소양강(지방) 합류점
한강,인북천,한강,1023100,지방,강원,인제,서화,가전리휴전선,강원,인제,인제,소양강(국가) 합류점
한강,서화천,한강,1023110,지방,강원,인제,서화,서화리동개동,강원,인제,서화,인북천(지방) 합류점
한강,가아천,한강,1023120,지방,강원,인제,인제,가아리용수곡,강원,인제,인제,인북천(지방) 합류점
한강,북천,한강,1023130,지방,강원,인제,북면,용대리용대교,강원,인제,북,인북천(지방) 합류점
한강,영실천,한강,1023140,지방,강원,인제,북면,용대리수림동,강원,인제,북,북천(지방) 합류점
한강,한계천,한강,1023150,지방,강원,인제,북면,한계리 대승폭포 합류점,강원,인제,북,북천(지방) 합류점
한강,우각천,한강,1023160,지방,강원,인제,상남,김부리 654-1 금부교,강원,인제,남,소양강(국가) 합류점
한강,정자천,한강,1023170,지방,강원,인제,남,정자리 37-2 매봉재천(소)합류점,강원,인제,남,우각천(지방) 합류점
한강,어론천,한강,1023180,지방,강원,인제,남,어론리 147 합류점,강원,인제,남,소양강(국가) 합류점
한강,두무천,한강,1023190,지방,강원,양구,남,두무리 401-6 합류점,강원,양구,남,소양강(국가) 합류점
한강,수산천,한강,1023200,지방,강원,인제,남,수산리 613,강원,인제,남,소양강(국가) 합류점
한강,추곡천,한강,1023210,지방,강원,춘천,북산,추곡리673-4상추곡 1천(소)합류점,강원,춘천,북산,소양강(국가) 합류점
한강,오항천,한강,1023220,지방,강원,춘천,북산,오항리 462-1,강원,춘천,북산,소양강(국가) 합류점
한강,조교천,한강,1023230,지방,강원,춘천,북산,조교리 산1-40,강원,춘천,북산,소양강(국가) 합류점
한강,물로천,한강,1023240,지방,강원,춘천,북산,물로리 85,강원,춘천,북산,소양강(국가) 합류점
한강,부귀천,한강,1023250,지방,강원,춘천,북산,부귀리 441,강원,춘천,북산,소양강(국가) 합류점
한강,품걸천,한강,1023260,지방,강원,춘천,동,품걸리 757,강원,춘천,동,소양강(국가) 합류점
한강,품안천,한강,1023270,지방,강원,춘천,동,상걸리 645,강원,춘천,동,소양강(국가) 합류점
한강,지내천,한강,1023280,지방,강원,춘천,동,감정리 570-4 독점골천(소)합류점,강원,춘천,동,소양강(국가) 합류점
한강,율문천,한강,1023290,지방,강원,춘천,신북,발산리 산8-28,강원,춘천,신북,소양강(국가) 합류점
한강,만천천,한강,1023300,지방,강원,춘천,동,만천리 207 굼벵이천(소)합류점,강원,춘천,후평,소양강(국가) 합류점
한강,금산천,한강,1023310,지방,강원,춘천,서,방동리 1053번 일원,강원,춘천,서,북한강(국가) 합류점
한강,방동천,한강,1023320,지방,강원,춘천,서,방동리하방동 장문안골천(小),강원,춘천,서,금산천(지방) 합류점
한강,공지천,한강,1023330,지방,강원,춘천,석사,학곡천 합류점,강원,춘천,삼천,북한강(국가) 합류점
한강,학곡천,한강,1023340,지방,강원,춘천,동내,사암리 신학곡천(小),강원,춘천,석사,공지천(지방) 합류점
한강,신촌천,한강,1023350,지방,강원,춘천,동내,거두리 방아재골천(小),강원,춘천,석사,공지천(지방) 합류점
한강,퇴계천,한강,1023360,지방,강원,춘천,신동,정족리 소바리골천(小),강원,춘천,퇴계,공지천(지방) 합류점
한강,덕두원천,한강,1023370,지방,강원,춘천,서,덕두원리 독가동천(小),강원,춘천,서,북한강(국가) 합류점
한강,팔미천,한강,1023380,지방,강원,춘천,동산,원창저수지 하류,강원,춘천,신동,북한강(국가) 합류점
한강,강촌천,한강,1023390,지방,강원,춘천,남산,수동리 나가지천(小),강원,춘천,남산,북한강(국가) 합류점
한강,서사천,한강,1023400,지방,강원,춘천,남산,백양리 백양천(小),강원,춘천,남산,북한강(국가) 합류점
한강,가평천,한강,1023410,지방,경기,가평,북,적목리,경기,가평,가평,북한강(국가) 합류점
한강,도마천,한강,1023420,지방,경기,가평,북,적목리,경기,가평,북,가평천(지방) 합류점
한강,석룡천,한강,1023430,지방,경기,가평,북,적목리,경기,가평,북,도마천(지방) 합류점
한강,명지천,한강,1023440,지방,경기,가평,북,도대리,경기,가평,북,가평천(지방) 합류점
한강,백둔천,한강,1023450,지방,경기,가평,북,백둔리,경기,가평,북,가평천(지방) 합류점
한강,화악천,한강,1023460,지방,경기,가평,북,화악리,경기,가평,북,가평천(지방) 합류점
한강,홍적천,한강,1023470,지방,경기,가평,북,화악리,경기,가평,북,화악천(지방) 합류점
한강,경덕천,한강,1023480,지방,경기,가평,북,목동리,경기,가평,북,화악천(지방) 합류점
한강,소법천,한강,1023490,지방,경기,가평,북,소법리,경기,가평,북,화악천(지방) 합류점
한강,개곡천,한강,1023500,지방,경기,가평,가평,개곡리,경기,가평,가평,가평천(지방) 합류점
한강,마장천,한강,1023510,지방,경기,가평,가평,마장리,경기,가평,가평,가평천(지방) 합류점
한강,승안천,한강,1023520,지방,경기,가평,가평,승안리,경기,가평,가평,가평천(지방) 합류점
한강,경반천,한강,1023530,지방,경기,가평,가평,경안리,경기,가평,가평,승안천(지방) 합류점
한강,달전천,한강,1023540,지방,경기,가평,가평,두밀리 656번지,경기,가평,가평,달전리 북한강(국가) 합류점
한강,두밀천,한강,1023550,지방,경기,가평,가평,두밀리 772-2번지,경기,가평,가평,두밀리 달전천(지방) 합류점
한강,이화천,한강,1023560,지방,경기,가평,가평,이화리 153-2번지,경기,가평,가평,북한강(국가) 합류점
한강,산유천,한강,1023570,지방,경기,가평,가평,산유리 814번지,경기,가평,가평,북한강(국가) 합류점
한강,장남천,한강,1023590,지방,강원,홍천,두촌,장남리 큰골천(소) 합류점,강원,홍천,두촌,자은리 홍천강(국가) 합류점
한강,삼거천,한강,1023600,지방,강원,홍천,두촌,원동리 원동2교 지점,강원,홍천,두촌,원동리 홍천강(국가) 합류점
한강,평천,한강,1023610,지방,강원,홍천,두촌,천현리 큰장구실골 합류점,강원,홍천,두촌,역내리 홍천강(국가) 합류점
한강,내촌천,한강,1023620,지방,강원,홍천,서석,검산리 생곡천(소) 합류점,강원,홍천,두촌,철정리 홍천강(국가) 합류점
한강,청량천,한강,1023630,지방,강원,홍천,서석,검산리 봉막골천(소) 합류점,강원,홍천,서석,풍암리 내촌천(지방) 합류점
한강,수하천,한강,1023640,지방,강원,홍천,내촌,와야리 산12-9,강원,홍천,내촌,수하리 내촌천(지방) 합류점
한강,성산천,한강,1023650,지방,강원,홍천,화촌,야시대리 큰들골교 지점,강원,홍천,화촌,성산리 홍천강(국가) 합류점
한강,군업천,한강,1023660,지방,강원,홍천,화촌,군업리 92,강원,홍천,화촌,외삼포리 홍천강(국가) 합류점
한강,풍천,한강,1023670,지방,강원,홍천,화촌,구성포리 작은도심보 지점,강원,홍천,화촌,구성포리 홍천강(국가) 합류점
한강,덕치천,한강,1023680,지방,강원,홍천,동,노천리 부목재좌천(소) 합류점,강원,홍천,홍천,검율리 홍천강(국가) 합류점
한강,성수천,한강,1023690,지방,강원,홍천,동,속초리 적봉천(소) 합류점,강원,홍천,동,덕치리 덕치천(지방) 합류점
한강,개운천,한강,1023700,지방,강원,홍천,동,월운리 월운교 지점,강원,홍천,동,성수리 성수천(지방) 합류점
한강,장전평천,한강,1023710,지방,강원,홍천,홍천,삼마치리,강원,홍천,홍천,홍천강(국가) 합류점
한강,오안천,한강,1023720,지방,강원,홍천,홍천,삼마치리,강원,홍천,홍천,홍천강(국가) 합류점
한강,성동천,한강,1023730,지방,강원,홍천,북방,북방리,강원,홍천,북방,홍천강(국가) 합류점
한강,간성천,한강,1023740,지방,강원,홍천,북방,성동리,강원,홍천,북방,성동천(지방) 합류점
한강,부사원천,한강,1023750,지방,강원,홍천,북방,부사원리,강원,홍천,북방,성동천(지방) 합류점
한강,굴지천,한강,1023760,지방,강원,춘천,동산,봉평리,강원,홍천,북방,홍천강(국가) 합류점
한강,전치곡천,한강,1023770,지방,강원,홍천,북방,역전평리,강원,홍천,북방,굴지천(지방) 합류점
한강,본궁천,한강,1023780,지방,강원,홍천,북방,본궁리,강원,홍천,북방,굴지천(지방) 합류점
한강,양덕원천,한강,1023790,지방,강원,홍천,남,유치리,강원,홍천,남,홍천강(국가) 합류점
한강,팔봉천,한강,1023800,지방,강원,홍천,서,팔봉리,강원,홍천,서,홍천강(국가) 합류점
한강,구만천,한강,1023810,지방,강원,춘천,동산,군자리,강원,홍천,서,홍천강(국가) 합류점
한강,두미천,한강,1023820,지방,강원,홍천,남,두미리,강원,홍천,서,홍천강(국가) 합류점
한강,중방대천,한강,1023830,지방,강원,홍천,서,중방대리,강원,홍천,서,홍천강(국가) 합류점
한강,명성천,한강,1023840,지방,경기,양평,단월,명성리 143-4,강원,홍천,서,중방대천(지방) 기점
한강,산음천,한강,1023850,지방,경기,양평,단월,산음리 664,경기,양평,단월,중방대천 (지방) 합류점
한강,석산천,한강,1023860,지방,경기,양평,단월,석산리395,경기,양평,단월,산음천(지방) 합류점
한강,길곡천,한강,1023870,지방,강원,홍천,서,길곡리,강원,홍천,서,홍천강(국가) 합류점
한강,동막천,한강,1023880,지방,강원,홍천,서,동막리,강원,홍천,서,길곡천(지방) 합류점
한강,추곡천,한강,1023890,지방,강원,춘천,남,추곡리,강원,춘천,남,홍천강(국가) 합류점
한강,가정천,한강,1023900,지방,강원,춘천,남,가정리,강원,춘천,남,홍천강(국가) 합류점
한강,미사천,한강,1023910,지방,경기,가평,설악,미사리 659,경기,가평,설악,홍천강(국가) 합류점
한강,송산천,한강,1023920,지방,경기,가평,설악,송산리 1430번지,경기,가평,설악,북한강(국가) 합류점
한강,미원천,한강,1023930,지방,경기,가평,설악,묵안리,경기,가평,설악,북한강(국가) 합류점
한강,설곡천,한강,1023940,지방,경기,가평,설악,설곡리,경기,가평,설악,미원천(지방) 합류점
한강,창의천,한강,1023950,지방,경기,가평,설악,위곡리,경기,가평,설악,미원천(지방) 합류점
한강,조종천,한강,1023960,지방,경기,가평,조종,상판리,경기,가평,펑평,북한강(국가) 합류점
한강,계청천,한강,1023970,지방,경기,가평,조종,운악리,경기,가평,조종,조종천(지방) 합류점
한강,마일천,한강,1023980,지방,경기,가평,조종,마일리,경기,가평,조종,조종천(지방) 합류점
한강,세곡천,한강,1023990,지방,경기,가평,조종,신상리,경기,가평,조종,조종천(지방) 합류점
한강,십이탄천,한강,1024000,지방,경기,가평,상,율길리,경기,가평,상,조종천(지방) 합류점
한강,봉수천,한강,1024010,지방,경기,가평,상,봉수리,경기,가평,상,십이탄천(지방) 합류점
한강,상동천,한강,1024020,지방,경기,가평,상,상동리,경기,가평,상,십이탄천(지방) 합류점
한강,임초천,한강,1024030,지방,경기,가평,상,임초리,경기,가평,상,조종천(지방) 합류점
한강,행현천,한강,1024040,지방,경기,가평,상,행현리,경기,가평,상,임초천(지방) 합류점
한강,상천천,한강,1024050,지방,경기,가평,청평,상천리,경기,가평,청평,조종천(지방) 합류점
한강,수리천,한강,1024060,지방,경기,가평,청평,상천리,경기,가평,청평,상천천(지방) 합류점
한강,구운천,한강,1024070,지방,경기,남양주,수동,수산리,경기,가평,청평,북한강(국가) 합류점
한강,수산천,한강,1024080,지방,경기,남양주,수동,수산리,경기,남양주,수동,구운천(지방) 합류점
한강,지둔천,한강,1024090,지방,경기,남양주,수동,지둔리,경기,남양주,수동,구운천(지방) 합류점
한강,외방천,한강,1024100,지방,경기,남양주,수동,외방리,경기,남양주,수동,구운천(지방) 합류점
한강,가곡천,한강,1024110,지방,경기,남양주,화도,가곡리,경기,남양주,수동,구운천(지방) 합류점
한강,신기천,한강,1024120,지방,경기,남양주,화도,구암리,경기,남양주,화도,북한강(국가) 합류점
한강,벽계천,한강,1024130,지방,경기,양평,옥천,용천리,경기,양평,서종,북한강(국가) 합류점
한강,가일천,한강,1024140,지방,경기,양평,옥천,용천리,경기,가평,설악,벽계천(지방) 합류점
한강,명달천,한강,1024150,지방,경기,양평,서종,명달리(송정교),경기,양평,서종,명달리 벽계천 (지방) 합류점
한강,미세천,한강,1024160,지방,경기,양평,서종,수입리(수입3교),경기,양평,서종,수입리 벽계천 (지방) 합류점
한강,월산천,한강,1024170,지방,경기,남양주,화도,월산리 395-4,경기,남양주,화도,금남리 160-2
한강,묵현천,한강,1024180,지방,경기,남양주,화도,묵현리 504-1,경기,남양주,화도,금남리 563-1
한강,마석우천,한강,1024190,지방,경기,남양주,화도,묵현리 140-2,경기,남양주,화도,창현리 372-1
한강,맹동천,한강,1024200,지방,경기,남양주,화도,차산리 391-5,경기,남양주,화도,차산리 38-7
한강,문호천,한강,1024210,지방,경기,양평,서종,정배리,경기,양평,서종,북한강(국가) 합류점
한강,서후천,한강,1024220,지방,경기,양평,서종,서후리,경기,양평,서종,문호천(지방) 합류점
한강,아양천,한강,1024230,지방,경기,남양주,와부,삼봉리 105-1번지,경기,남양주,조안,북한강(국가) 합류점
한강,삼봉천,한강,1024240,지방,경기,남양주,조안,삼봉리 747-1번지,경기,남양주,조안,북한강(국가) 합류점
한강,시우천,한강,1024250,지방,경기,남양주,조안,시우리 산71-1번지,경기,남양주,조안,북한강(국가) 합류점
한강,진중천,한강,1024260,지방,경기,남양주,조안,진중리 578-1번지,경기,남양주,화도,북한강(국가) 합류점
한강,조안천,한강,1024270,지방,경기,남양주,조안,조안리 877-1번지,경기,남양주,조안,북한강(국가) 합류점
한강,정암천,한강,1024280,지방,경기,광주,남종,귀여리 (귀여새마을2교),경기,광주,남종,귀여리 한강 (국가) 합류점
한강,경안천,한강,1024290,지방,경기,용인 처인,호,호동 용해곡천(소)합류점,경기,광주,오포,경안천(국가) 기점
한강,금학천,한강,1024300,지방,경기,용인 처인,삼가,삼가동 궁촌천(소) 합류점,경기,용인 처인,김량장동,경안천(지방) 합류점
한강,양지천,한강,1024310,지방,경기,용인 처인,양지면,양지리 서촌천(소)합류점,경기,용인 처인,고림동,경안천(지방) 합류점
한강,남곡천,한강,1024320,지방,경기,용인 처인,양지면,남곡리,경기,용인 처인,고림동,양지천(지방) 합류점
한강,대대천,한강,1024330,지방,경기,용인 처인,양지면,대대리,경기,용인 처인,고림동,경안천(지방) 합류점
한강,주북천,한강,1024340,지방,경기,용인 처인,양지면,주북리,경기,용인 처인,고림동,대대천(지방) 합류점
한강,금어천,한강,1024350,지방,경기,용인 처인,포곡읍,금어리,경기,용인 처인,둔전리,경안천(지방) 합류점
한강,영문천,한강,1024360,지방,경기,용인 처인,포곡읍,마성리,경기,용인 처인,영문리,경안천(지방) 합류점
한강,신대천,한강,1024370,지방,경기,용인 처인,포곡읍,가실리,경기,용인 처인,전대리,경안천(지방) 합류점
한강,유운천,한강,1024380,지방,경기,용인 처인,포곡읍,유운리,경기,용인 처인,유운리,경안천(지방) 합류점
한강,신원천,한강,1024390,지방,경기,용인 처인,포곡읍,신원리,경기,용인 처인,포곡,경안천(지방) 합류점
한강,초하천,한강,1024400,지방,경기,용인 처인,모현읍,초부리,경기,용인 처인,초부리,경안천(지방) 합류점
한강,상미천,한강,1024410,지방,경기,용인 처인,모현읍,초부리,경기,용인 처인,초부리,경안천(지방) 합류점
한강,오산천,한강,1024420,지방,경기,용인 처인,모현읍,오산리,경기,용인 처인,일산리,경안천(지방) 합류점
한강,능원천,한강,1024430,지방,경기,용인 처인,모현읍,능원리,경기,용인 처인,능원리,경안천(지방) 합류점
한강,신현천,한강,1024440,지방,경기,광주,오포,신현리,경기,용인,모현,오산천(지방) 합류점
한강,매산천,한강,1024450,지방,경기,용인 처인,모현,매산리,경기,용인 처인,모현,오산천(지방) 합류점
한강,고산천,한강,1024460,지방,경기,광주,오포,고산리,경기,광주,오포,경안천(국가) 합류점
한강,직리천,한강,1024470,지방,경기,광주,직,직동,경기,광주,태전,중대천(지방) 합류점
한강,목리천,한강,1024480,지방,경기,광주,목,목동,경기,광주,태전,직리천(지방) 합류점
한강,중대천,한강,1024490,지방,경기,광주,삼,삼동,경기,광주,장지,경안천(국가) 합류점
한강,목현천,한강,1024500,지방,경기,광주,목현,목현동,경기,광주,경안,경안천(국가) 합류점
한강,벌원천,한강,1024510,지방,경기,광주,탄벌,탄벌동,경기,광주,탄벌,목현천(지방) 합류점
한강,곤지암천,한강,1024520,지방,경기,광주,실촌,건업리,경기,광주,초월,경안천(국가) 합류점
한강,상오향천,한강,1024530,지방,경기,광주,실촌,오향리,경기,광주,실촌,곤지암천(지방) 합류점
한강,상열미천,한강,1024540,지방,경기,광주,실촌,열미리,경기,광주,실촌,곤지암천(지방) 합류점
한강,신촌천,한강,1024550,지방,경기,광주,실촌,신촌리,경기,광주,실촌,곤지암천(지방) 합류점
한강,노곡천,한강,1024560,지방,경기,용인 처인,양지,정수리,경기,광주,실촌,곤지암천(지방) 합류점
한강,유정천,한강,1024570,지방,경기,광주,도척,유정리,경기,광주,도척,노곡천(지방) 합류점
한강,진우천,한강,1024580,지방,경기,광주,도척,진우리,경기,광주,도척,노곡천(지방) 합류점
한강,궁평천,한강,1024590,지방,경기,광주,도척,궁평리,경기,광주,도척,노곡천(지방) 합류점
한강,산이천,한강,1024600,지방,경기,광주,초월,산이리,경기,광주,초월,곤지암천(지방) 합류점
한강,학동천,한강,1024610,지방,경기,광주,초월,학동리,경기,광주,초월,곤지암천(지방) 합류점
한강,신월천,한강,1024620,지방,경기,광주,초월,신월리,경기,광주,초월,경안천(국가) 합류점
한강,무갑천,한강,1024630,지방,경기,광주,초월,무갑리,경기,광주,초월,경안천(국가) 합류점
한강,번천,한강,1024640,지방,경기,광주,중부,검복리,경기,광주,중부,경안천(국가) 합류점
한강,엄미천,한강,1024650,지방,경기,광주,중부,엄미리,경기,광주,중부,번천(지방) 합류점
한강,우산천,한강,1024660,지방,경기,광주,퇴촌,우산리,경기,광주,퇴촌,경안천(국가) 합류점
한강,산곡천,한강,1024670,지방,경기,하남,상산곡,779,경기,하남,창우,한강(국가) 합류점
한강,덕풍천,한강,1024680,지방,경기,하남,상사창,산96-2,경기,하남,신장,한강(국가) 합류점
한강,궁촌천,한강,1024690,지방,경기,남양주,와부,도곡리 11-9,경기,남양주,와부,도곡리 1101-8
한강,월문천,한강,1024700,지방,경기,남양주,와부,월문리 218-1 묘적교,경기,남양주,와부,덕소리 한강(국가)합류점
한강,홍릉천,한강,1024710,지방,경기,남양주,금곡,433-17 복개도로,경기,남양주,삼패,한강(국가) 합류점
한강,일패천,한강,1024720,지방,경기,남양주,진건,배양리 110-4,경기,남양주,일패,일패동 407-4
한강,율석천,한강,1024730,지방,경기,남양주,와부,율석리 18,경기,남양주,이패,431-1
한강,왕숙천,한강,1024740,지방,경기,포천,내촌,신팔리 산64-2번지 신팔천(소)지천합류점,경기,구리,토평,954번지 (한강합류점)
한강,진목천,한강,1024750,지방,경기,포천,내촌,진목리 218-5,경기,포천,내촌,내리 803-24
한강,엄현천,한강,1024760,지방,경기,포천,내촌,음현리 54번지 (엄현제14교),경기,남양주,진접,부평리514-1~523-6 번지 (왕숙천 합류점)
한강,진벌천,한강,1024770,지방,경기,남양주,진접,진벌리 53,경기,남양주,진접,부평리 517-30 왕숙천(지방) 합류점
한강,봉선사천,한강,1024780,지방,경기,포천,소흘,직동리 461번지 (평촌교),경기,남양주,진접,부평리산99-73~517-5 번지(왕숙천 합류점)
한강,금곡천,한강,1024790,지방,경기,남양주,진접,금곡리62-5 (금곡제4교),경기,남양주,진접,금곡리 산24~943-1 번지 (왕숙천 합류점)
한강,오남천,한강,1024800,지방,경기,남양주,오남,오남리 43-4번지,경기,남양주,진접,연평리 100-39번지 (왕숙천합류점)
한강,어람천,한강,1024810,지방,경기,남양주,오남,오남리 469-10번지,경기,남양주,오남,오남리 886-3번지 (오남천합류점)
한강,용정천,한강,1024820,지방,경기,남양주,진건,용정리 59-5번지 (지류합류점),경기,남양주,진건,신월리 산312-14번지(왕숙천 합류점)
한강,사능천,한강,1024830,지방,경기,미금,호평,호평동 171-10~ 평내동 660-15번지,경기,남양주,진건,신월리670~진관리967-33 번지(왕숙천 합류점)
한강,용암천,한강,1024840,지방,경기,남양주,별내,용암리,경기,구리,사노,왕숙천(지방) 합류점
한강,덕송천,한강,1024850,지방,경기,남양주,별내,덕송리,경기,남양주,별내,용암천(지방) 합류점
한강,갈매천,한강,1024860,지방,경기,구리,갈매,갈매동,경기,구리,갈매,용암천(지방) 합류점
한강,불암천,한강,1024870,지방,경기,남양주,별내,산84번지,경기,남양주,별내,갈매천(지방) 합류점
한강,고덕천,한강,1024880,지방,서울,강동,상일,425-7번지 서울시계,서울,강동,고덕,한강(국가) 합류점
한강,대사골천,한강,1024881,지방,서울,강동,상일,443-5,서울,강동,상일,"360-10, 고덕천 (지방)합류점"
한강,초이천,한강,1024890,지방,경기,하남,초이,초이동 442번 지선,경기,하남,초이,545
한강,망월천,한강,1024900,지방,경기,하남,풍산,284-5번지선,서울,강동,고덕,고덕천합류점 (고덕배수문)
한강,성내천,한강,1024910,지방,서울,송파,마천,277번지 (하남시 경계),서울,송파,신천,한강(국가) 합류점
한강,감이천,한강,1024920,지방,경기,하남,감북,감북동468 번지선,서울,송파,방이,89번지 성내천 (지방)합류점
한강,탄천,한강,1024930,지방,경기,용인 기흥,청덕동,BOX교,서울,송파,삼성,"111-24, 한강 (국가)합류점"
한강,마북천,한강,1024940,지방,경기,용인 기흥,마북동,마북동,경기,용인 기흥,마북동,탄천(지방) 합류점
한강,성복천,한강,1024950,지방,경기,용인 수지,성복동,410-14 성복24낙차공,경기,용인 수지,죽전동,탄천(지방) 합류점
한강,정평천,한강,1024960,지방,경기,용인 수지,신봉동,753-15,경기,용인 수지,풍덕천동,성복천(지방) 합류점
한강,동막천,한강,1024970,지방,경기,용인 수지,고기동,488 석운천(소) 합류점,경기,성남 분당,구미,탄천(지방) 합류점
한강,손곡천,한강,1024980,지방,경기,용인 수지,동천동,736,경기,용인 수지,동천동,동막천(지방) 합류점
한강,분당천,한강,1024990,지방,경기,성남 분당,분당,200-2 보도5교,경기,성남 분당,수내,탄천(지방) 합류점
한강,운중천,한강,1025000,지방,경기,성남 분당,운중,산86-8,경기,성남 분당,이매,탄천(지방) 합류점
한강,금토천,한강,1025010,지방,경기,성남,삼평,삼평동,경기,성남 분당,판교,운중천(지방) 합류점
한강,야탑천,한강,1025020,지방,경기,성남 분당,야탑,168-8 야탑1교(BOX) 종점,경기,성남 분당,야탑,탄천(지방) 합류점
한강,여수천,한강,1025030,지방,경기,성남 중원,갈현,갈현,경기,성남 분당,야탑,탄천(지방) 합류점
한강,상적천,한강,1025040,지방,경기,성남 수정,고등,527-17 상적6낙차공,경기,성남 수정,둔전,탄천(지방) 합류점
한강,세곡천,한강,1025050,지방,서울,서초,내곡,1-2583번지선,서울,강남,세곡,탄천(지방) 합류점
한강,양재천,한강,1025060,지방,경기,과천,별양,복개종점,서울,강남,대치,74-4 탄천 (지방)합류점
한강,막계천,한강,1025070,지방,경기,과천,막계,과천저수지 복개박스,경기,과천,과천,양재천(지방) 합류점
한강,여의천,한강,1025080,지방,서울,서초,신원,136-1번지선,서울,서초,양재,양재천(지방) 합류점
한강,중랑천,한강,1025090,지방,경기,양주,산북,산북동,경기,의정부,장암,중랑천(국가) 기점
한강,유양천,한강,1025100,지방,경기,양주,유양,유양리,경기,남양주,마전,중랑천(지방) 합류점
한강,광사천,한강,1025110,지방,경기,양주,광사,광사동,경기,남양주,마전,중랑천(지방) 합류점
한강,어둔천,한강,1025120,지방,경기,양주,어둔,어둔동,경기,양주,남방,중랑천(지방) 합류점
한강,부용천,한강,1025130,지방,경기,의정부,고산,고산동,경기,의정부,신곡,중랑천(지방) 합류점
한강,민락천,한강,1025140,지방,경기,의정부,민락,민락동,경기,의정부,민락,부용천(지방) 합류점
한강,백석천,한강,1025150,지방,경기,양주,백석,복지리,경기,의정부,의정부,중랑천(지방) 합류점
한강,회룡천,한강,1025160,지방,경기,의정부,호원,호원동,경기,의정부,호원,중랑천(지방) 합류점
한강,호원천,한강,1025170,지방,경기,의정부,호원,229-309번지선,경기,의정부,호원,중랑천(지방) 합류점
한강,도봉천,한강,1025180,지방,서울,도봉,도봉,"산89-1임, 산90임 번지",서울,도봉,도봉,중랑천(국가) 합류점
한강,방학천,한강,1025190,지방,서울,도봉,방학,587-2번지선,서울,도봉,방학,중랑천(국가) 합류점
한강,당현천,한강,1025200,지방,서울,노원,상계,"40-1, 308-2(중계)",서울,노원,상계,중랑천(국가) 합류점
한강,묵동천,한강,1025210,지방,서울,중랑,신내,71-37번지선,서울,노원,공릉,중랑천(국가) 합류점
한강,우이천,한강,1025220,지방,서울,도봉,우이,200번지선 (북한교),서울,노원,월계,중랑천(국가) 합류점
한강,대동천,한강,1025230,지방,서울,강북,수유,산74-1번지선,서울,강북,수유,우이천(지방) 합류점
한강,가오천,한강,1025240,지방,서울,강북,수유,산124번지선,서울,강북,수유,우이천(지방) 합류점
한강,화계천,한강,1025250,지방,서울,강북,수유,산127-1번,서울,강북,번,우이천(지방) 합류점
한강,면목천,한강,1025260,지방,서울,중랑,면목동,120-4번지선,서울,중랑,면목,중랑천(국가) 합류점
한강,청계천,한강,1025271,지방,서울,종로,서린,148번지,서울,성동,용답,중랑천(국가) 합류점
한강,성북천,한강,1025280,지방,서울,성북,성북,236번지선,서울,동대문,신설,청계천(지방) 합류점
한강,정릉천,한강,1025290,지방,서울,성북,정릉,산1-1번지선,서울,동대문,용두,청계천(지방) 합류점
한강,월곡천,한강,1025300,지방,서울,도봉,미아,837번지선,서울,성북,하월곡,정릉천(지방) 합류점
한강,전농천,한강,1025310,지방,서울,동대문,답십,신답육교 532-1번지선,서울,성동,송정,중랑천(국가) 합류점
한강,반포천,한강,1025320,지방,서울,서초,서초,1385번지선,서울,서초,반포,한강(국가) 합류점
한강,사당천,한강,1025330,지방,서울,관악,남현,산101-14,서울,서초,방배,반포천(지방) 합류점
한강,봉원천,한강,1025340,지방,서울,마포,노고산,31-123번지,서울,마포,신정,한강(국가) 합류점
한강,홍제천,한강,1025350,지방,서울,종로,평창,복개시점부,서울,마포,망원,한강(국가) 합류점
한강,불광천,한강,1025360,지방,서울,은평,불광,423-5번지,서울,마포,성산,홍제천(지방) 합류점
한강,녹번천,한강,1025370,지방,서울,은평,불광,산42-1번지선,서울,은평,역촌,불광천(지방) 합류점
한강,안양천,한강,1025380,지방,경기,의왕,왕곡,왕곡동 1번국도교,경기,안양 만안,안양,안양천(국가) 기점
한강,왕곡천,한강,1025390,지방,경기,의왕,왕곡,왕곡동,경기,의왕,고천,안양천(지방) 합류점
한강,오전천,한강,1025400,지방,경기,의왕,오전,오전동,경기,의왕,고천,안양천(지방) 합류점
한강,당정천,한강,1025410,지방,경기,군포,당정,당정동,경기,군포,금정,안양천(지방) 합류점
한강,산본천,한강,1025420,지방,경기,군포,산본,산본동,경기,군포,금정,안양천(지방) 합류점
한강,학의천,한강,1025430,지방,경기,의왕,학의,백운저수지 여수로,경기,안양 동안,비산,안양천(지방) 합류점
한강,청계천,한강,1025440,지방,경기,의왕,청계,청계동,경기,의왕,청계,학의천(지방) 합류점
한강,갈현천,한강,1025450,지방,경기,과천,갈현,국군통신사령부 정문,경기,안양 동안,관양,학의천(지방) 합류점
한강,수암천,한강,1025460,지방,경기,안양 만안,안양,안양동,경기,안양 만안,안양,안양천(지방) 합류점
한강,삼성천,한강,1025470,지방,경기,안양 만안,석수,석수동,경기,안양 만안,석수,안양천(국가) 합류점
한강,삼막천,한강,1025480,지방,경기,안양 만안,석수,석수동,경기,안양 만안,석수,삼성천(지방) 합류점
한강,시흥천,한강,1025490,지방,서울,금천,시흥,1016-16번,서울,금천,시흥,안양천(국가) 합류점
한강,가학천,한강,1025510,지방,경기,광명,가학,가학1천 합류점,경기,시흥,무지내,목감천(국가) 합류점
한강,계수천,한강,1025520,지방,경기,시흥,과림,과림저수지,경기,시흥,과림,목감천(국가) 합류점
한강,오류천,한강,1025530,지방,서울,구로,궁,252번지선,서울,구로,개봉,목감천(국가) 합류점
한강,도림천,한강,1025540,지방,서울,관악,신림,808-126번지선,서울,영등포,문래,안양천(국가) 합류점
한강,도림천지류2,한강,1025541,지방,서울,관악,신림,73-5번지선,서울,관악,신림,"808-413,도림천 (지방)합류점"
한강,봉천천,한강,1025550,지방,서울,관악,봉천,239-15번지,서울,관악,신림,도림천(지방) 합류점
한강,대방천,한강,1025560,지방,서울,동작,상도,34-43번지,서울,영등포,도림,도림천(지방) 합류점
한강,향동천,한강,1025570,지방,경기,고양 덕양,향동,향동동,경기,고양 덕양,덕은,한강(국가) 합류점
한강,창릉천,한강,1025580,지방,경기,고양 덕양,효자,신도리,경기,고양 덕양,강매,한강(국가) 합류점
한강,구파발천,한강,1025581,지방,서울,은평,진관,산 109-12,서울,은평,진관,창릉천(지방) 합류점
한강,북한천,한강,1025590,지방,경기,고양 덕양,북한,북한동,경기,은평,진관,창릉천(지방) 합류점
한강,순창천,한강,1025600,지방,경기,고양 덕양,용두,용두동,경기,고양 덕양,용두,창릉천(지방) 합류점
한강,성사천,한강,1025610,지방,경기,고양 덕양,성사,성사동,경기,고양 덕양,강매,창릉천(지방) 합류점
한강,대장천,한강,1025620,지방,경기,고양 덕양,주교,주교동,경기,고양 덕양,토당,신평유수지 합류점
한강,행신천,한강,1025630,지방,경기,고양 덕양,토당,토당동,경기,고양 덕양,토당,신평유수지 합류
한강,청천천,한강,1025650,지방,인천,부평,갈산,192번지,인천,부평,갈산,굴포천(지방) 합류점
한강,갈산천,한강,1025651,지방,인천,부평,갈산,174-3번지,인천,부평,갈산,굴포천(지방) 합류점
한강,계산천,한강,1025660,지방,인천,계양,용종,61-1번지선,인천,계양,병방,굴포천(지방) 합류점
한강,귤현천,한강,1025670,지방,인천,계양,귤현,43-5번지,인천,계양,귤현,방수로 합류점
한강,도촌천,한강,1025680,지방,경기,고양 일산,식사,식사동,경기,고양 덕양,토당,신평유수지 합류점
한강,계양천,한강,1025690,지방,인천,서구,목상,174번지,경기,김포,걸포,한강(국가) 합류점
한강,나진포천,한강,1025700,지방,인천,서구,마전,기점,경기,김포,걸포,계양천(지방) 합류점
한강,대곡천,한강,1025710,지방,인천,서,대곡,91번지,인천,서,대곡,나진포천(지방) 합류점
한강,봉성포천,한강,1025720,지방,경기,김포,양촌,마사리 제11새마을교,경기,김포,양촌,한강(국가) 합류점
한강,거물대천,한강,1025730,지방,경기,김포,통진,가현리 351-3번지,경기,김포,양촌,봉성포천(지방) 합류점
한강,가마지천,한강,1025740,지방,경기,김포,마산,마산동,경기,김포,양촌,봉성포천(지방) 합류점
한강,서암천,한강,1025750,지방,경기,김포,통진,고정리,경기,김포,통진,봉성포천(지방) 합류점
한강,수참천,한강,1025760,지방,경기,김포,하성,원산리,경기,김포,하성,봉성포천(지방) 합류점
한강,석모천,한강,1025770,지방,경기,김포,장기,장기동,경기,김포,양촌,봉성포천(지방) 합류점
한강,장월평천,한강,1025780,지방,경기,고양 일산,대화,대화동 대덕교 하류지점,경기,고양 일산,구산,한강(국가) 합류점
한강,가좌천,한강,1025790,지방,경기,파주,동패,동패동,경기,고양 일산서,덕이,장월평천(지방) 합류천
한강,국사천,한강,1025800,지방,경기,김포,하성,마곡리 76번지,경기,김포,하성,한강(국가) 합류점
한강,공릉천,한강,1025810,지방,경기,양주,장흥,부곡리,경기,고양 일산,지영,공릉천(국가) 합류점
한강,석현천,한강,1025820,지방,경기,양주,장흥,석현리,경기,양주,장흥,공릉천(지방) 합류점
한강,선유천,한강,1025830,지방,경기,고양 덕양,선유,선유동,경기,고양 덕양,선유,공릉천(지방) 합류점
한강,오금천,한강,1025840,지방,경기,고양 덕양,오금,오금동,경기,고양 덕양,신원,공릉천(지방) 합류점
한강,벽제천,한강,1025850,지방,경기,고양 덕양,벽제,벽제동,경기,고양 덕양,선유,공릉천(지방) 합류점
한강,대자천,한강,1025860,지방,경기,고양 덕양,대자,대자동,경기,고양 덕양,관산,공릉천(지방) 합류점
한강,원당천,한강,1025870,지방,경기,고양 덕양,원당,원당리,경기,고양 일산,사리현,공릉천(지방) 합류점
한강,고산천,한강,1025880,지방,경기,파주,광탄,용미리,경기,파주,금능,공릉천(국가) 합류점
한강,장진천,한강,1025890,지방,경기,고양 일산,성석,성석동,경기,파주,조리,공릉천(국가) 합류점
한강,문봉천,한강,1025900,지방,경기,고양 일산,문봉,문봉동,경기,고양 일산,성석,장진천(지방) 합류점
한강,소리천,한강,1025910,지방,경기,파주,교하,야당리,경기,파주,교하,공릉천(국가) 합류점
한강,금촌천,한강,1025920,지방,경기,파주,월롱,영태리 39-3번지,경기,파주,야동,공릉천(국가) 합류점
한강,삽교천,한강,1025930,지방,경기,파주,월롱,덕은리,경기,파주,야동,금촌천(지방) 합류점
한강,사포교천,한강,1025940,지방,경기,파주,검산,검산동,경기,파주,맥금,공릉천(국가) 합류점
한강,소위지천,한강,1025950,지방,경기,파주,맥금,맥금동,경기,파주,맥금,공릉천(국가) 합류점
한강,대위지천,한강,1025960,지방,경기,파주,탄현,법흥리,경기,파주,맥금,소위지천(지방) 합류점
한강,청룡두천,한강,1025970,지방,경기,파주,교하,목동리,경기,파주,탄현,공릉천(국가) 합류점
한강,흑석천,한강,1025990,지방,경기,연천,중,적접지역,경기,연천,중,임진강(국가) 합류점
한강,중사천,한강,1026000,지방,경기,연천,중,적접지역,경기,연천,중,임진강(국가) 합류점
한강,고잔천,한강,1026010,지방,경기,연천,왕징,적접지역,경기,연천,왕징,임진강(국가) 합류점
한강,마거천,한강,1026020,지방,경기,연천,중,마거리 616,경기,연천,중,삼곶리 766 임진강(국가) 합류점
한강,적거천,한강,1026030,지방,경기,연천,중,적거리 597-1,경기,연천,중,합수리 894-2 마거천(지방) 합류점
한강,안월천,한강,1026040,지방,경기,연천,왕징,강서리,경기,연천,왕징,임진강(국가) 합류점
한강,옥계천,한강,1026050,지방,경기,연천,연천,상리,경기,연천,군남,임진강(국가) 합류점
한강,차곡천,한강,1026060,지방,경기,연천,군남,삼거리,경기,연천,군남,임진강(국가) 합류점
한강,죽대천,한강,1026070,지방,경기,연천,군남,왕림리,경기,연천,군남,임진강(국가) 합류점
한강,황공천,한강,1026080,지방,경기,연천,미산,백석리,경기,연천,미산,임진강(국가) 합류점
한강,노동천,한강,1026090,지방,경기,연천,왕징,노동리,경기,연천,미산,황공천(지방) 합류점
한강,사곡천,한강,1026120,지방,강원,철원,근남,잠곡리 잠곡저수지,강원,철원,김화,화강(지방) 합류점
한강,와수천,한강,1026130,지방,강원,철원,서,자등리장명동,강원,철원,서,화강(지방) 합류점
한강,불당천,한강,1026140,지방,강원,철원,갈말,지경리 산39,강원,철원,갈말,화강(지방) 합류점
한강,대교천,한강,1026150,지방,강원,철원,철원,보양호,경기,포천,관인,한탄강(지방) 합류점
한강,초과천,한강,1026160,지방,경기,포천,관인,초과리 592천,경기,포천,관인,탄동리 대교천(지방) 합류점
한강,문혜천,한강,1026170,지방,강원,철원,갈말,문혜리 알파천 합류점,강원,철원,갈말,한탄강(지방) 합류점
한강,용화천,한강,1026180,지방,강원,철원,갈말,용화리 용화저수지,강원,철원,갈말,문혜천(지방) 합류점
한강,명성천,한강,1026190,지방,강원,철원,갈말,신철원리 느치골,강원,철원,갈말,용화천(지방) 합류점
한강,자일천,한강,1026200,지방,경기,포천,영북,자일리 337-7전,경기,포천,영북,한탄강(지방) 합류점
한강,부소천,한강,1026210,지방,경기,포천,영북,산정리 산105-2 산정호수 여수로,경기,포천,영북,한탄강(지방) 합류점
한강,건지천,한강,1026220,지방,경기,포천,관인,삼율리 28잡,경기,포천,관인,한탄강(지방) 합류점
한강,향로천,한강,1026230,지방,경기,포천,관인,중리 향로천7교,경기,포천,관인,건지천(지방) 합류점
한강,영평천,한강,1026240,지방,경기,포천,이동,도평리,경기,연천,청산,한탄강(지방) 합류점
한강,도평천,한강,1026250,지방,경기,포천,이동,도평리 560-1구,경기,포천,이동,영평천(지방) 합류점
한강,사직천,한강,1026260,지방,경기,포천,일동,사직리 54천,경기,포천,일동,영평천(지방) 합류점
한강,수입천,한강,1026270,지방,경기,포천,화현,화현리 231답,경기,포천,일동,영평천(지방) 합류점
한강,야미천,한강,1026280,지방,경기,포천,영북,야미리 59-1도,경기,포천,영중,영평천(지방) 합류점
한강,포천천,한강,1026290,지방,경기,포천,소흘,이동교리 632-1수,경기,포천,영중,영평천(지방) 합류점
한강,고모천,한강,1026300,지방,경기,포천,가산,고모리 631답,경기,포천,가산,포천천(지방) 합류점
한강,금현천,한강,1026310,지방,경기,포천,가산,금현리 461답,경기,포천,가산,포천천(지방) 합류점
한강,우금천,한강,1026320,지방,경기,포천,가산,우금리 691-10답,경기,포천,가산,포천천(지방) 합류점
한강,좌의천,한강,1026330,지방,경기,포천,군내,유교리 산5-5구,경기,포천,군내,포천천(지방) 합류점
한강,신읍천,한강,1026340,지방,경기,포천,신읍,524-8대,경기,포천,포천,포천천(지방) 합류점
한강,구읍천,한강,1026350,지방,경기,포천,군내,직두리 144대,경기,포천,군내,포천천(지방) 합류점
한강,명덕천,한강,1026360,지방,경기,포천,화현,명덕리 179-10전,경기,포천,신북,포천천(지방) 합류점
한강,운악천,한강,1026370,지방,경기,포천,화현,화현리 산208-3도,경기,포천,화현,명덕천(지방) 합류점
한강,길명천,한강,1026380,지방,경기,포천,화현,길명리 267-6도,경기,포천,일동,명덕천(지방) 합류점
한강,수일천,한강,1026390,지방,경기,포천,화현,금주리 430-1구,경기,포천,영중,명덕천(지방) 합류점
한강,외북천,한강,1026400,지방,경기,포천,신북,심곡리 764답,경기,포천,영중,영평천(지방) 합류점
한강,오가천,한강,1026410,지방,경기,포천,창수,운산리 산7-2임,경기,포천,창수,영평천(지방) 합류점
한강,추동천,한강,1026420,지방,경기,포천,창수,추동리 815-2천,경기,포천,창수,영평천(지방) 합류점
한강,신천,한강,1026430,지방,경기,양주,백석,복지리,경기,양주,남,신천(국가) 합류점
한강,홍죽천,한강,1026440,지방,경기,양주,백석,홍죽리,경기,남양주,백석,신천(지방) 합류점
한강,방성천,한강,1026450,지방,경기,양주,백석,방성리,경기,양주,백석,신천(지방) 합류점
한강,연곡천,한강,1026460,지방,경기,양주,백석,연곡리,경기,남양주,백석,신천(지방) 합류점
한강,우고천,한강,1026470,지방,경기,양주,광적,광석리,경기,양주,광적,신천(지방) 합류점
한강,석우천,한강,1026480,지방,경기,양주,광적,덕도리,경기,양주,광적,신천(지방) 합류점
한강,효촌천,한강,1026490,지방,경기,양주,남,두곡리,경기,양주,남,신천(지방) 합류점
한강,입암천,한강,1026500,지방,경기,양주,남,신암리,경기,양주,남,신천(국가) 합류점
한강,청담천,한강,1026510,지방,경기,양주,만송,330-15번지선,경기,양주,은현,용암리 241번지선
한강,덕계천,한강,1026520,지방,경기,양주,덕계,덕계동 598-13,경기,양주,회정,청담천(지방) 합류점
한강,회암천,한강,1026530,지방,경기,양주,율정,율정동 450-6,경기,양주,봉양,청담천(지방) 합류점
한강,상패천,한강,1026540,지방,경기,양주,남,황방리 443,경기,동두천,상패,신천(국가) 합류점
한강,동두천,한강,1026550,지방,경기,동두천,탑,탑동 207-3,경기,동두천,보산,신천(국가) 합류점
한강,수동천,한강,1026560,지방,경기,포천,신북,금동리,경기,연천,청산,신천(국가) 합류점
한강,갈월천,한강,1026570,지방,경기,포천,신북,갈월리,경기,포천,신북,수동천(지방) 합류점
한강,대전천,한강,1026580,지방,경기,연천,청산,대전리,경기,연천,청산,신천(국가) 합류점
한강,차탄천,한강,1026590,지방,경기,연천,신서,대광리 686-8천,경기,연천,전곡,한탄강(지방) 합류점
한강,마전천,한강,1026600,지방,경기,연천,신서,마전리 291전,경기,연천,신서,차탄천(지방) 합류점
한강,답곡천,한강,1026610,지방,경기,연천,신서,답곡리 731전,경기,연천,신서,마전천(지방) 합류점
한강,아미천,한강,1026620,지방,경기,연천,신서,내산리 366천,경기,연천,연천,차탄천(지방) 합류점
한강,양원천,한강,1026630,지방,경기,연천,전곡,양원리 250-1 (서편천 합류점),경기,연천,전곡,한탄강(지방) 합류점
한강,간파천,한강,1026640,지방,경기,연천,전곡,간파리,경기,파주,적성,임진강(국가) 합류점
한강,장현천,한강,1026650,지방,경기,파주,적성,장현리,경기,파주,적성,임진강(국가) 합류점
한강,사미천,한강,1026660,지방,경기,연천,백학,두현리,경기,연천,장남,임진강(국가) 합류점
한강,석장천,한강,1026670,지방,경기,연천,왕징,작동리,경기,연천,백학,임진강(국가) 합류점
한강,백령천,한강,1026680,지방,경기,연천,백학,백령리,경기,연천,백학,석장천(지방) 합류점
한강,가월천,한강,1026690,지방,경기,파주,적성,구읍리,경기,파주,적성,임진강(국가) 합류점
한강,설마천,한강,1026700,지방,경기,파주,적성,설마리,경기,파주,적성,임진강(국가) 합류점
한강,퇴골천,한강,1026710,지방,경기,파주,적성,마지리,경기,파주,적성,설마천(지방) 합류점
한강,눌노천,한강,1026720,지방,경기,파주,법원,직천리,경기,파주,파평,임진강(국가) 합류점
한강,답곡천,한강,1026730,지방,경기,파주,적성,자장리402-4번지 (자장4새마을교),경기,파주,파평,눌노리530번지 (눌노천합류점)
한강,두포천,한강,1026740,지방,경기,파주,법원,금곡리,경기,파주,파평,임진강(국가) 합류점
한강,운천천,한강,1026750,지방,경기,파주,문산,당동리,경기,파주,문산,임진강(국가) 합류점
한강,문산천,한강,1026760,지방,경기,양주,백석,기산리,경기,파주,광탄,창만리 문산천 (국가) 기점
한강,보광천,한강,1026770,지방,경기,파주,광탄,영장리,경기,파주,광탄,영장리 문산천 (지방) 합류점
한강,비암천,한강,1026780,지방,경기,양주,광적,우고리,경기,파주,광탄,방축리 문산천 (지방) 합류점
한강,분수천,한강,1026790,지방,경기,파주,광적,분수리,경기,파주,월롱,도내리 문산천 (국가) 합류점
한강,갈곡천,한강,1026800,지방,경기,파주,법원,갈곡리,경기,파주,파주,봉암리 문산천 (국가) 합류점
한강,삼방천,한강,1026810,지방,경기,파주,법원,삼방리,경기,파주,파주,연풍리 갈곡천 (지방) 합류점
한강,동문천,한강,1026820,지방,경기,파주,법원,동문리,경기,파주,문산,문산리 문산천 (국가) 합류점
한강,향양천,한강,1026830,지방,경기,파주,파주,향양리,경기,파주,파주,동문천(지방) 합류점
한강,만우천,한강,1026850,지방,경기,파주,월롱,덕은리,경기,파주,탄현,임진강(국가) 합류점
한강,양택천,한강,1026870,지방,경기,김포,하성,양택리,경기,김포,하성,한강(국가) 합류점
한강,개화천,한강,1026880,지방,경기,김포,월곶,개곡리,경기,김포,월곶,한강(국가) 합류점
