수계,홍수,특보,특보,홍수,,,,계획홍수위,,계획,수위표,제방고,,,,하폭
,특보,지점,지점,특보 수위,,,,,,홍수량,영점,,,,,(m)
,지점명,위치,및,,,,,,,(㎥/sec),표고,,,,,
,(하천명),,기준,,,,,,,,(El.m),,,,,
,,,수위,주의보,,경 보,,,,,,좌안,,우안,,
,,,고시일,수위표,해발,수위표,해발,수위표,해발,,,수위표,해발,수위표,해발,
,,,,기준,기준,기준,기준,기준,기준,,,기준,기준,기준,기준,
,,,,(m),(El.m),(m),(El.m),(m),(El.m),,,(m),(El.m),(m),(El.m),
한강,서울시,서울시,00.04.15,8.5,10.57,10.5,12.57,12.8,14.87,"37,000",2.07,15.93,18,16.43,18.5,"1,013"
,(한강대교),한강대교,,,,,,,,,,,,,,
,(한강),,,,,,,,,,,,,,,
,정선군,정선군,24.04.23,5.5,337.56,6.5,338.56,7.56,339.62,"3,669",332.06,8.88,340.94,8.88,340.94,-
,(남평대교),남평대교,,,,,,,,,,,,,,
,(한강),,,,,,,,,,,,,,,
,여주시,여주시,12.05.15,6,38.53,8,40.53,9.19,41.72,"16,070",32.53,14.6,47.13,14.59,47.12,502
,(여주대교),여주대교,,,,,,,,,,,,,,
,(한강),,,,,,,,,,,,,,,
,정선군,정선군,21.12.28,6.7,301.99,8.6,303.89,10.5,305.79,"4,934",295.29,15.52,310.81,15.5,310.79,340
,(정선제1교),정선제1교,,,,,,,,,,,,,,
,(한강),,,,,,,,,,,,,,,
,영월군,영월군,07.04.05,6.6,189.81,8.5,191.71,10.5,193.71,"5,656",183.21,13.8,197.01,13.8,197.01,260
,(영월대교),영월대교,,,,,,,,,,,,,,
,(한강),,,,,,,,,,,,,,,
평창강,평창군,평창군,18.04.09,5.6,293.07,7.2,294.67,8.8,296.27,"4,630",287.47,10.45,297.92,10.27,297.74,260
,(평창교),평창교,,,,,,,,,,,,,,
,(평창강),,,,,,,,,,,,,,,
주천강,영월군,영월군,21.05.04,5,245.56,6,246.56,6.79,247.35,"2,840",240.56,8.94,249.5,8.89,249.45,140
,(주천교),주천교,,,,,,,,,,,,,,
,(주천강),,,,,,,,,,,,,,,
,영월군,영월군,24.04.23,6.5,216.99,7.5,217.99,8,218.49,"2,955",210.49,13.55,224.04,11.85,222.34,-
,(신천교),신천교,,,,,,,,,,,,,,
,(주천강),,,,,,,,,,,,,,,
달천,괴산군,괴산군,19.04.18,6.2,92.99,7.1,93.89,8.5,95.29,"4,455",86.79,12.87,99.66,12.75,99.54,-
,(목도교),목도교,,,,,,,,,,,,,,
,(달천),,,,,,,,,,,,,,,
섬강,원주시,원주시,15.05.04,4.6,55.32,5.8,56.52,7.05,57.77,"7,220",50.72,9.77,60.49,9.81,60.53,537
,(문막교),문막교,,,,,,,,,,,,,,
,(섬강),,,,,,,,,,,,,,,
원주천,원주시,원주시,24.04.23,3,122.72,3.9,123.62,4.8,124.52,"1,190",119.72,5.79,125.51,5.79,125.51,113
,(원주교),원주교,,,,,,,,,,,,,,
,(원주천),,,,,,,,,,,,,,,
청미천,여주시,여주시,18.04.09,5.5,56.45,6.5,57.45,7.63,58.58,"2,755",50.95,8.49,59.44,9.38,60.33,-
,(원부교),원부교,,,,,,,,,,,,,,
,(청미천),,,,,,,,,,,,,,,
복하천,여주시,여주시,20.05.06,6.2,37.74,6.9,38.44,7.4,38.94,"2,170",31.54,9.96,41.5,9.29,40.83,-
,(흥천대교),흥천대교,,,,,,,,,,,,,,
,(복하천),,,,,,,,,,,,,,,
홍천강,홍천군,홍천군,17.05.02,5.3,125.03,6.4,126.13,7.35,127.08,"4,315",119.73,10.93,130.66,10.93,130.66,151
,(홍천교),홍천교,,,,,,,,,,,,,,
,(홍천강),,,,,,,,,,,,,,,
경안천,광주시,광주시,17.05.02,4,38.11,5,39.11,6.13,40.24,"2,340",34.11,8.99,43.1,9.29,43.4,179
,(경안교),경안교,,,,,,,,,,,,,,
,(경안천),,,,,,,,,,,,,,,
중랑천,서울시,서울시,07.04.05,5,14.17,6.5,15.67,7.89,17.06,"1,950",9.17,9.29,18.46,9.28,18.45,180
,(중랑교),중랑교,,,,,,,,,,,,,,
,(중랑천),,,,,,,,,,,,,,,
안양천,서울시,서울시,15.05.04,7,10,9,12,11,14,"1,800",3,13.1,16.1,12.9,15.9,270
,(오금교),오금교,,,,,,,,,,,,,,
,(안양천),,,,,,,,,,,,,,,
목감천,서울시,서울시,24.04.23,3.5,10.37,4.5,11.37,4.9,11.77,210,6.87,5.64,12.51,6.64,13.51,-
,(너부대교),너부대교,,,,,,,,,,,,,,
,(목감천),,,,,,,,,,,,,,,
임진강,연천군,연천군,24.04.23,8.3,25.26,10.8,27.76,13.3,30.26,"11,000",16.96,16.98,33.94,17.08,34.04,-
,(임진교),임진교,,,,,,,,,,,,,,
,(임진강),,,,,,,,,,,,,,,
,파주시,파주시,00.11.,11.5,16.93,13.5,18.93,16.5,21.93,"15,060",5.43,24.07,29.5,23.07,28.5,395
,(비룡대교),비룡대교,,,,,,,,,,,,,,
,(임진강),,,,,,,,,,,,,,,
한탄강,연천군,연천군,06.02.,9,27.31,11.6,29.91,14,32.31,"8,006",18.31,18.69,37,19.63,37.94,164
,(사랑교),사랑교,,,,,,,,,,,,,,
,(한탄강),,,,,,,,,,,,,,,
신천,동두천시,동두천시,24.04.23,4,61.03,5,62.03,6.46,63.49,"1,600",57.03,6.77,63.8,6.77,63.8,-
,(송천교),송천교,,,,,,,,,,,,,,
,(신천),,,,,,,,,,,,,,,
,연천군,연천군,24.04.23,4.8,32.23,5.5,32.93,6.65,34.08,"2,565",27.43,8.6,36.03,8.6,36.03,-
,(신천교),신천교,,,,,,,,,,,,,,
,(신천),,,,,,,,,,,,,,,
화강,철원군,철원군,24.04.23,5.5,198.84,7,200.34,8.6,201.94,"2,790",193.34,12.83,206.17,12.73,206.07,-
,(장수대교),장수대교,,,,,,,,,,,,,,
,(화강),,,,,,,,,,,,,,,
영평천,포천시,포천시,19.04.18,5.5,61.85,6.2,62.55,7.09,63.44,"3,440",56.35,9.19,65.54,9.32,65.67,191
,(영평교),영평교,,,,,,,,,,,,,,
,(영평천),,,,,,,,,,,,,,,
골지천,정선군,정선군,24.04.23,5.2,374.69,6.5,375.99,7.78,377.27,"2,599",369.49,12.16,381.65,12.67,382.16,-
,(제1여량교),제1여량교,,,,,,,,,,,,,,
,(골지천),,,,,,,,,,,,,,,
송천,정선군,정선군,24.04.23,4.9,379.59,6.4,381.09,8.1,382.79,"2,955",374.69,9.37,384.06,9.15,383.84,-
,(송천교),송천교,,,,,,,,,,,,,,
,(송천),,,,,,,,,,,,,,,
오대천,정선군,정선군,24.04.23,4,337.21,5,338.21,5.43,338.64,"2,240",333.21,11.1,344.31,10.79,344,-
,(나전교),나전교,,,,,,,,,,,,,,
,(오대천),,,,,,,,,,,,,,,
어천,정선군,정선군,24.04.23,5.4,318.95,6.1,319.65,6,319.55,"1,125",313.55,9.94,323.49,10.26,323.81,-
,(와평교),와평교,,,,,,,,,,,,,,
,(어천),,,,,,,,,,,,,,,
지장천,정선군,정선군,24.04.23,3,327.02,3.5,327.52,3.98,328,"1,005",324.02,5.97,329.99,5.97,329.99,-
,(낙동교),낙동교,,,,,,,,,,,,,,
,(지장천),,,,,,,,,,,,,,,
옥동천,영월군,영월군,24.04.23,4,187.97,4.6,188.57,6.91,190.88,"2,510",183.97,10.12,194.09,10.12,194.09,-
,(옥동교),옥동교,,,,,,,,,,,,,,
,(옥동천),,,,,,,,,,,,,,,
죽령천,단양군,단양군,24.04.23,4,144.9,5,145.9,5.74,146.64,"1,270",140.9,6.83,147.73,6.43,147.33,-
,(단양1교),단양1교,,,,,,,,,,,,,,
,(죽령천),,,,,,,,,,,,,,,
제천천,제천시,제천시,24.04.23,5.3,190.57,6.2,191.47,8.3,193.57,"2,030",185.27,8.43,193.7,8.43,193.7,-
,(구곡교),구곡교,,,,,,,,,,,,,,
,(제천천),,,,,,,,,,,,,,,
원서천,제천시,제천시,24.04.23,4,223.63,4.5,224.13,4.97,224.6,890,219.63,6.54,226.17,6.54,226.17,-
,(부수동교),부수동교,,,,,,,,,,,,,,
,(원서천),,,,,,,,,,,,,,,
쌍천,괴산군,괴산군,24.04.23,3,121.18,3.5,121.68,3.74,121.92,900,118.18,5.9,124.08,5.88,124.06,-
,(비도교),비도교,,,,,,,,,,,,,,
,(쌍천),,,,,,,,,,,,,,,
요도천,충주시,충주시,24.04.23,5,68.82,6,69.82,8.23,72.05,990,63.82,8.41,72.23,8.43,72.25,-
,(국원대교),국원대교,,,,,,,,,,,,,,
,(요도천),,,,,,,,,,,,,,,
응천,음성군,음성군,24.04.23,3.2,70.33,3.9,71.03,4.1,71.23,699,67.13,5.91,73.04,5.63,72.76,-
,(총천교),총천교,,,,,,,,,,,,,,
,(응천),,,,,,,,,,,,,,,
양화천,여주시,여주시,24.04.23,4.5,36.56,5.5,37.56,6.71,38.77,"1,395",32.06,9.58,41.64,9.58,41.64,-
,(율극교),율극교,,,,,,,,,,,,,,
,(양화천),,,,,,,,,,,,,,,
흑천,양평군,양평군,24.04.23,3.5,34.79,4,35.29,6.5,37.79,"2,475",31.29,6.89,38.18,6.89,38.18,-
,(흑천교),흑천교,,,,,,,,,,,,,,
,(흑천),,,,,,,,,,,,,,,
내린천,인제군,인제군,24.04.23,5.5,379.31,6.5,380.31,7.54,381.35,"2,330",373.81,15.81,389.62,12.41,386.22,-
,(왕성동교),왕성동교,,,,,,,,,,,,,,
,(내린천),,,,,,,,,,,,,,,
인북천,인제군,인제군,24.04.23,6.5,199.44,7.5,200.44,8.18,201.12,"4,320",192.94,10.61,203.55,10.65,203.59,-
,(리빙스턴교),리빙스턴교,,,,,,,,,,,,,,
,(인북천),,,,,,,,,,,,,,,
가평천,가평군,가평군,21.12.28,4,54.86,5,55.86,6.2,57.06,"2,444",50.86,8.7,59.56,8.91,59.77,140
,(가평교),가평교,,,,,,,,,,,,,,
,(가평천),,,,,,,,,,,,,,,
내촌천,홍천군,홍천군,24.04.23,3.5,188.24,4.6,189.34,5.5,190.24,"1,935",184.74,7.14,191.88,7.15,191.89,-
,(용선교),용선교,,,,,,,,,,,,,,
,(내촌천),,,,,,,,,,,,,,,
조종천,가평군,가평군,24.04.23,4.8,104.33,5.6,105.13,6.42,105.95,"1,464",99.53,8.71,108.24,9.4,108.93,-
,(대보교),대보교,,,,,,,,,,,,,,
,(조종천),,,,,,,,,,,,,,,
곤지암천,광주시,광주시,24.04.23,4.4,40.52,5.2,41.32,6.21,42.33,"1,170",36.12,9.44,45.56,9.31,45.43,-
,(섬뜰교),섬뜰교,,,,,,,,,,,,,,
,(곤지암천),,,,,,,,,,,,,,,
왕숙천,남양주시,남양주시,24.04.23,3,59.29,4,60.29,4.82,61.11,"1,385",56.29,6.29,62.58,6.46,62.75,-
,(부평교),부평교,,,,,,,,,,,,,,
,(왕숙천),,,,,,,,,,,,,,,
,남양주시,남양주시,07.04.05,3.9,25.25,4.5,25.85,5,26.35,"1,985",21.35,7.08,28.43,6.59,27.94,160
,(진관교),진관교,,,,,,,,,,,,,,
,(왕숙천),,,,,,,,,,,,,,,
,남양주시,남양주시,24.04.23,6,16.34,8,18.34,9.67,20.01,"2,470",10.34,11.56,21.9,11.56,21.9,-
,(왕숙교),왕숙교,,,,,,,,,,,,,,
,(왕숙천),,,,,,,,,,,,,,,
탄천,서울시,서울시,07.04.05,5.8,15.36,7.1,16.66,8.46,18.02,"1,686",9.56,10.58,20.14,10.54,20.1,176
,(대곡교),대곡교,,,,,,,,,,,,,,
,(탄천),,,,,,,,,,,,,,,
중랑천,의정부시,의정부시,24.04.23,5.1,38.16,6,39.06,6.52,39.58,"1,150",33.06,7.74,40.8,7.82,40.88,-
,(신곡교),신곡교,,,,,,,,,,,,,,
,(중랑천),,,,,,,,,,,,,,,
도림천,서울시,서울시,24.04.23,2.4,14.99,3.2,15.79,4,16.59,360,12.59,4.55,17.14,4.55,17.14,-
,(신대방1교),신대방1교,,,,,,,,,,,,,,
,(도림천),,,,,,,,,,,,,,,
공릉천,고양시,고양시,24.04.23,2.5,23.3,3,23.8,3.68,24.48,985,20.8,5.48,26.28,5.38,26.18,-
,(원당교),원당교,,,,,,,,,,,,,,
,(공릉천),,,,,,,,,,,,,,,
포천천,포천시,포천시,24.04.23,6.1,93.17,7.4,94.47,8.69,95.76,"1,250",87.07,9.74,96.81,9.67,96.74,-
,(포천대교),포천대교,,,,,,,,,,,,,,
,(포천천),,,,,,,,,,,,,,,
,포천시,포천시,24.04.23,4.5,65.82,5.5,66.82,6.36,67.68,"2,030",61.32,9.13,70.45,9.13,70.45,-
,(은현교),은현교,,,,,,,,,,,,,,
,(포천천),,,,,,,,,,,,,,,
차탄천,연천군,연천군,24.04.23,4.5,52.32,6.5,54.32,7.82,55.64,"2,015",47.82,9.47,57.29,9.47,57.29,-
,(차탄교),차탄교,,,,,,,,,,,,,,
,(차탄천),,,,,,,,,,,,,,,
문산천,파주시,파주시,24.04.23,4.9,25.32,5.4,25.82,6.25,26.67,"1,010",20.42,8.25,28.67,8.2,28.62,-
,(만장교),만장교,,,,,,,,,,,,,,
,(문산천),,,,,,,,,,,,,,,
안성천,평택시,평택시,03.06.07,6,6.13,7,7.13,7.85,7.98,"2,800",0.13,11.84,11.97,11.1,11.23,360
,(군문교),군문교,,,,,,,,,,,,,,
,(안성천),,,,,,,,,,,,,,,
진위천,평택시,평택시,00.04.15,7.5,7.22,8.5,8.22,10.09,9.81,"4,340",-0.28,13.32,13.04,13.32,13.04,320
,(동연교),동연교,,,,,,,,,,,,,,
,(진위천),,,,,,,,,,,,,,,
오산천,오산시,오산시,24.04.23,4.5,15.24,5.2,15.94,4.2,14.94,"1,180",10.74,9.53,20.27,9.53,20.27,-
,(탑동대교),탑동대교,,,,,,,,,,,,,,
,(오산천),,,,,,,,,,,,,,,
진위천,평택시,평택시,24.04.23,4.6,9.93,5.8,11.13,7.04,12.37,"1,205",5.33,10.48,15.81,10.48,15.81,-
,(진위1교),진위1교,,,,,,,,,,,,,,
,(진위천),,,,,,,,,,,,,,,
양양남대천,양양군,양양군,24.04.23,3.9,4.4,4.5,5,5.41,5.91,"3,985",0.5,10.41,10.91,10.45,10.95,-
,(양양대교),양양대교,,,,,,,,,,,,,,
,(양양남대천),,,,,,,,,,,,,,,
삼척오십천,삼척시,삼척시,24.04.23,4.1,47.12,5.1,48.12,6.14,49.16,"1,955",43.02,8.29,51.31,8.43,51.45,-
,(상정교),상정교,,,,,,,,,,,,,,
,(삼척오십천),,,,,,,,,,,,,,,
강릉남대천,강릉시,강릉시,24.04.23,3.8,18.43,4.8,19.43,5.8,20.43,"1,325",14.63,7.74,22.37,8.57,23.2,197
,(회산교),회산교,,,,,,,,,,,,,,
,(강릉남대천),,,,,,,,,,,,,,,
연곡천,강릉시,강릉시,24.04.23,3.5,6.52,4.5,7.52,5.19,8.21,"1,170",3.02,9.08,12.1,8.88,11.9,-
,(송림교),송림교,,,,,,,,,,,,,,
,(연곡천),,,,,,,,,,,,,,,
잠수교,,"잠수교 잠수수위: 6.5m, 차량통제: 6.2m, 보행자통제: 5.5m",,,,,,,,,,,,,,
,,,,,,,,,,,,,,,,
,,,,,,,,,,,,,,,,
,,,,,,,,,,,,,,,,
,,,,,,,,,,,,,,,,
,,,,,,,,,,,,,,,,
,,,,,,,,,,,,,,,,
,,,,,,,,,,,,,,,,
,,,,,,,,,,,,,,,,
,,,,,,,,,,,,,,,,
,,,,,,,,,,,,,,,,
,,,,,,,,,,,,,,,,
,,,,,,,,,,,,,,,,
,,,,,,,,,,,,,,,,
,,,,,,,,,,,,,,,,
,,,,,,,,,,,,,,,,
,,,,,,,,,,,,,,,,
,,,,,,,,,,,,,,,,
,,,,,,,,,,,,,,,,
,,,,,,,,,,,,,,,,
,,,,,,,,,,,,,,,,
,,,,,,,,,,,,,,,,
,,,,,,,,,,,,,,,,
,,,,,,,,,,,,,,,,
,,,,,,,,,,,,,,,,
,,,,,,,,,,,,,,,,
,,,,,,,,,,,,,,,,
,,,,,,,,,,,,,,,,
,,,,,,,,,,,,,,,,
,,,,,,,,,,,,,,,,
,,,,,,,,,,,,,,,,
,,,,,,,,,,,,,,,,
,,,,,,,,,,,,,,,,
,,,,,,,,,,,,,,,,
,,,,,,,,,,,,,,,,
,,,,,,,,,,,,,,,,
,,,,,,,,,,,,,,,,
,,,,,,,,,,,,,,,,
,,,,,,,,,,,,,,,,
,,,,,,,,,,,,,,,,
,,,,,,,,,,,,,,,,
,,,,,,,,,,,,,,,,
,,,,,,,,,,,,,,,,
,,,,,,,,,,,,,,,,
,,,,,,,,,,,,,,,,
,,,,,,,,,,,,,,,,
,,,,,,,,,,,,,,,,
,,,,,,,,,,,,,,,,
,,,,,,,,,,,,,,,,
,,,,,,,,,,,,,,,,
,,,,,,,,,,,,,,,,
,,,,,,,,,,,,,,,,
,,,,,,,,,,,,,,,,
,,,,,,,,,,,,,,,,
,,,,,,,,,,,,,,,,
,,,,,,,,,,,,,,,,
,,,,,,,,,,,,,,,,
,,,,,,,,,,,,,,,,
,,,,,,,,,,,,,,,,
,,,,,,,,,,,,,,,,
,,,,,,,,,,,,,,,,
,,,,,,,,,,,,,,,,
,,,,,,,,,,,,,,,,
,,,,,,,,,,,,,,,,
,,,,,,,,,,,,,,,,
,,,,,,,,,,,,,,,,
,,,,,,,,,,,,,,,,
,,,,,,,,,,,,,,,,
,,,,,,,,,,,,,,,,
,,,,,,,,,,,,,,,,
,,,,,,,,,,,,,,,,
,,,,,,,,,,,,,,,,
,,,,,,,,,,,,,,,,
,,,,,,,,,,,,,,,,
,,,,,,,,,,,,,,,,
,,,,,,,,,,,,,,,,
,,,,,,,,,,,,,,,,
,,,,,,,,,,,,,,,,
,,,,,,,,,,,,,,,,
,,,,,,,,,,,,,,,,
,,,,,,,,,,,,,,,,
,,,,,,,,,,,,,,,,
,,,,,,,,,,,,,,,,
,,,,,,,,,,,,,,,,
,,,,,,,,,,,,,,,,
,,,,,,,,,,,,,,,,
,,,,,,,,,,,,,,,,
,,,,,,,,,,,,,,,,
,,,,,,,,,,,,,,,,
,,,,,,,,,,,,,,,,
,,,,,,,,,,,,,,,,
,,,,,,,,,,,,,,,,
,,,,,,,,,,,,,,,,
,,,,,,,,,,,,,,,,
,,,,,,,,,,,,,,,,
,,,,,,,,,,,,,,,,
