watershed4,obscd_a,korObs_a,obscd_b,korObs_b,mean_lag_h,std_lag_h,mean_cc_peak,mean_dtw_dist,n_events
1001,1001649,정선군(애산교),1001650,정선군(삼거리교),-71.0,0.0,4.3686,4.0777,1
1001,1001645,정선군(와평교),1001650,정선군(삼거리교),-69.0,0.0,4.3055,3.9279,1
1001,1001630,정선군(나전교),1001650,정선군(삼거리교),-59.0,0.0,3.643,3.5025,1
1001,1001602,평창군(송정교),1001650,정선군(삼거리교),-58.0,0.0,3.6273,3.4929,1
1001,1001626,정선군(제1여량교),1001650,정선군(삼거리교),-50.0,0.0,2.6283,3.5135,1
1001,1001629,정선군(남평대교),1001650,정선군(삼거리교),-50.0,0.0,4.9567,3.7815,1
1001,1001602,평창군(송정교),1001620,정선군(송계교),-42.6,37.56,6.3901,2.7244,5
1001,1001625,정선군(송천교),1001626,정선군(제1여량교),-37.2,34.57,9.6122,3.2514,5
1001,1001602,평창군(송정교),1001626,정선군(제1여량교),-35.0,33.73,6.7974,3.0709,5
1001,1001602,평창군(송정교),1001622,정선군(혈천교),-25.2,34.77,8.329,3.1157,5
1001,1001665,평창군(마하교),1001670,영월군(거운교),-19.0,0.0,12.177,1.7022,1
1001,1001665,평창군(마하교),1001690,영월군(영월대교),-19.0,0.0,12.7647,2.1308,1
1001,1001602,평창군(송정교),1001670,영월군(거운교),-12.8,9.07,8.3799,1.3486,5
1001,1001630,정선군(나전교),1001670,영월군(거운교),-12.6,9.02,9.4611,1.288,5
1001,1001629,정선군(남평대교),1001670,영월군(거운교),-12.4,8.88,12.0627,1.2524,5
1001,1001655,정선군(정선제1교),1001670,영월군(거운교),-10.4,10.43,10.4694,0.6522,5
1001,1001658,정선군(광하교),1001670,영월군(거운교),-10.2,10.73,10.3672,0.5307,5
1001,1001625,정선군(송천교),1001670,영월군(거운교),-10.0,9.59,12.6721,0.8398,5
1001,1001629,정선군(남평대교),1001690,영월군(영월대교),-9.0,8.25,12.6548,1.879,5
1001,1001602,평창군(송정교),1001690,영월군(영월대교),-8.4,6.54,9.0218,0.8802,5
1001,1001630,정선군(나전교),1001690,영월군(영월대교),-8.4,6.39,10.2575,0.7902,5
1001,1001645,정선군(와평교),1001665,평창군(마하교),-8.0,0.0,17.0113,1.536,1
1001,1001655,정선군(정선제1교),1001690,영월군(영월대교),-7.4,6.39,11.0791,0.6281,5
1001,1001625,정선군(송천교),1001690,영월군(영월대교),-7.2,6.57,13.8591,0.7184,5
1001,1001658,정선군(광하교),1001690,영월군(영월대교),-7.2,8.01,11.0003,0.4932,5
1001,1001649,정선군(애산교),1001670,영월군(거운교),-6.2,9.96,12.3658,1.1558,5
1001,1001629,정선군(남평대교),1001641,정선군(각희교),-6.0,0.0,12.4801,1.9994,1
1001,1001649,정선군(애산교),1001665,평창군(마하교),-6.0,0.0,18.9776,1.6478,1
1001,1001645,정선군(와평교),1001670,영월군(거운교),-5.6,10.85,12.393,1.2407,5
1001,1001602,평창군(송정교),1001623,정선군(오장2교),-5.0,0.0,13.8789,1.157,1
1001,1001649,정선군(애산교),1001690,영월군(영월대교),-4.6,9.74,12.9522,0.9707,5
1001,1001645,정선군(와평교),1001690,영월군(영월대교),-4.4,9.84,12.9582,0.9692,5
1001,1001623,정선군(오장2교),1001670,영월군(거운교),-4.0,0.0,15.4057,1.5887,1
1001,1001626,정선군(제1여량교),1001641,정선군(각희교),-4.0,0.0,6.6009,2.8015,1
1001,1001645,정선군(와평교),1001660,정선군(낙동교),-3.4,8.17,11.6397,0.7242,5
1001,1001649,정선군(애산교),1001660,정선군(낙동교),-3.4,7.6,11.6654,0.6973,5
1001,1001625,정선군(송천교),1001660,정선군(낙동교),-3.2,3.9,11.4645,0.7263,5
1001,1001622,정선군(혈천교),1001641,정선군(각희교),-3.0,0.0,14.9033,1.7099,1
1001,1001623,정선군(오장2교),1001650,정선군(삼거리교),-3.0,0.0,5.1184,3.2861,1
1001,1001625,정선군(송천교),1001650,정선군(삼거리교),-3.0,0.0,5.4354,3.3171,1
1001,1001650,정선군(삼거리교),1001660,정선군(낙동교),-3.0,0.0,4.8373,2.4338,1
1001,1001629,정선군(남평대교),1001645,정선군(와평교),-2.6,3.36,11.862,2.4033,5
1001,1001629,정선군(남평대교),1001660,정선군(낙동교),-2.6,5.37,10.8746,1.7343,5
1001,1001602,평창군(송정교),1001660,정선군(낙동교),-2.2,2.39,7.9747,1.1584,5
1001,1001660,정선군(낙동교),1001670,영월군(거운교),-2.2,1.1,11.9076,0.7526,5
1001,1001629,정선군(남평대교),1001658,정선군(광하교),-2.0,4.47,11.3886,1.5697,5
1001,1001630,정선군(나전교),1001660,정선군(낙동교),-2.0,1.73,8.9785,1.1241,5
1001,1001641,정선군(각희교),1001670,영월군(거운교),-2.0,0.0,11.7456,1.7079,1
1001,1001629,정선군(남평대교),1001649,정선군(애산교),-1.8,3.19,12.1705,2.3055,5
1001,1001629,정선군(남평대교),1001655,정선군(정선제1교),-1.8,4.6,11.5334,1.6175,5
1001,1001658,정선군(광하교),1001660,정선군(낙동교),-1.6,3.58,9.4953,0.8563,5
1001,1001602,평창군(송정교),1001625,정선군(송천교),-1.2,2.68,9.7215,1.2527,5
1001,1001602,평창군(송정교),1001645,정선군(와평교),-1.2,7.82,8.9572,1.0752,5
1001,1001629,정선군(남평대교),1001630,정선군(나전교),-1.2,3.9,9.8447,2.8439,5
1001,1001630,정선군(나전교),1001655,정선군(정선제1교),-1.2,0.45,9.8033,0.8392,5
1001,1001655,정선군(정선제1교),1001660,정선군(낙동교),-1.2,2.68,9.5554,0.7273,5
1001,1001602,평창군(송정교),1001658,정선군(광하교),-1.0,1.41,8.5428,0.9372,5
1001,1001622,정선군(혈천교),1001650,정선군(삼거리교),-1.0,0.0,7.0139,2.7055,1
1001,1001623,정선군(오장2교),1001690,영월군(영월대교),-1.0,0.0,17.3363,1.2494,1
1001,1001641,정선군(각희교),1001658,정선군(광하교),-1.0,0.0,10.133,1.6765,1
1001,1001650,정선군(삼거리교),1001670,영월군(거운교),-1.0,0.0,3.5222,2.9772,1
1001,1001630,정선군(나전교),1001658,정선군(광하교),-0.8,1.3,9.6909,0.8474,5
1001,1001602,평창군(송정교),1001649,정선군(애산교),-0.6,6.66,9.1395,1.0934,5
1001,1001602,평창군(송정교),1001655,정선군(정선제1교),-0.6,0.89,8.6213,0.9092,5
1001,1001630,정선군(나전교),1001645,정선군(와평교),-0.6,9.1,10.0291,1.0569,5
1001,1001620,정선군(송계교),1001655,정선군(정선제1교),-0.4,0.89,8.1175,1.6939,5
1001,1001620,정선군(송계교),1001658,정선군(광하교),-0.4,1.52,8.0448,1.6279,5
1001,1001649,정선군(애산교),1001655,정선군(정선제1교),-0.4,8.71,10.5374,1.0766,5
1001,1001649,정선군(애산교),1001658,정선군(광하교),-0.4,8.35,10.4659,1.0495,5
1001,1001602,평창군(송정교),1001629,정선군(남평대교),-0.2,0.45,8.8141,2.8834,5
1001,1001620,정선군(송계교),1001625,정선군(송천교),-0.2,0.45,9.4664,1.5558,5
1001,1001625,정선군(송천교),1001658,정선군(광하교),-0.2,1.1,12.0762,0.53,5
1001,1001630,정선군(나전교),1001649,정선군(애산교),-0.2,7.82,10.1994,1.1316,5
1001,1001655,정선군(정선제1교),1001658,정선군(광하교),-0.2,0.45,10.602,0.2896,5
1001,1001660,정선군(낙동교),1001690,영월군(영월대교),-0.2,0.45,12.301,0.6845,5
1001,1001602,평창군(송정교),1001630,정선군(나전교),0.0,0.0,8.655,0.3615,5
1001,1001602,평창군(송정교),1001641,정선군(각희교),0.0,0.0,11.0051,2.0223,1
1001,1001620,정선군(송계교),1001623,정선군(오장2교),0.0,0.0,14.9775,0.9117,1
1001,1001622,정선군(혈천교),1001623,정선군(오장2교),0.0,0.0,18.2961,1.2423,1
1001,1001623,정선군(오장2교),1001625,정선군(송천교),0.0,0.0,20.0606,0.8032,1
1001,1001623,정선군(오장2교),1001641,정선군(각희교),0.0,0.0,15.6965,1.5904,1
1001,1001623,정선군(오장2교),1001655,정선군(정선제1교),0.0,0.0,14.0912,1.3904,1
1001,1001623,정선군(오장2교),1001658,정선군(광하교),0.0,0.0,13.0667,1.4501,1
1001,1001623,정선군(오장2교),1001660,정선군(낙동교),0.0,0.0,13.0926,1.144,1
1001,1001625,정선군(송천교),1001641,정선군(각희교),0.0,0.0,14.9978,1.6287,1
1001,1001625,정선군(송천교),1001655,정선군(정선제1교),0.0,0.71,12.194,0.5739,5
1001,1001629,정선군(남평대교),1001665,평창군(마하교),0.0,0.0,15.6915,1.4996,1
1001,1001629,정선군(남평대교),1001695,영월군(신촌교),0.0,0.0,16.6337,2.7475,1
1001,1001630,정선군(나전교),1001641,정선군(각희교),0.0,0.0,11.5546,1.9756,1
1001,1001641,정선군(각희교),1001655,정선군(정선제1교),0.0,0.0,10.787,1.8215,1
1001,1001641,정선군(각희교),1001660,정선군(낙동교),0.0,0.0,11.0923,1.232,1
1001,1001641,정선군(각희교),1001690,영월군(영월대교),0.0,0.0,13.1945,1.913,1
1001,1001645,정선군(와평교),1001655,정선군(정선제1교),0.0,9.97,10.3268,1.1263,5
1001,1001645,정선군(와평교),1001695,영월군(신촌교),0.0,0.0,19.4012,1.1876,1
1001,1001649,정선군(애산교),1001695,영월군(신촌교),0.0,0.0,20.8774,1.2076,1
1001,1001620,정선군(송계교),1001660,정선군(낙동교),0.2,0.45,7.8136,1.6537,5
1001,1001645,정선군(와평교),1001649,정선군(애산교),0.2,0.45,13.7467,0.315,5
1001,1001645,정선군(와평교),1001658,정선군(광하교),0.4,8.76,10.2925,1.1059,5
1001,1001625,정선군(송천교),1001630,정선군(나전교),1.0,2.24,11.1764,1.147,5
1001,1001625,정선군(송천교),1001645,정선군(와평교),1.6,17.34,12.221,1.4069,5
1001,1001620,정선군(송계교),1001629,정선군(남평대교),2.0,6.28,11.0405,1.7531,5
1001,1001620,정선군(송계교),1001641,정선군(각희교),2.0,0.0,12.7505,1.3665,1
1001,1001625,정선군(송천교),1001649,정선군(애산교),2.0,16.03,12.4186,1.3506,5
1001,1001641,정선군(각희교),1001650,정선군(삼거리교),2.0,0.0,6.0368,2.097,1
1001,1001602,평창군(송정교),1001665,평창군(마하교),3.0,0.0,13.6199,1.1465,1
1001,1001622,정선군(혈천교),1001626,정선군(제1여량교),3.0,5.61,9.2318,1.7777,5
1001,1001670,영월군(거운교),1001690,영월군(영월대교),3.0,2.74,13.8528,0.5382,5
1001,1001625,정선군(송천교),1001629,정선군(남평대교),3.2,8.32,13.725,1.4131,5
1001,1001620,정선군(송계교),1001622,정선군(혈천교),3.8,5.5,10.4616,2.0828,5
1001,1001623,정선군(오장2교),1001626,정선군(제1여량교),4.0,0.0,8.1191,2.8432,1
1001,1001623,정선군(오장2교),1001630,정선군(나전교),4.0,0.0,14.8638,1.3071,1
1001,1001620,정선군(송계교),1001626,정선군(제1여량교),4.8,10.89,8.7022,2.1659,5
1001,1001641,정선군(각희교),1001665,평창군(마하교),5.0,0.0,12.8271,1.9293,1
1001,1001620,정선군(송계교),1001650,정선군(삼거리교),6.0,0.0,5.1531,2.5351,1
1001,1001626,정선군(제1여량교),1001665,평창군(마하교),6.0,0.0,7.9253,2.9869,1
1001,1001626,정선군(제1여량교),1001695,영월군(신촌교),6.0,0.0,8.2781,3.0995,1
1001,1001622,정선군(혈천교),1001665,평창군(마하교),7.0,0.0,13.8992,2.5766,1
1001,1001660,정선군(낙동교),1001665,평창군(마하교),7.0,0.0,11.1635,1.588,1
1001,1001620,정선군(송계교),1001665,평창군(마하교),8.0,0.0,13.2782,1.6776,1
1001,1001665,평창군(마하교),1001695,영월군(신촌교),8.0,0.0,18.5212,2.0069,1
1001,1001630,정선군(나전교),1001665,평창군(마하교),9.0,0.0,13.7643,1.1792,1
1001,1001623,정선군(오장2교),1001665,평창군(마하교),10.0,0.0,15.5445,1.8717,1
1001,1001641,정선군(각희교),1001645,정선군(와평교),12.0,0.0,12.4171,2.6848,1
1001,1001641,정선군(각희교),1001649,정선군(애산교),12.0,0.0,13.7835,2.6575,1
1001,1001623,정선군(오장2교),1001629,정선군(남평대교),13.0,0.0,16.3031,2.4233,1
1001,1001641,정선군(각희교),1001695,영월군(신촌교),14.0,0.0,14.0603,2.9791,1
1001,1001602,평창군(송정교),1001695,영월군(신촌교),15.0,0.0,15.4285,1.5588,1
1001,1001622,정선군(혈천교),1001695,영월군(신촌교),16.0,0.0,16.2004,2.0548,1
1001,1001655,정선군(정선제1교),1001665,평창군(마하교),16.0,0.0,12.6453,1.3229,1
1001,1001658,정선군(광하교),1001665,평창군(마하교),16.0,0.0,11.6147,1.1925,1
1001,1001620,정선군(송계교),1001695,영월군(신촌교),17.0,0.0,14.7172,1.972,1
1001,1001623,정선군(오장2교),1001649,정선군(애산교),17.0,0.0,16.6696,2.0505,1
1001,1001630,정선군(나전교),1001695,영월군(신촌교),17.0,0.0,15.8764,1.632,1
1001,1001623,정선군(오장2교),1001645,정선군(와평교),18.0,0.0,15.3506,1.9873,1
1001,1001622,정선군(혈천교),1001670,영월군(거운교),18.6,29.27,11.4345,2.9697,5
1001,1001655,정선군(정선제1교),1001695,영월군(신촌교),19.0,0.0,13.9163,1.9486,1
1001,1001658,정선군(광하교),1001695,영월군(신촌교),19.0,0.0,13.0207,2.1318,1
1001,1001660,정선군(낙동교),1001695,영월군(신촌교),19.0,0.0,12.7554,2.2194,1
1001,1001623,정선군(오장2교),1001695,영월군(신촌교),20.0,0.0,17.9243,2.1053,1
1001,1001690,영월군(영월대교),1001695,영월군(신촌교),20.0,0.0,14.8093,3.0053,1
1001,1001622,정선군(혈천교),1001690,영월군(영월대교),21.0,30.27,11.9164,3.1555,5
1001,1001650,정선군(삼거리교),1001690,영월군(영월대교),22.0,0.0,4.5345,3.5161,1
1001,1001622,정선군(혈천교),1001660,정선군(낙동교),22.4,32.12,10.4662,2.807,5
1001,1001625,정선군(송천교),1001665,평창군(마하교),23.0,0.0,14.5835,2.1922,1
1001,1001670,영월군(거운교),1001695,영월군(신촌교),23.0,0.0,13.8924,2.9512,1
1001,1001622,정선군(혈천교),1001645,정선군(와평교),24.0,29.81,11.088,3.2836,5
1001,1001622,정선군(혈천교),1001655,정선군(정선제1교),24.0,34.96,9.9843,2.8059,5
1001,1001622,정선군(혈천교),1001649,정선군(애산교),24.2,30.48,11.2548,3.2224,5
1001,1001622,정선군(혈천교),1001658,정선군(광하교),24.2,35.69,9.884,2.7919,5
1001,1001626,정선군(제1여량교),1001670,영월군(거운교),24.2,28.1,9.4621,3.1517,5
1001,1001622,정선군(혈천교),1001625,정선군(송천교),24.8,35.13,12.1786,2.8409,5
1001,1001622,정선군(혈천교),1001630,정선군(나전교),25.4,35.49,9.3095,3.291,5
1001,1001622,정선군(혈천교),1001629,정선군(남평대교),26.8,31.54,11.5436,2.8626,5
1001,1001620,정선군(송계교),1001670,영월군(거운교),29.8,27.66,8.597,1.5842,5
1001,1001626,정선군(제1여량교),1001690,영월군(영월대교),30.2,30.65,10.0844,3.1815,5
1001,1001625,정선군(송천교),1001695,영월군(신촌교),32.0,0.0,15.863,2.925,1
1001,1001626,정선군(제1여량교),1001660,정선군(낙동교),32.4,32.0,8.7783,2.8227,5
1001,1001626,정선군(제1여량교),1001645,정선군(와평교),33.0,29.63,9.7091,3.0318,5
1001,1001626,정선군(제1여량교),1001649,정선군(애산교),33.2,30.61,9.7501,3.0267,5
1001,1001620,정선군(송계교),1001690,영월군(영월대교),33.6,30.67,8.8307,2.087,5
1001,1001626,정선군(제1여량교),1001630,정선군(나전교),35.6,33.97,7.7388,3.2514,5
1001,1001626,정선군(제1여량교),1001658,정선군(광하교),36.2,34.88,8.1035,2.9365,5
1001,1001626,정선군(제1여량교),1001629,정선군(남평대교),36.4,31.48,9.3998,3.5796,5
1001,1001626,정선군(제1여량교),1001655,정선군(정선제1교),36.4,33.67,8.0947,2.9532,5
1001,1001620,정선군(송계교),1001645,정선군(와평교),39.0,29.38,8.5653,2.3392,5
1001,1001620,정선군(송계교),1001649,정선군(애산교),39.6,29.78,8.6716,2.3031,5
1001,1001620,정선군(송계교),1001630,정선군(나전교),43.0,38.35,7.2098,2.7749,5
1001,1001650,정선군(삼거리교),1001655,정선군(정선제1교),54.0,0.0,3.317,3.304,1
1001,1001650,정선군(삼거리교),1001658,정선군(광하교),55.0,0.0,3.0914,3.1144,1
1001,1001650,정선군(삼거리교),1001665,평창군(마하교),62.0,0.0,4.0572,3.4962,1
1001,1001650,정선군(삼거리교),1001695,영월군(신촌교),71.0,0.0,4.7207,4.2463,1
1002,1002636,평창군(하방림교),1002680,영월군(두학교),-29.0,0.0,7.8413,1.7117,1
1002,1002636,평창군(하방림교),1002675,횡성군(안흥교),-25.0,0.0,6.8388,1.3175,1
1002,1002626,평창군(바이오교),1002680,영월군(두학교),-23.0,0.0,9.332,1.2996,1
1002,1002636,평창군(하방림교),1002691,영월군(화병교),-23.0,0.0,5.7333,1.4009,1
1002,1002636,평창군(하방림교),1002670,횡성군(둔방내리),-22.0,0.0,5.97,1.1597,1
1002,1002636,평창군(하방림교),1002698,영월군(팔괴교),-22.0,0.0,5.7501,1.3118,1
1002,1002626,평창군(바이오교),1002675,횡성군(안흥교),-21.0,0.0,8.356,1.5713,1
1002,1002626,평창군(바이오교),1002698,영월군(팔괴교),-19.0,0.0,7.0325,1.2303,1
1002,1002635,평창군(사초교),1002691,영월군(화병교),-19.0,0.0,6.8087,4.4956,1
1002,1002626,평창군(바이오교),1002670,횡성군(둔방내리),-18.0,0.0,7.3316,1.8766,1
1002,1002626,평창군(바이오교),1002691,영월군(화병교),-18.0,0.0,7.0119,1.1991,1
1002,1002635,평창군(사초교),1002698,영월군(팔괴교),-17.0,9.51,8.6672,1.3136,5
1002,1002635,평창군(사초교),1002670,횡성군(둔방내리),-16.0,0.0,7.3421,5.7448,1
1002,1002685,영월군(주천교),1002691,영월군(화병교),-16.0,0.0,9.8208,1.2562,1
1002,1002650,평창군(평창교),1002698,영월군(팔괴교),-14.2,12.05,8.9432,0.9077,5
1002,1002640,평창군(상방림교),1002698,영월군(팔괴교),-13.2,12.05,8.4605,0.652,5
1002,1002680,영월군(두학교),1002698,영월군(팔괴교),-13.2,12.07,10.4921,0.9884,5
1002,1002605,평창군(이목정교),1002698,영월군(팔괴교),-13.0,10.98,9.6352,0.8579,5
1002,1002615,평창군(진전교),1002698,영월군(팔괴교),-13.0,10.95,9.3883,0.7504,5
1002,1002675,횡성군(안흥교),1002698,영월군(팔괴교),-13.0,12.33,9.2955,1.0236,5
1002,1002610,평창군(장평교),1002698,영월군(팔괴교),-12.8,11.23,8.561,0.7101,5
1002,1002625,평창군(선애교),1002698,영월군(팔괴교),-12.8,11.23,8.4054,0.6034,5
1002,1002675,횡성군(안흥교),1002687,영월군(신천교),-11.6,15.93,8.4934,1.1821,5
1002,1002680,영월군(두학교),1002687,영월군(신천교),-8.6,21.47,9.9822,1.0278,5
1002,1002675,횡성군(안흥교),1002685,영월군(주천교),-8.2,22.55,8.277,1.2172,5
1002,1002680,영월군(두학교),1002685,영월군(주천교),-8.2,22.55,9.6724,1.172,5
1002,1002687,영월군(신천교),1002691,영월군(화병교),-7.0,0.0,11.1829,0.9599,1
1002,1002605,평창군(이목정교),1002680,영월군(두학교),-5.6,13.09,8.7571,1.2051,5
1002,1002650,평창군(평창교),1002680,영월군(두학교),-5.0,7.87,8.5647,0.9345,5
1002,1002693,영월군(농공단지교),1002698,영월군(팔괴교),-4.6,2.61,9.0455,0.9221,5
1002,1002615,평창군(진전교),1002680,영월군(두학교),-4.0,8.94,8.7453,1.1373,5
1002,1002610,평창군(장평교),1002680,영월군(두학교),-3.8,9.07,8.0082,1.2137,5
1002,1002640,평창군(상방림교),1002680,영월군(두학교),-3.8,8.5,8.1172,1.1487,5
1002,1002635,평창군(사초교),1002675,횡성군(안흥교),-3.6,9.21,8.3211,1.7619,5
1002,1002635,평창군(사초교),1002680,영월군(두학교),-3.6,10.85,8.5583,1.7165,5
1002,1002605,평창군(이목정교),1002691,영월군(화병교),-3.0,0.0,9.4117,1.2916,1
1002,1002685,영월군(주천교),1002698,영월군(팔괴교),-2.4,6.54,10.2343,1.0003,5
1002,1002625,평창군(선애교),1002680,영월군(두학교),-2.2,5.5,8.0341,0.9175,5
1002,1002605,평창군(이목정교),1002626,평창군(바이오교),-2.0,0.0,8.5583,1.5385,1
1002,1002605,평창군(이목정교),1002670,횡성군(둔방내리),-2.0,0.0,8.4169,1.0515,1
1002,1002610,평창군(장평교),1002691,영월군(화병교),-2.0,0.0,8.5056,1.0811,1
1002,1002615,평창군(진전교),1002691,영월군(화병교),-2.0,0.0,8.7259,0.8762,1
1002,1002625,평창군(선애교),1002691,영월군(화병교),-2.0,0.0,7.9249,0.6735,1
1002,1002636,평창군(하방림교),1002687,영월군(신천교),-2.0,0.0,9.2038,1.6984,1
1002,1002636,평창군(하방림교),1002693,영월군(농공단지교),-2.0,0.0,9.76,1.4776,1
1002,1002650,평창군(평창교),1002691,영월군(화병교),-2.0,0.0,8.6854,1.1156,1
1002,1002670,횡성군(둔방내리),1002675,횡성군(안흥교),-2.0,0.0,9.4827,0.4669,1
1002,1002650,평창군(평창교),1002675,횡성군(안흥교),-1.8,1.1,8.2415,0.7538,5
1002,1002635,평창군(사초교),1002687,영월군(신천교),-1.6,3.97,9.0062,1.5065,5
1002,1002650,평창군(평창교),1002687,영월군(신천교),-1.6,1.95,8.3995,1.2912,5
1002,1002687,영월군(신천교),1002698,영월군(팔괴교),-1.4,3.91,10.8694,0.8152,5
1002,1002650,평창군(평창교),1002685,영월군(주천교),-1.2,1.1,7.9775,1.3004,5
1002,1002605,평창군(이목정교),1002675,횡성군(안흥교),-1.0,2.24,8.4699,1.1021,5
1002,1002610,평창군(장평교),1002626,평창군(바이오교),-1.0,0.0,7.3486,1.8367,1
1002,1002615,평창군(진전교),1002626,평창군(바이오교),-1.0,0.0,7.9027,1.6361,1
1002,1002625,평창군(선애교),1002626,평창군(바이오교),-1.0,0.0,7.226,1.1667,1
1002,1002625,평창군(선애교),1002670,횡성군(둔방내리),-1.0,0.0,7.3244,1.3832,1
1002,1002625,평창군(선애교),1002675,횡성군(안흥교),-1.0,2.24,7.8549,0.7935,5
1002,1002636,평창군(하방림교),1002640,평창군(상방림교),-1.0,0.0,6.1418,1.063,1
1002,1002640,평창군(상방림교),1002691,영월군(화병교),-1.0,0.0,8.384,1.0194,1
1002,1002670,횡성군(둔방내리),1002680,영월군(두학교),-1.0,0.0,10.1862,1.4593,1
1002,1002670,횡성군(둔방내리),1002691,영월군(화병교),-1.0,0.0,8.5846,0.9126,1
1002,1002605,평창군(이목정교),1002687,영월군(신천교),-0.8,1.1,9.6411,1.064,5
1002,1002605,평창군(이목정교),1002685,영월군(주천교),-0.6,0.89,9.1974,1.2224,5
1002,1002615,평창군(진전교),1002675,횡성군(안흥교),-0.6,1.34,8.3535,1.0546,5
1002,1002615,평창군(진전교),1002685,영월군(주천교),-0.6,0.55,8.8106,1.3233,5
1002,1002615,평창군(진전교),1002687,영월군(신천교),-0.6,0.55,9.2586,1.3231,5
1002,1002635,평창군(사초교),1002640,평창군(상방림교),-0.6,4.16,8.3184,1.39,5
1002,1002640,평창군(상방림교),1002675,횡성군(안흥교),-0.6,1.34,7.9749,0.867,5
1002,1002640,평창군(상방림교),1002685,영월군(주천교),-0.6,0.55,7.855,1.429,5
1002,1002610,평창군(장평교),1002675,횡성군(안흥교),-0.4,1.52,7.9625,0.8204,5
1002,1002610,평창군(장평교),1002685,영월군(주천교),-0.4,0.89,7.8989,1.1019,5
1002,1002640,평창군(상방림교),1002687,영월군(신천교),-0.4,0.89,8.2545,1.2915,5
1002,1002650,평창군(평창교),1002693,영월군(농공단지교),-0.4,0.89,8.2538,1.049,5
1002,1002605,평창군(이목정교),1002610,평창군(장평교),-0.2,0.45,9.2823,0.5167,5
1002,1002605,평창군(이목정교),1002615,평창군(진전교),-0.2,0.45,10.1721,0.3243,5
1002,1002605,평창군(이목정교),1002625,평창군(선애교),-0.2,0.45,8.8742,0.92,5
1002,1002605,평창군(이목정교),1002635,평창군(사초교),-0.2,0.45,9.228,1.4891,5
1002,1002605,평창군(이목정교),1002640,평창군(상방림교),-0.2,0.45,9.0824,0.6423,5
1002,1002610,평창군(장평교),1002687,영월군(신천교),-0.2,1.3,8.2903,1.0017,5
1002,1002615,평창군(진전교),1002625,평창군(선애교),-0.2,0.45,8.5866,1.1055,5
1002,1002615,평창군(진전교),1002635,평창군(사초교),-0.2,1.1,8.8691,1.6518,5
1002,1002615,평창군(진전교),1002693,영월군(농공단지교),-0.2,0.45,8.8143,1.4087,5
1002,1002625,평창군(선애교),1002687,영월군(신천교),-0.2,1.3,8.2244,0.7363,5
1002,1002635,평창군(사초교),1002685,영월군(주천교),-0.2,1.3,8.7628,1.5343,5
1002,1002635,평창군(사초교),1002693,영월군(농공단지교),-0.2,1.1,8.9878,1.4739,5
1002,1002605,평창군(이목정교),1002636,평창군(하방림교),0.0,0.0,7.1421,1.0198,1
1002,1002605,평창군(이목정교),1002693,영월군(농공단지교),0.0,0.0,9.2188,1.2851,5
1002,1002610,평창군(장평교),1002625,평창군(선애교),0.0,0.0,8.0311,0.6215,5
1002,1002610,평창군(장평교),1002635,평창군(사초교),0.0,0.71,8.2394,1.5563,5
1002,1002610,평창군(장평교),1002636,평창군(하방림교),0.0,0.0,6.091,1.1544,1
1002,1002610,평창군(장평교),1002670,횡성군(둔방내리),0.0,0.0,7.7635,1.021,1
1002,1002615,평창군(진전교),1002636,평창군(하방림교),0.0,0.0,6.4934,1.1025,1
1002,1002615,평창군(진전교),1002670,횡성군(둔방내리),0.0,0.0,7.8099,0.9741,1
1002,1002625,평창군(선애교),1002636,평창군(하방림교),0.0,0.0,5.8915,0.9688,1
1002,1002625,평창군(선애교),1002640,평창군(상방림교),0.0,0.0,8.0455,0.4516,5
1002,1002626,평창군(바이오교),1002635,평창군(사초교),0.0,0.0,9.2956,3.3504,1
1002,1002626,평창군(바이오교),1002687,영월군(신천교),0.0,0.0,11.6089,1.1761,1
1002,1002626,평창군(바이오교),1002693,영월군(농공단지교),0.0,0.0,12.2446,1.0822,1
1002,1002636,평창군(하방림교),1002650,평창군(평창교),0.0,0.0,6.2534,1.0255,1
1002,1002636,평창군(하방림교),1002685,영월군(주천교),0.0,0.0,9.0535,1.7447,1
1002,1002640,평창군(상방림교),1002670,횡성군(둔방내리),0.0,0.0,7.5138,0.9906,1
1002,1002650,평창군(평창교),1002670,횡성군(둔방내리),0.0,0.0,7.7085,0.9704,1
1002,1002670,횡성군(둔방내리),1002698,영월군(팔괴교),0.0,0.0,8.6357,0.8425,1
1002,1002675,횡성군(안흥교),1002691,영월군(화병교),0.0,0.0,9.1629,0.7818,1
1002,1002680,영월군(두학교),1002691,영월군(화병교),0.0,0.0,9.8126,0.9535,1
1002,1002685,영월군(주천교),1002687,영월군(신천교),0.0,0.71,10.7857,0.3092,5
1002,1002610,평창군(장평교),1002615,평창군(진전교),0.2,0.45,8.9276,0.5742,5
1002,1002610,평창군(장평교),1002640,평창군(상방림교),0.2,0.45,8.2796,0.385,5
1002,1002610,평창군(장평교),1002693,영월군(농공단지교),0.2,0.45,8.0149,1.1778,5
1002,1002625,평창군(선애교),1002685,영월군(주천교),0.2,0.45,7.803,0.7325,5
1002,1002640,평창군(상방림교),1002693,영월군(농공단지교),0.2,0.45,8.0461,1.0954,5
1002,1002675,횡성군(안흥교),1002680,영월군(두학교),0.2,0.45,9.8664,0.5345,5
1002,1002625,평창군(선애교),1002693,영월군(농공단지교),0.4,0.55,7.9713,0.7747,5
1002,1002615,평창군(진전교),1002640,평창군(상방림교),0.6,0.55,8.7886,0.773,5
1002,1002685,영월군(주천교),1002693,영월군(농공단지교),0.6,0.55,9.4739,0.7106,5
1002,1002687,영월군(신천교),1002693,영월군(농공단지교),0.6,0.55,9.9066,0.6833,5
1002,1002626,평창군(바이오교),1002640,평창군(상방림교),1.0,0.0,7.4967,1.6645,1
1002,1002626,평창군(바이오교),1002650,평창군(평창교),1.0,0.0,7.6246,1.6234,1
1002,1002635,평창군(사초교),1002650,평창군(평창교),1.0,3.94,8.4723,1.4823,5
1002,1002691,영월군(화병교),1002698,영월군(팔괴교),1.0,0.0,9.747,0.1162,1
1002,1002605,평창군(이목정교),1002650,평창군(평창교),1.2,1.3,9.2679,0.6046,5
1002,1002615,평창군(진전교),1002650,평창군(평창교),1.2,1.1,9.0088,0.705,5
1002,1002640,평창군(상방림교),1002650,평창군(평창교),1.2,1.1,8.4612,0.3405,5
1002,1002610,평창군(장평교),1002650,평창군(평창교),1.4,0.89,8.3944,0.4742,5
1002,1002625,평창군(선애교),1002650,평창군(평창교),1.4,0.89,8.1826,0.5697,5
1002,1002625,평창군(선애교),1002635,평창군(사초교),1.8,4.6,8.4126,1.2304,5
1002,1002626,평창군(바이오교),1002636,평창군(하방림교),2.0,0.0,7.0616,0.8293,1
1002,1002626,평창군(바이오교),1002685,영월군(주천교),2.0,0.0,11.1034,0.9429,1
1002,1002635,평창군(사초교),1002636,평창군(하방림교),3.0,0.0,7.3753,4.4747,1
1002,1002675,횡성군(안흥교),1002693,영월군(농공단지교),4.0,8.94,7.8416,1.2942,5
1002,1002680,영월군(두학교),1002693,영월군(농공단지교),4.4,9.84,8.2896,1.3353,5
1002,1002670,횡성군(둔방내리),1002687,영월군(신천교),6.0,0.0,10.3536,2.2127,1
1002,1002691,영월군(화병교),1002693,영월군(농공단지교),10.0,0.0,11.0668,1.0849,1
1002,1002670,횡성군(둔방내리),1002693,영월군(농공단지교),12.0,0.0,10.491,1.93,1
1002,1002670,횡성군(둔방내리),1002685,영월군(주천교),26.0,0.0,9.5396,2.4046,1
1003,1003601,영월군(주채교),1003652,제천시(덕동교),-133.0,0.0,8.3005,6.0625,1
1003,1003603,영월군(내리2교),1003652,제천시(덕동교),-132.0,0.0,6.5096,6.0306,1
1003,1003601,영월군(주채교),1003660,제천시(팔송교),-128.0,0.0,8.4716,6.1953,1
1003,1003603,영월군(내리2교),1003660,제천시(팔송교),-127.0,0.0,6.8358,6.2206,1
1003,1003601,영월군(주채교),1003658,제천시(부수동교),-126.0,0.0,7.5409,5.9327,1
1003,1003603,영월군(내리2교),1003658,제천시(부수동교),-126.0,0.0,6.1536,5.9481,1
1003,1003636,단양군(가대교),1003645,단양군(단양1교),-31.4,27.01,8.2966,3.0546,5
1003,1003642,단양군(덕천교),1003645,단양군(단양1교),-30.2,28.52,8.6915,3.0156,5
1003,1003626,단양군(들골교),1003645,단양군(단양1교),-24.0,0.0,9.678,3.8892,1
1003,1003626,단양군(들골교),1003642,단양군(덕천교),-17.0,0.0,13.4644,2.8932,1
1003,1003626,단양군(들골교),1003636,단양군(가대교),-13.0,0.0,13.017,3.4763,1
1003,1003626,단양군(들골교),1003652,제천시(덕동교),-10.0,0.0,17.2904,3.0566,1
1003,1003660,제천시(팔송교),1003667,제천시(용암교),-10.0,0.0,5.0676,3.3621,1
1003,1003658,제천시(부수동교),1003667,제천시(용암교),-9.0,0.0,4.7066,3.167,1
1003,1003625,영월군(각동교),1003645,단양군(단양1교),-6.0,0.0,6.7674,2.2378,1
1003,1003626,단양군(들골교),1003658,제천시(부수동교),-4.0,0.0,17.0236,2.7501,1
1003,1003626,단양군(들골교),1003657,제천시(강저3교),-2.0,0.0,8.795,1.7142,1
1003,1003626,단양군(들골교),1003660,제천시(팔송교),-2.0,0.0,18.9649,2.7497,1
1003,1003626,단양군(들골교),1003661,제천시(구곡교),-2.0,0.0,13.6417,1.701,1
1003,1003652,제천시(덕동교),1003667,제천시(용암교),-2.0,0.0,4.7413,3.5452,1
1003,1003625,영월군(각동교),1003642,단양군(덕천교),-1.0,0.0,10.9322,1.5619,1
1003,1003652,제천시(덕동교),1003657,제천시(강저3교),-1.0,0.0,5.395,3.706,1
1003,1003620,영월군(옥동교),1003645,단양군(단양1교),-0.25,0.5,8.0518,1.8272,4
1003,1003601,영월군(주채교),1003603,영월군(내리2교),0.0,0.0,12.5009,1.6492,1
1003,1003601,영월군(주채교),1003645,단양군(단양1교),0.0,0.0,10.0988,2.9784,1
1003,1003601,영월군(주채교),1003667,제천시(용암교),0.0,0.0,6.4145,4.1893,1
1003,1003603,영월군(내리2교),1003645,단양군(단양1교),0.0,0.0,7.9001,3.5854,1
1003,1003603,영월군(내리2교),1003657,제천시(강저3교),0.0,0.0,2.8071,6.0867,1
1003,1003605,영월군(충혼교),1003620,영월군(옥동교),0.0,0.0,8.7238,0.5664,4
1003,1003605,영월군(충혼교),1003645,단양군(단양1교),0.0,0.0,8.4377,1.4796,4
1003,1003625,영월군(각동교),1003636,단양군(가대교),0.0,0.0,10.9993,0.4653,1
1003,1003626,단양군(들골교),1003667,제천시(용암교),0.0,0.0,7.544,3.1623,1
1003,1003636,단양군(가대교),1003642,단양군(덕천교),0.0,0.0,12.5707,0.4864,5
1003,1003657,제천시(강저3교),1003658,제천시(부수동교),0.0,0.71,4.616,1.8056,5
1003,1003660,제천시(팔송교),1003661,제천시(구곡교),0.0,0.0,9.4897,0.7541,5
1003,1003658,제천시(부수동교),1003660,제천시(팔송교),0.2,0.45,10.8086,0.4442,5
1003,1003657,제천시(강저3교),1003660,제천시(팔송교),0.4,0.89,5.0353,1.7932,5
1003,1003658,제천시(부수동교),1003661,제천시(구곡교),0.4,0.89,8.5341,0.7923,5
1003,1003625,영월군(각동교),1003657,제천시(강저3교),1.0,0.0,5.2253,2.5262,1
1003,1003625,영월군(각동교),1003661,제천시(구곡교),1.0,0.0,7.3918,1.9263,1
1003,1003657,제천시(강저3교),1003661,제천시(구곡교),1.0,0.71,4.8757,1.1452,5
1003,1003657,제천시(강저3교),1003667,제천시(용암교),1.0,0.0,3.3424,2.108,1
1003,1003661,제천시(구곡교),1003667,제천시(용암교),1.0,0.0,3.8351,2.5856,1
1003,1003625,영월군(각동교),1003667,제천시(용암교),2.0,0.0,5.0952,2.5246,1
1003,1003636,단양군(가대교),1003667,제천시(용암교),2.0,0.0,5.1881,2.6192,1
1003,1003642,단양군(덕천교),1003667,제천시(용암교),2.0,0.0,6.0337,2.0445,1
1003,1003636,단양군(가대교),1003657,제천시(강저3교),2.6,1.95,5.1343,2.252,5
1003,1003642,단양군(덕천교),1003657,제천시(강저3교),3.4,2.19,5.164,1.8873,5
1003,1003636,단양군(가대교),1003661,제천시(구곡교),4.4,2.19,8.564,1.1931,5
1003,1003652,제천시(덕동교),1003660,제천시(팔송교),5.0,0.0,19.0101,0.5343,1
1003,1003652,제천시(덕동교),1003658,제천시(부수동교),7.0,0.0,16.9907,0.5017,1
1003,1003642,단양군(덕천교),1003661,제천시(구곡교),7.2,4.55,8.5221,1.0421,5
1003,1003636,단양군(가대교),1003658,제천시(부수동교),7.4,4.98,9.0066,0.9902,5
1003,1003636,단양군(가대교),1003660,제천시(팔송교),9.0,4.24,9.9713,1.0393,5
1003,1003652,제천시(덕동교),1003661,제천시(구곡교),9.0,0.0,11.1334,2.1843,1
1003,1003642,단양군(덕천교),1003658,제천시(부수동교),9.2,8.01,8.8734,1.197,5
1003,1003601,영월군(주채교),1003642,단양군(덕천교),10.0,0.0,8.3849,4.5842,1
1003,1003601,영월군(주채교),1003657,제천시(강저3교),10.0,0.0,3.7775,5.7213,1
1003,1003642,단양군(덕천교),1003660,제천시(팔송교),12.0,7.55,9.8338,1.2437,5
1003,1003625,영월군(각동교),1003626,단양군(들골교),13.0,0.0,13.1793,3.3886,1
1003,1003636,단양군(가대교),1003652,제천시(덕동교),14.0,0.0,11.1224,1.4984,1
1003,1003625,영월군(각동교),1003652,제천시(덕동교),15.0,0.0,11.4065,1.5091,1
1003,1003625,영월군(각동교),1003658,제천시(부수동교),16.0,0.0,10.0896,1.6547,1
1003,1003625,영월군(각동교),1003660,제천시(팔송교),17.0,0.0,11.5261,1.5725,1
1003,1003642,단양군(덕천교),1003652,제천시(덕동교),21.0,0.0,10.5071,3.1158,1
1003,1003645,단양군(단양1교),1003667,제천시(용암교),22.0,0.0,5.7641,1.8105,1
1003,1003645,단양군(단양1교),1003652,제천시(덕동교),23.0,0.0,6.2539,3.7367,1
1003,1003603,영월군(내리2교),1003642,단양군(덕천교),28.0,0.0,6.6177,5.0036,1
1003,1003603,영월군(내리2교),1003667,제천시(용암교),29.0,0.0,5.0879,4.561,1
1003,1003601,영월군(주채교),1003625,영월군(각동교),36.0,0.0,6.4454,4.4824,1
1003,1003605,영월군(충혼교),1003642,단양군(덕천교),36.25,28.3,8.1489,3.2546,4
1003,1003605,영월군(충혼교),1003636,단양군(가대교),36.75,28.12,8.1654,3.2818,4
1003,1003603,영월군(내리2교),1003636,단양군(가대교),37.0,0.0,5.2444,4.2324,1
1003,1003645,단양군(단양1교),1003657,제천시(강저3교),37.4,27.62,4.139,3.8076,5
1003,1003601,영월군(주채교),1003636,단양군(가대교),39.0,0.0,6.5381,4.1716,1
1003,1003603,영월군(내리2교),1003625,영월군(각동교),39.0,0.0,5.1736,4.5659,1
1003,1003620,영월군(옥동교),1003642,단양군(덕천교),41.75,31.35,8.0159,3.5826,4
1003,1003620,영월군(옥동교),1003636,단양군(가대교),42.0,30.87,8.0013,3.6338,4
1003,1003645,단양군(단양1교),1003661,제천시(구곡교),44.8,31.11,6.6126,3.4346,5
1003,1003645,단양군(단양1교),1003660,제천시(팔송교),45.6,30.86,7.647,3.6994,5
1003,1003645,단양군(단양1교),1003658,제천시(부수동교),45.8,31.29,6.94,3.303,5
1003,1003605,영월군(충혼교),1003657,제천시(강저3교),46.0,32.65,3.7122,3.5054,4
1003,1003620,영월군(옥동교),1003657,제천시(강저3교),48.0,34.35,3.9632,3.1481,4
1003,1003620,영월군(옥동교),1003661,제천시(구곡교),49.75,34.27,6.766,3.1876,4
1003,1003605,영월군(충혼교),1003658,제천시(부수동교),50.0,34.47,6.964,2.9039,4
1003,1003620,영월군(옥동교),1003658,제천시(부수동교),50.0,34.47,7.0818,3.035,4
1003,1003605,영월군(충혼교),1003660,제천시(팔송교),50.25,33.97,7.5816,3.3514,4
1003,1003605,영월군(충혼교),1003661,제천시(구곡교),50.25,33.97,6.6619,3.153,4
1003,1003620,영월군(옥동교),1003660,제천시(팔송교),50.25,33.97,7.6632,3.4403,4
1003,1003603,영월군(내리2교),1003626,단양군(들골교),54.0,0.0,6.345,6.7742,1
1003,1003601,영월군(주채교),1003626,단양군(들골교),55.0,0.0,7.8664,6.3937,1
1003,1003601,영월군(주채교),1003661,제천시(구곡교),69.0,0.0,4.7656,6.1271,1
1003,1003603,영월군(내리2교),1003661,제천시(구곡교),69.0,0.0,3.9019,6.3142,1
1004,1004631,괴산군(월문교),1004661,괴산군(제2괴산교),-151.0,0.0,5.1237,5.8055,1
1004,1004631,괴산군(월문교),1005605,충주시(탄금교),-74.0,0.0,4.6807,4.528,1
1004,1004640,괴산군(적석교),1005605,충주시(탄금교),-68.0,0.0,5.3138,5.8881,1
1004,1004661,괴산군(제2괴산교),1004694,충주시(주덕교),-61.0,0.0,1.4608,6.9118,1
1004,1004646,괴산군(비도교),1004661,괴산군(제2괴산교),-58.6,62.68,5.59,3.5381,5
1004,1004645,괴산군(수전교),1004661,괴산군(제2괴산교),-56.6,62.71,6.4971,2.774,5
1004,1004645,괴산군(수전교),1004696,충주시(봉계교),-51.0,0.0,1.8322,4.3021,1
1004,1004680,충주시(문강교),1004694,충주시(주덕교),-48.0,0.0,3.506,2.2815,1
1004,1004680,충주시(문강교),1004696,충주시(봉계교),-47.0,0.0,1.5704,2.326,1
1004,1004670,괴산군(추산교),1004696,충주시(봉계교),-39.0,0.0,1.2224,8.2489,1
1004,1004670,괴산군(추산교),1004694,충주시(주덕교),-38.0,0.0,2.5298,8.082,1
1004,1004646,괴산군(비도교),1004680,충주시(문강교),-36.4,34.8,6.1834,3.1902,5
1004,1004645,괴산군(수전교),1004680,충주시(문강교),-33.2,28.97,7.3615,2.4243,5
1004,1004646,괴산군(비도교),1004695,충주시(국원대교),-30.0,37.43,5.5507,3.2011,5
1004,1004620,청주시(옥화1교),1004661,괴산군(제2괴산교),-29.8,67.76,5.2092,3.0464,5
1004,1004645,괴산군(수전교),1004670,괴산군(추산교),-29.8,31.43,6.8487,2.8244,5
1004,1004616,청주시(청석굴교),1004661,괴산군(제2괴산교),-29.6,67.88,4.9986,2.8652,5
1004,1004646,괴산군(비도교),1004670,괴산군(추산교),-29.4,37.99,5.6841,3.464,5
1004,1004620,청주시(옥화1교),1005605,충주시(탄금교),-15.6,106.8,3.1424,4.4235,5
1004,1004645,괴산군(수전교),1004693,괴산군(목도교),-15.2,28.24,10.7781,1.1563,5
1004,1004645,괴산군(수전교),1004695,충주시(국원대교),-15.0,28.08,6.7394,2.7044,5
1004,1004616,청주시(청석굴교),1005605,충주시(탄금교),-14.0,105.38,2.9807,4.7174,5
1004,1004646,괴산군(비도교),1004693,괴산군(목도교),-13.8,32.01,8.7774,2.0783,5
1004,1004693,괴산군(목도교),1004695,충주시(국원대교),-12.2,22.32,6.5859,2.3728,5
1004,1004661,괴산군(제2괴산교),1004680,충주시(문강교),-10.0,15.92,6.8123,2.1973,5
1004,1004680,충주시(문강교),1004695,충주시(국원대교),-9.4,22.48,6.3399,1.6539,5
1004,1004616,청주시(청석굴교),1004680,충주시(문강교),-8.4,15.9,5.0765,2.0423,5
1004,1004620,청주시(옥화1교),1004680,충주시(문강교),-8.2,15.91,5.547,1.9558,5
1004,1004616,청주시(청석굴교),1004670,괴산군(추산교),-8.0,17.33,4.7369,3.4609,5
1004,1004616,청주시(청석굴교),1004695,충주시(국원대교),-8.0,16.78,5.267,1.5057,5
1004,1004620,청주시(옥화1교),1004670,괴산군(추산교),-8.0,17.33,5.1822,3.4563,5
1004,1004645,괴산군(수전교),1005605,충주시(탄금교),-5.0,57.0,5.6609,4.3223,5
1004,1004693,괴산군(목도교),1004696,충주시(봉계교),-3.0,0.0,1.5424,4.965,1
1004,1004616,청주시(청석굴교),1004640,괴산군(적석교),-2.0,0.0,6.0316,1.054,1
1004,1004631,괴산군(월문교),1004695,충주시(국원대교),-2.0,0.0,5.5725,2.2278,1
1004,1004620,청주시(옥화1교),1004640,괴산군(적석교),-1.0,0.0,5.8349,0.8444,1
1004,1004631,괴산군(월문교),1004694,충주시(주덕교),-1.0,0.0,4.0336,2.3904,1
1004,1004645,괴산군(수전교),1004694,충주시(주덕교),-1.0,0.0,3.705,3.9553,1
1004,1004693,괴산군(목도교),1004694,충주시(주덕교),-1.0,0.0,3.9422,4.4403,1
1004,1004694,충주시(주덕교),1004695,충주시(국원대교),-1.0,0.0,4.5297,0.4979,1
1004,1004694,충주시(주덕교),1005605,충주시(탄금교),-1.0,0.0,2.2781,6.1122,1
1004,1004620,청주시(옥화1교),1004695,충주시(국원대교),-0.6,0.55,5.5883,1.7043,5
1004,1004670,괴산군(추산교),1004680,충주시(문강교),-0.4,3.91,6.6361,2.103,5
1004,1004670,괴산군(추산교),1004695,충주시(국원대교),-0.2,0.45,6.2978,2.4987,5
1004,1004616,청주시(청석굴교),1004620,청주시(옥화1교),0.0,0.0,5.96,0.7276,5
1004,1004616,청주시(청석굴교),1004694,충주시(주덕교),0.0,0.0,3.9155,0.9566,1
1004,1004616,청주시(청석굴교),1004696,충주시(봉계교),0.0,0.0,2.2775,1.2074,1
1004,1004620,청주시(옥화1교),1004694,충주시(주덕교),0.0,0.0,3.5631,0.8135,1
1004,1004631,괴산군(월문교),1004640,괴산군(적석교),0.0,0.0,7.1607,2.449,1
1004,1004631,괴산군(월문교),1004645,괴산군(수전교),0.0,0.0,8.6433,1.7201,1
1004,1004631,괴산군(월문교),1004646,괴산군(비도교),0.0,0.0,9.4325,0.9981,1
1004,1004631,괴산군(월문교),1004670,괴산군(추산교),0.0,0.0,6.9937,5.0854,1
1004,1004631,괴산군(월문교),1004693,괴산군(목도교),0.0,0.0,11.0732,1.3438,1
1004,1004631,괴산군(월문교),1004696,충주시(봉계교),0.0,0.0,1.8824,3.0662,1
1004,1004640,괴산군(적석교),1004670,괴산군(추산교),0.0,0.0,5.2003,6.7018,1
1004,1004640,괴산군(적석교),1004680,충주시(문강교),0.0,0.0,7.0516,1.4851,1
1004,1004640,괴산군(적석교),1004696,충주시(봉계교),0.0,0.0,1.9233,1.8048,1
1004,1004646,괴산군(비도교),1004694,충주시(주덕교),0.0,0.0,4.1815,2.7246,1
1004,1004646,괴산군(비도교),1004696,충주시(봉계교),0.0,0.0,1.9881,3.2334,1
1004,1004694,충주시(주덕교),1004696,충주시(봉계교),0.0,0.0,1.9543,0.992,1
1004,1004620,청주시(옥화1교),1004693,괴산군(목도교),0.8,1.92,7.0438,2.1759,5
1004,1004616,청주시(청석굴교),1004631,괴산군(월문교),1.0,0.0,5.0465,2.8197,1
1004,1004616,청주시(청석굴교),1004693,괴산군(목도교),1.0,1.73,5.997,2.6243,5
1004,1004620,청주시(옥화1교),1004631,괴산군(월문교),1.0,0.0,5.4697,2.5269,1
1004,1004620,청주시(옥화1교),1004696,충주시(봉계교),1.0,0.0,2.1495,1.2803,1
1004,1004640,괴산군(적석교),1004693,괴산군(목도교),1.0,0.0,10.7245,3.4279,1
1004,1004640,괴산군(적석교),1004695,충주시(국원대교),1.0,0.0,5.3033,1.3066,1
1004,1004661,괴산군(제2괴산교),1004696,충주시(봉계교),1.0,0.0,0.7894,6.7563,1
1004,1004695,충주시(국원대교),1004696,충주시(봉계교),1.0,0.0,2.1804,1.2217,1
1004,1004620,청주시(옥화1교),1004645,괴산군(수전교),1.4,2.61,8.2519,1.6867,5
1004,1004616,청주시(청석굴교),1004645,괴산군(수전교),1.6,3.05,6.8823,2.1732,5
1004,1004640,괴산군(적석교),1004645,괴산군(수전교),2.0,0.0,10.1855,2.7457,1
1004,1004640,괴산군(적석교),1004646,괴산군(비도교),3.0,0.0,10.5502,1.8526,1
1004,1004640,괴산군(적석교),1004661,괴산군(제2괴산교),3.0,0.0,4.3013,5.7045,1
1004,1004640,괴산군(적석교),1004694,충주시(주덕교),3.0,0.0,3.4071,1.7111,1
1004,1004631,괴산군(월문교),1004680,충주시(문강교),8.0,0.0,4.5066,2.7848,1
1004,1004646,괴산군(비도교),1005605,충주시(탄금교),10.0,65.52,4.5352,4.6768,5
1004,1004670,괴산군(추산교),1004693,괴산군(목도교),11.8,22.57,7.438,1.9364,5
1004,1004680,충주시(문강교),1004693,괴산군(목도교),17.8,21.55,7.7525,2.0159,5
1004,1004645,괴산군(수전교),1004646,괴산군(비도교),20.6,29.64,8.3243,1.8293,5
1004,1004661,괴산군(제2괴산교),1004695,충주시(국원대교),21.6,74.17,6.054,2.5152,5
1004,1004620,청주시(옥화1교),1004646,괴산군(비도교),21.8,28.48,5.6701,2.7773,5
1004,1004661,괴산군(제2괴산교),1004670,괴산군(추산교),22.2,74.96,7.0349,1.6991,5
1004,1004616,청주시(청석굴교),1004646,괴산군(비도교),29.2,38.16,4.8564,3.0146,5
1004,1004693,괴산군(목도교),1005605,충주시(탄금교),35.2,100.48,4.9785,4.6356,5
1004,1004661,괴산군(제2괴산교),1004693,괴산군(목도교),39.8,65.37,7.3317,2.1914,5
1004,1004696,충주시(봉계교),1005605,충주시(탄금교),47.0,0.0,2.4852,5.7125,1
1004,1004661,괴산군(제2괴산교),1005605,충주시(탄금교),47.8,108.52,3.7465,5.3712,5
1004,1004695,충주시(국원대교),1005605,충주시(탄금교),49.0,106.56,3.424,5.2096,5
1004,1004670,괴산군(추산교),1005605,충주시(탄금교),49.8,106.25,3.8731,4.7684,5
1004,1004680,충주시(문강교),1005605,충주시(탄금교),57.4,100.85,3.792,4.5645,5
1005,1005640,충주시(목계교),1005650,충주시(능암교),-124.0,0.0,4.1461,6.9509,1
1005,1005640,충주시(목계교),1005660,충주시(세포교),-123.0,0.0,4.3419,6.5565,1
1005,1005660,충주시(세포교),1005697,원주시(남한강대교),-13.0,0.0,6.2439,3.1835,1
1005,1005695,원주시(법천교),1005697,원주시(남한강대교),-1.4,1.52,3.5115,3.0324,5
1005,1005650,충주시(능암교),1005695,원주시(법천교),-1.0,0.0,6.2871,2.0038,1
1005,1005650,충주시(능암교),1005660,충주시(세포교),0.0,0.0,9.3701,1.1536,1
1005,1005660,충주시(세포교),1005695,원주시(법천교),0.0,0.0,7.539,1.9305,1
1005,1005640,충주시(목계교),1005697,원주시(남한강대교),25.6,38.31,4.8059,2.9757,5
1005,1005640,충주시(목계교),1005695,원주시(법천교),31.4,86.92,3.0093,5.3288,5
1005,1005650,충주시(능암교),1005697,원주시(남한강대교),124.0,0.0,3.9981,3.5307,1
1006,1006628,횡성군(청곡교),1006680,원주시(지정대교),-30.0,0.0,3.9274,3.8948,1
1006,1006677,원주시(판대2교),1006680,원주시(지정대교),-23.0,0.0,4.1397,4.0353,1
1006,1006665,원주시(원주교),1006666,원주시(가현교),-17.6,37.68,3.7511,1.6381,5
1006,1006665,원주시(원주교),1006685,원주시(봉미교),-17.0,38.01,5.3647,1.9569,5
1006,1006650,횡성군(횡성교),1006665,원주시(원주교),-7.2,20.57,3.9757,3.4852,5
1006,1006630,횡성군(오산교),1006680,원주시(지정대교),-3.8,11.88,7.545,1.5975,5
1006,1006666,원주시(가현교),1006680,원주시(지정대교),-3.2,6.61,4.5498,1.5508,5
1006,1006628,횡성군(청곡교),1006690,원주시(문막교),-3.0,0.0,7.1476,0.9124,1
1006,1006670,원주시(옥산교),1006680,원주시(지정대교),-1.2,1.1,6.276,1.7708,5
1006,1006628,횡성군(청곡교),1006650,횡성군(횡성교),-1.0,0.0,7.8542,1.0957,1
1006,1006628,횡성군(청곡교),1006660,횡성군(전천교),-1.0,0.0,10.8422,0.8371,1
1006,1006628,횡성군(청곡교),1006666,원주시(가현교),-1.0,0.0,4.1952,1.5979,1
1006,1006628,횡성군(청곡교),1006670,원주시(옥산교),-1.0,0.0,7.9382,0.8839,1
1006,1006628,횡성군(청곡교),1006672,원주시(장현교),-1.0,0.0,7.5811,0.9046,1
1006,1006628,횡성군(청곡교),1006677,원주시(판대2교),-1.0,0.0,7.5953,0.6164,1
1006,1006672,원주시(장현교),1006680,원주시(지정대교),-1.0,0.71,6.5905,1.5428,5
1006,1006677,원주시(판대2교),1006690,원주시(문막교),-1.0,0.0,6.9516,0.7074,1
1006,1006685,원주시(봉미교),1006690,원주시(문막교),-1.0,0.0,6.3882,0.8644,5
1006,1006650,횡성군(횡성교),1006666,원주시(가현교),-0.4,0.89,4.6526,2.569,5
1006,1006660,횡성군(전천교),1006672,원주시(장현교),-0.4,0.55,6.8624,1.08,5
1006,1006660,횡성군(전천교),1006666,원주시(가현교),-0.2,1.1,5.0681,1.0781,5
1006,1006670,원주시(옥산교),1006690,원주시(문막교),-0.2,1.3,7.3376,0.3953,5
1006,1006672,원주시(장현교),1006690,원주시(문막교),-0.2,1.3,7.6119,0.3095,5
1006,1006628,횡성군(청곡교),1006630,횡성군(오산교),0.0,0.0,7.3614,0.857,1
1006,1006628,횡성군(청곡교),1006685,원주시(봉미교),0.0,0.0,6.1432,0.9069,1
1006,1006630,횡성군(오산교),1006677,원주시(판대2교),0.0,0.0,6.4505,0.5174,1
1006,1006660,횡성군(전천교),1006670,원주시(옥산교),0.0,0.0,6.7318,1.1999,5
1006,1006660,횡성군(전천교),1006677,원주시(판대2교),0.0,0.0,8.5525,1.4202,1
1006,1006660,횡성군(전천교),1006690,원주시(문막교),0.0,0.71,7.0732,1.1506,5
1006,1006666,원주시(가현교),1006677,원주시(판대2교),0.0,0.0,3.5834,0.9604,1
1006,1006666,원주시(가현교),1006690,원주시(문막교),0.0,0.0,4.9412,1.3789,5
1006,1006670,원주시(옥산교),1006672,원주시(장현교),0.0,0.0,7.2512,0.2656,5
1006,1006670,원주시(옥산교),1006677,원주시(판대2교),0.0,0.0,7.4241,0.3831,1
1006,1006672,원주시(장현교),1006677,원주시(판대2교),0.0,0.0,7.3771,0.4986,1
1006,1006677,원주시(판대2교),1006685,원주시(봉미교),0.0,0.0,5.0518,0.7851,1
1006,1006650,횡성군(횡성교),1006680,원주시(지정대교),0.2,1.3,6.3468,3.0683,5
1006,1006666,원주시(가현교),1006672,원주시(장현교),0.2,1.3,4.7563,1.371,5
1006,1006630,횡성군(오산교),1006650,횡성군(횡성교),0.4,0.89,7.8809,1.9689,5
1006,1006630,횡성군(오산교),1006666,원주시(가현교),0.4,0.89,5.521,1.0094,5
1006,1006666,원주시(가현교),1006670,원주시(옥산교),0.4,0.89,4.609,1.4569,5
1006,1006660,횡성군(전천교),1006685,원주시(봉미교),0.6,0.89,6.6927,1.1109,5
1006,1006666,원주시(가현교),1006685,원주시(봉미교),0.6,0.55,5.4826,0.8907,5
1006,1006670,원주시(옥산교),1006685,원주시(봉미교),0.6,1.34,6.045,0.9164,5
1006,1006672,원주시(장현교),1006685,원주시(봉미교),0.6,1.34,6.1223,0.9573,5
1006,1006650,횡성군(횡성교),1006690,원주시(문막교),0.8,0.45,7.7053,1.486,5
1006,1006650,횡성군(횡성교),1006677,원주시(판대2교),1.0,0.0,7.0033,0.6896,1
1006,1006630,횡성군(오산교),1006660,횡성군(전천교),1.2,1.3,8.0365,1.1123,5
1006,1006650,횡성군(횡성교),1006660,횡성군(전천교),1.2,1.1,6.97,2.3999,5
1006,1006650,횡성군(횡성교),1006670,원주시(옥산교),1.2,1.1,7.6173,1.2932,5
1006,1006650,횡성군(횡성교),1006672,원주시(장현교),1.2,1.1,7.5714,1.5328,5
1006,1006630,횡성군(오산교),1006690,원주시(문막교),1.4,1.34,8.3393,0.935,5
1006,1006630,횡성군(오산교),1006670,원주시(옥산교),1.6,1.95,7.5957,1.0387,5
1006,1006665,원주시(원주교),1006680,원주시(지정대교),1.6,6.99,5.1528,0.9779,5
1006,1006630,횡성군(오산교),1006672,원주시(장현교),1.8,1.64,7.9126,0.9881,5
1006,1006650,횡성군(횡성교),1006685,원주시(봉미교),1.8,0.45,6.1545,1.8077,5
1006,1006680,원주시(지정대교),1006690,원주시(문막교),5.4,10.99,6.8797,1.5595,5
1006,1006665,원주시(원주교),1006690,원주시(문막교),7.0,17.89,4.5508,2.1168,5
1006,1006665,원주시(원주교),1006672,원주시(장현교),7.2,17.82,4.4324,2.0717,5
1006,1006680,원주시(지정대교),1006685,원주시(봉미교),7.2,12.77,5.6193,1.6971,5
1006,1006665,원주시(원주교),1006670,원주시(옥산교),7.4,18.27,4.1982,2.2361,5
1006,1006630,횡성군(오산교),1006685,원주시(봉미교),15.6,12.92,7.286,1.2154,5
1006,1006660,횡성군(전천교),1006665,원주시(원주교),17.8,39.25,4.8676,1.7877,5
1006,1006660,횡성군(전천교),1006680,원주시(지정대교),20.4,45.62,6.5532,1.191,5
1006,1006630,횡성군(오산교),1006665,원주시(원주교),33.6,34.43,4.5067,2.4887,5
1006,1006665,원주시(원주교),1006677,원주시(판대2교),42.0,0.0,4.1602,5.1559,1
1006,1006628,횡성군(청곡교),1006665,원주시(원주교),93.0,0.0,5.0081,5.0872,1
1007,1007685,양평군(양평교),1007687,양평군(여물교),-78.0,0.0,3.572,6.2001,1
1007,1007633,강천보(상류),1007641,여주보(하류),-70.2,54.04,4.3691,3.2213,5
1007,1007633,강천보(상류),1007634,강천보(하류),-70.0,54.38,4.2735,3.0966,5
1007,1007605,이천시(장호원교),1007662,이포보(상류),-68.4,96.52,4.7651,3.4624,5
1007,1007662,이포보(상류),1007664,이포보(하류),-68.2,62.72,4.2222,3.7536,5
1007,1007617,여주시(삼합교),1007662,이포보(상류),-67.4,97.48,5.1321,3.5903,5
1007,1007615,여주시(원부교),1007662,이포보(상류),-67.2,97.62,4.5798,3.5766,5
1007,1007633,강천보(상류),1007664,이포보(하류),-65.0,61.62,4.2754,3.6563,5
1007,1007633,강천보(상류),1007635,여주시(여주대교),-64.8,60.52,4.7747,3.0377,5
1007,1007639,여주보(상류),1007641,여주보(하류),-64.2,59.98,4.173,2.9045,5
1007,1007633,강천보(상류),1007640,여주시(율극교),-63.0,61.64,4.4108,3.3963,5
1007,1007639,여주보(상류),1007664,이포보(하류),-58.6,68.22,3.477,3.5551,5
1007,1007639,여주보(상류),1007640,여주시(율극교),-57.4,68.74,3.4214,3.3213,5
1007,1007662,이포보(상류),1007690,양평군(봉상교),-53.8,50.94,5.1259,4.3009,5
1007,1007662,이포보(상류),1007685,양평군(양평교),-53.6,88.37,4.1194,3.9172,5
1007,1007662,이포보(상류),1007680,양평군(흑천교),-53.0,49.3,4.7678,4.3205,5
1007,1007639,여주보(상류),1007655,여주시(양촌교),-52.8,52.37,4.2616,3.3574,5
1007,1007633,강천보(상류),1007685,양평군(양평교),-50.4,88.97,4.3065,4.1251,5
1007,1007633,강천보(상류),1007655,여주시(양촌교),-49.0,39.43,5.3189,3.4868,5
1007,1007639,여주보(상류),1007690,양평군(봉상교),-48.8,62.57,4.0209,4.012,5
1007,1007639,여주보(상류),1007680,양평군(흑천교),-48.6,61.49,3.774,3.9878,5
1007,1007639,여주보(상류),1007650,여주시(흥천대교),-47.8,61.39,3.4506,3.4243,5
1007,1007639,여주보(상류),1007685,양평군(양평교),-47.6,100.88,3.2231,3.781,5
1007,1007633,강천보(상류),1007680,양평군(흑천교),-46.2,46.28,5.1328,3.9165,5
1007,1007633,강천보(상류),1007645,이천시(복하교),-45.6,45.77,4.0762,2.8185,5
1007,1007633,강천보(상류),1007690,양평군(봉상교),-45.6,47.11,5.515,3.8886,5
1007,1007633,강천보(상류),1007642,이천시(동산교),-44.8,45.55,3.564,3.1054,5
1007,1007633,강천보(상류),1007650,여주시(흥천대교),-44.0,45.22,4.5172,3.2381,5
1007,1007662,이포보(상류),1007697,양평군(신원리),-43.8,79.05,3.7487,3.4882,5
1007,1007639,여주보(상류),1007697,양평군(신원리),-37.2,91.59,3.3119,3.0786,5
1007,1007626,여주시(용은교),1007641,여주보(하류),-35.0,0.0,7.7066,2.6288,1
1007,1007626,여주시(용은교),1007639,여주보(상류),-34.0,0.0,6.4605,3.2624,1
1007,1007608,이천시(고당교),1007620,여주시(강천리),-33.0,0.0,3.6664,3.1623,1
1007,1007608,이천시(고당교),1007625,여주시(남한강교),-33.0,0.0,3.7579,3.5217,1
1007,1007608,이천시(고당교),1007639,여주보(상류),-33.0,0.0,3.2072,3.1518,1
1007,1007626,여주시(용은교),1007634,강천보(하류),-33.0,0.0,6.7627,3.0468,1
1007,1007606,안성시(두현교),1007625,여주시(남한강교),-32.0,0.0,3.1505,3.4538,1
1007,1007608,이천시(고당교),1007634,강천보(하류),-32.0,0.0,3.1716,2.6008,1
1007,1007650,여주시(흥천대교),1007662,이포보(상류),-31.2,25.74,4.8321,3.2998,5
1007,1007606,안성시(두현교),1007620,여주시(강천리),-31.0,0.0,2.9696,3.086,1
1007,1007642,이천시(동산교),1007662,이포보(상류),-31.0,26.02,3.7709,2.6048,5
1007,1007645,이천시(복하교),1007662,이포보(상류),-30.4,25.47,4.2898,2.7455,5
1007,1007606,안성시(두현교),1007639,여주보(상류),-30.0,0.0,2.603,3.0855,1
1007,1007608,이천시(고당교),1007641,여주보(하류),-28.0,0.0,3.5984,2.8427,1
1007,1007608,이천시(고당교),1007655,여주시(양촌교),-28.0,0.0,4.5807,2.1973,1
1007,1007626,여주시(용은교),1007655,여주시(양촌교),-28.0,0.0,10.4343,2.203,1
1007,1007606,안성시(두현교),1007634,강천보(하류),-27.0,0.0,2.5609,2.5647,1
1007,1007606,안성시(두현교),1007641,여주보(하류),-27.0,0.0,2.9127,2.85,1
1007,1007606,안성시(두현교),1007655,여주시(양촌교),-27.0,0.0,3.3184,2.1532,1
1007,1007604,안성시(한평교),1007662,이포보(상류),-22.2,23.53,3.8385,2.7016,5
1007,1007604,안성시(한평교),1007639,여주보(상류),-21.8,11.88,3.1157,2.3814,5
1007,1007604,안성시(한평교),1007634,강천보(하류),-21.4,12.4,4.0437,2.767,5
1007,1007625,여주시(남한강교),1007662,이포보(상류),-21.4,38.95,3.8372,3.5368,5
1007,1007604,안성시(한평교),1007625,여주시(남한강교),-21.2,10.89,3.9943,2.7418,5
1007,1007604,안성시(한평교),1007620,여주시(강천리),-20.2,10.55,4.4678,2.546,5
1007,1007604,안성시(한평교),1007641,여주보(하류),-19.6,10.62,4.7084,2.5239,5
1007,1007610,음성군(총천교),1007637,여주시(당우교),-19.0,0.0,3.1811,4.9315,1
1007,1007604,안성시(한평교),1007635,여주시(여주대교),-18.0,15.1,4.712,2.7021,5
1007,1007633,강천보(상류),1007639,여주보(상류),-17.4,9.53,4.7793,1.3122,5
1007,1007642,이천시(동산교),1007664,이포보(하류),-16.4,11.78,4.7037,2.1655,5
1007,1007650,여주시(흥천대교),1007664,이포보(하류),-16.2,12.05,6.3088,1.6692,5
1007,1007604,안성시(한평교),1007664,이포보(하류),-15.8,17.53,4.874,3.0315,5
1007,1007645,이천시(복하교),1007664,이포보(하류),-15.8,11.23,6.5716,2.1942,5
1007,1007626,여주시(용은교),1007637,여주시(당우교),-14.0,0.0,7.178,1.8089,1
1007,1007604,안성시(한평교),1007640,여주시(율극교),-13.4,18.05,5.7058,2.4667,5
1007,1007633,강천보(상류),1007662,이포보(상류),-13.2,17.75,4.6298,1.4949,5
1007,1007655,여주시(양촌교),1007664,이포보(하류),-11.6,23.77,7.4111,1.8322,5
1007,1007604,안성시(한평교),1007615,여주시(원부교),-11.2,27.5,6.9918,1.856,5
1007,1007604,안성시(한평교),1007617,여주시(삼합교),-10.2,28.93,7.2469,1.8778,5
1007,1007620,여주시(강천리),1007697,양평군(신원리),-10.0,19.57,3.896,4.0059,5
1007,1007625,여주시(남한강교),1007697,양평군(신원리),-9.6,19.23,3.9205,3.8206,5
1007,1007604,안성시(한평교),1007605,이천시(장호원교),-9.4,28.46,7.1217,1.724,5
1007,1007626,여주시(용은교),1007633,강천보(상류),-7.0,0.0,9.6923,1.6084,1
1007,1007626,여주시(용은교),1007635,여주시(여주대교),-7.0,0.0,9.6197,1.7689,1
1007,1007608,이천시(고당교),1007615,여주시(원부교),-6.0,0.0,6.0073,1.3269,1
1007,1007608,이천시(고당교),1007633,강천보(상류),-6.0,0.0,4.5931,1.746,1
1007,1007642,이천시(동산교),1007655,여주시(양촌교),-5.8,13.54,5.7083,1.9302,5
1007,1007640,여주시(율극교),1007641,여주보(하류),-5.6,11.97,7.2059,1.2042,5
1007,1007635,여주시(여주대교),1007641,여주보(하류),-5.4,12.07,7.2617,0.8195,5
1007,1007650,여주시(흥천대교),1007655,여주시(양촌교),-5.4,13.22,8.1038,1.0876,5
1007,1007606,안성시(두현교),1007615,여주시(원부교),-5.0,0.0,4.052,1.7149,1
1007,1007606,안성시(두현교),1007633,강천보(상류),-5.0,0.0,3.4907,2.0154,1
1007,1007608,이천시(고당교),1007635,여주시(여주대교),-5.0,0.0,4.4771,1.9548,1
1007,1007645,이천시(복하교),1007655,여주시(양촌교),-4.8,12.97,7.627,2.0526,5
1007,1007626,여주시(용은교),1007664,이포보(하류),-4.0,0.0,6.4547,2.9088,1
1007,1007604,안성시(한평교),1007655,여주시(양촌교),-3.2,5.5,6.0189,2.6305,5
1007,1007604,안성시(한평교),1007685,양평군(양평교),-3.0,55.02,5.0079,3.99,5
1007,1007608,이천시(고당교),1007664,이포보(하류),-3.0,0.0,2.9725,3.8504,1
1007,1007606,안성시(두현교),1007664,이포보(하류),-2.0,0.0,2.2168,4.4101,1
1007,1007617,여주시(삼합교),1007637,여주시(당우교),-2.0,0.0,7.3325,1.4953,1
1007,1007642,이천시(동산교),1007690,양평군(봉상교),-2.0,1.41,5.6835,1.9545,5
1007,1007620,여주시(강천리),1007634,강천보(하류),-1.8,1.64,7.0354,0.5978,5
1007,1007642,이천시(동산교),1007680,양평군(흑천교),-1.8,0.45,5.2256,1.9536,5
1007,1007680,양평군(흑천교),1007685,양평군(양평교),-1.8,45.9,7.8871,2.8805,5
1007,1007642,이천시(동산교),1007685,양평군(양평교),-1.6,45.05,4.518,2.9583,5
1007,1007645,이천시(복하교),1007685,양평군(양평교),-1.6,45.51,6.4112,3.2349,5
1007,1007650,여주시(흥천대교),1007685,양평군(양평교),-1.6,45.05,6.2626,2.6061,5
1007,1007610,음성군(총천교),1007615,여주시(원부교),-1.4,2.19,6.8099,1.7797,5
1007,1007650,여주시(흥천대교),1007690,양평군(봉상교),-1.4,0.89,8.352,1.1876,5
1007,1007655,여주시(양촌교),1007680,양평군(흑천교),-1.4,1.34,9.5604,0.8081,5
1007,1007605,이천시(장호원교),1007615,여주시(원부교),-1.2,2.77,10.6163,0.3473,5
1007,1007640,여주시(율극교),1007664,이포보(하류),-1.2,1.64,7.2672,1.3021,5
1007,1007604,안성시(한평교),1007637,여주시(당우교),-1.0,0.0,5.8539,1.0703,1
1007,1007605,이천시(장호원교),1007637,여주시(당우교),-1.0,0.0,6.5561,1.563,1
1007,1007606,안성시(두현교),1007626,여주시(용은교),-1.0,0.0,4.406,2.5752,1
1007,1007606,안성시(두현교),1007635,여주시(여주대교),-1.0,0.0,3.3236,2.1825,1
1007,1007606,안성시(두현교),1007640,여주시(율극교),-1.0,0.0,4.3085,1.4227,1
1007,1007606,안성시(두현교),1007680,양평군(흑천교),-1.0,0.0,3.6691,0.7216,1
1007,1007608,이천시(고당교),1007617,여주시(삼합교),-1.0,0.0,7.3969,1.1788,1
1007,1007608,이천시(고당교),1007626,여주시(용은교),-1.0,0.0,6.7844,1.8755,1
1007,1007608,이천시(고당교),1007640,여주시(율극교),-1.0,0.0,5.7857,1.1956,1
1007,1007608,이천시(고당교),1007645,이천시(복하교),-1.0,0.0,5.7917,1.1983,1
1007,1007608,이천시(고당교),1007680,양평군(흑천교),-1.0,0.0,4.4433,1.0252,1
1007,1007610,음성군(총천교),1007626,여주시(용은교),-1.0,0.0,4.7685,3.8813,1
1007,1007626,여주시(용은교),1007662,이포보(상류),-1.0,0.0,10.8097,1.2462,1
1007,1007626,여주시(용은교),1007680,양평군(흑천교),-1.0,0.0,7.9296,1.93,1
1007,1007637,여주시(당우교),1007639,여주보(상류),-1.0,0.0,4.7645,1.8881,1
1007,1007637,여주시(당우교),1007641,여주보(하류),-1.0,0.0,6.2789,1.4448,1
1007,1007637,여주시(당우교),1007655,여주시(양촌교),-1.0,0.0,7.8653,1.0179,1
1007,1007645,이천시(복하교),1007680,양평군(흑천교),-1.0,0.0,7.145,2.1919,5
1007,1007650,여주시(흥천대교),1007680,양평군(흑천교),-1.0,0.71,7.7318,1.121,5
1007,1007625,여주시(남한강교),1007634,강천보(하류),-0.8,1.64,6.3066,0.8022,5
1007,1007642,이천시(동산교),1007645,이천시(복하교),-0.8,0.45,7.0966,1.2456,5
1007,1007605,이천시(장호원교),1007617,여주시(삼합교),-0.6,0.89,11.1907,0.3358,5
1007,1007645,이천시(복하교),1007690,양평군(봉상교),-0.6,0.55,7.8621,2.2259,5
1007,1007610,음성군(총천교),1007617,여주시(삼합교),-0.4,0.89,7.1454,1.7985,5
1007,1007680,양평군(흑천교),1007690,양평군(봉상교),-0.4,0.89,11.4369,0.4252,5
1007,1007642,이천시(동산교),1007650,여주시(흥천대교),-0.2,0.45,6.3531,1.0656,5
1007,1007664,이포보(하류),1007685,양평군(양평교),-0.2,1.79,7.9717,1.1815,5
1007,1007605,이천시(장호원교),1007606,안성시(두현교),0.0,0.0,4.7109,1.5309,1
1007,1007605,이천시(장호원교),1007608,이천시(고당교),0.0,0.0,7.1677,0.9318,1
1007,1007605,이천시(장호원교),1007626,여주시(용은교),0.0,0.0,13.176,0.9316,1
1007,1007605,이천시(장호원교),1007687,양평군(여물교),0.0,0.0,8.3031,1.0737,1
1007,1007606,안성시(두현교),1007608,이천시(고당교),0.0,0.0,3.2455,0.5676,1
1007,1007606,안성시(두현교),1007610,음성군(총천교),0.0,0.0,1.9012,5.6585,1
1007,1007606,안성시(두현교),1007617,여주시(삼합교),0.0,0.0,4.8254,1.8276,1
1007,1007606,안성시(두현교),1007637,여주시(당우교),0.0,0.0,3.2341,1.4751,1
1007,1007606,안성시(두현교),1007642,이천시(동산교),0.0,0.0,3.7026,2.7124,1
1007,1007606,안성시(두현교),1007645,이천시(복하교),0.0,0.0,4.011,1.6839,1
1007,1007606,안성시(두현교),1007650,여주시(흥천대교),0.0,0.0,4.6784,1.8227,1
1007,1007606,안성시(두현교),1007662,이포보(상류),0.0,0.0,3.4895,1.9335,1
1007,1007606,안성시(두현교),1007687,양평군(여물교),0.0,0.0,3.1897,1.9305,1
1007,1007606,안성시(두현교),1007690,양평군(봉상교),0.0,0.0,3.6923,1.4257,1
1007,1007608,이천시(고당교),1007610,음성군(총천교),0.0,0.0,2.5651,5.0644,1
1007,1007608,이천시(고당교),1007637,여주시(당우교),0.0,0.0,3.675,1.1684,1
1007,1007608,이천시(고당교),1007642,이천시(동산교),0.0,0.0,5.6015,2.0215,1
1007,1007608,이천시(고당교),1007650,여주시(흥천대교),0.0,0.0,6.5669,1.3171,1
1007,1007608,이천시(고당교),1007662,이포보(상류),0.0,0.0,5.3167,1.2234,1
1007,1007608,이천시(고당교),1007687,양평군(여물교),0.0,0.0,4.385,1.362,1
1007,1007608,이천시(고당교),1007690,양평군(봉상교),0.0,0.0,4.8478,1.1045,1
1007,1007610,음성군(총천교),1007687,양평군(여물교),0.0,0.0,3.7623,4.1869,1
1007,1007615,여주시(원부교),1007637,여주시(당우교),0.0,0.0,5.8954,1.7506,1
1007,1007617,여주시(삼합교),1007687,양평군(여물교),0.0,0.0,9.1751,0.9252,1
1007,1007620,여주시(강천리),1007625,여주시(남한강교),0.0,0.0,6.3301,0.4661,5
1007,1007620,여주시(강천리),1007641,여주보(하류),0.0,0.0,7.3728,0.3674,5
1007,1007626,여주시(용은교),1007640,여주시(율극교),0.0,0.0,12.279,1.143,1
1007,1007626,여주시(용은교),1007645,이천시(복하교),0.0,0.0,11.8099,0.8775,1
1007,1007626,여주시(용은교),1007687,양평군(여물교),0.0,0.0,8.5755,0.9176,1
1007,1007626,여주시(용은교),1007690,양평군(봉상교),0.0,0.0,9.4231,0.9979,1
1007,1007635,여주시(여주대교),1007664,이포보(하류),0.0,0.71,7.1271,1.1539,5
1007,1007637,여주시(당우교),1007662,이포보(상류),0.0,0.0,6.3393,1.8543,1
1007,1007637,여주시(당우교),1007680,양평군(흑천교),0.0,0.0,6.0985,0.4339,1
1007,1007637,여주시(당우교),1007690,양평군(봉상교),0.0,0.0,6.3826,0.4174,1
1007,1007640,여주시(율극교),1007687,양평군(여물교),0.0,0.0,7.4596,1.0811,1
1007,1007642,이천시(동산교),1007687,양평군(여물교),0.0,0.0,6.8947,1.2983,1
1007,1007645,이천시(복하교),1007687,양평군(여물교),0.0,0.0,7.0968,1.3543,1
1007,1007650,여주시(흥천대교),1007687,양평군(여물교),0.0,0.0,8.2179,1.0597,1
1007,1007687,양평군(여물교),1007690,양평군(봉상교),0.0,0.0,6.9808,0.3966,1
1007,1007604,안성시(한평교),1007680,양평군(흑천교),0.2,6.61,5.9098,2.9101,5
1007,1007625,여주시(남한강교),1007641,여주보(하류),0.2,0.45,6.3253,0.7527,5
1007,1007645,이천시(복하교),1007650,여주시(흥천대교),0.4,0.89,8.1206,1.346,5
1007,1007604,안성시(한평교),1007690,양평군(봉상교),0.6,6.99,6.2353,3.0646,5
1007,1007605,이천시(장호원교),1007610,음성군(총천교),0.6,1.67,6.7916,1.9232,5
1007,1007615,여주시(원부교),1007617,여주시(삼합교),0.6,2.51,11.1756,0.3433,5
1007,1007633,강천보(상류),1007697,양평군(신원리),0.8,46.77,3.1954,3.1776,5
1007,1007617,여주시(삼합교),1007626,여주시(용은교),1.0,0.0,14.6122,0.7184,1
1007,1007620,여주시(강천리),1007637,여주시(당우교),1.0,0.0,5.0431,1.813,1
1007,1007626,여주시(용은교),1007642,이천시(동산교),1.0,0.0,11.5514,0.6339,1
1007,1007626,여주시(용은교),1007650,여주시(흥천대교),1.0,0.0,13.7543,0.6378,1
1007,1007634,강천보(하류),1007637,여주시(당우교),1.0,0.0,5.4935,1.36,1
1007,1007634,강천보(하류),1007641,여주보(하류),1.0,1.41,7.655,0.6652,5
1007,1007635,여주시(여주대교),1007637,여주시(당우교),1.0,0.0,6.4977,1.5462,1
1007,1007637,여주시(당우교),1007687,양평군(여물교),1.0,0.0,5.6169,0.8076,1
1007,1007662,이포보(상류),1007687,양평군(여물교),1.0,0.0,7.617,1.4866,1
1007,1007664,이포보(하류),1007687,양평군(여물교),1.0,0.0,3.9997,3.2472,1
1007,1007680,양평군(흑천교),1007687,양평군(여물교),1.0,0.0,6.1376,1.1954,1
1007,1007604,안성시(한평교),1007645,이천시(복하교),1.2,6.61,7.0423,1.1429,5
1007,1007635,여주시(여주대교),1007640,여주시(율극교),1.4,2.61,6.8837,0.7659,5
1007,1007604,안성시(한평교),1007650,여주시(흥천대교),1.8,6.26,6.3118,2.2585,5
1007,1007604,안성시(한평교),1007642,이천시(동산교),2.0,6.71,5.0798,1.98,5
1007,1007685,양평군(양평교),1007690,양평군(봉상교),2.0,45.91,8.5055,2.8784,5
1007,1007655,여주시(양촌교),1007685,양평군(양평교),2.6,58.65,7.4436,2.907,5
1007,1007604,안성시(한평교),1007610,음성군(총천교),2.8,6.26,4.4409,2.4827,5
1007,1007610,음성군(총천교),1007645,이천시(복하교),2.8,6.83,4.9784,2.3229,5
1007,1007655,여주시(양촌교),1007690,양평군(봉상교),3.2,12.77,10.3861,0.7759,5
1007,1007633,강천보(상류),1007637,여주시(당우교),4.0,0.0,6.7061,1.1731,1
1007,1007635,여주시(여주대교),1007687,양평군(여물교),4.0,0.0,6.8703,1.5692,1
1007,1007639,여주보(상류),1007662,이포보(상류),4.0,18.69,5.4577,1.8351,5
1007,1007620,여주시(강천리),1007635,여주시(여주대교),4.8,12.42,6.8744,0.7376,5
1007,1007605,이천시(장호원교),1007620,여주시(강천리),5.0,32.65,5.4777,3.0924,5
1007,1007620,여주시(강천리),1007664,이포보(하류),5.0,13.42,6.9057,1.1136,5
1007,1007605,이천시(장호원교),1007641,여주보(하류),5.2,31.23,6.0212,2.9983,5
1007,1007617,여주시(삼합교),1007641,여주보(하류),5.2,32.14,6.5638,2.9473,5
1007,1007625,여주시(남한강교),1007635,여주시(여주대교),5.6,12.52,6.3459,0.7949,5
1007,1007634,강천보(하류),1007655,여주시(양촌교),5.6,3.36,7.2827,1.2436,5
1007,1007641,여주보(하류),1007664,이포보(하류),5.6,12.52,7.8087,0.902,5
1007,1007625,여주시(남한강교),1007664,이포보(하류),5.8,12.97,5.7548,1.3622,5
1007,1007615,여주시(원부교),1007626,여주시(용은교),6.0,0.0,11.3062,1.0983,1
1007,1007615,여주시(원부교),1007687,양평군(여물교),6.0,0.0,7.0375,1.2436,1
1007,1007634,강천보(하류),1007635,여주시(여주대교),6.0,11.75,7.0619,1.0624,5
1007,1007634,강천보(하류),1007664,이포보(하류),6.0,12.33,7.1866,1.4054,5
1007,1007615,여주시(원부교),1007641,여주보(하류),6.6,30.33,6.2215,2.8359,5
1007,1007620,여주시(강천리),1007640,여주시(율극교),6.8,14.65,6.8204,1.0916,5
1007,1007625,여주시(남한강교),1007640,여주시(율극교),7.0,15.1,6.0369,1.1335,5
1007,1007633,강천보(상류),1007687,양평군(여물교),7.0,0.0,6.9338,1.235,1
1007,1007605,이천시(장호원교),1007655,여주시(양촌교),7.4,31.41,7.0672,3.197,5
1007,1007642,이천시(동산교),1007697,양평군(신원리),7.6,38.86,3.0502,3.4766,5
1007,1007634,강천보(하류),1007640,여주시(율극교),8.0,12.33,6.6297,1.4226,5
1007,1007617,여주시(삼합교),1007655,여주시(양촌교),8.2,31.91,7.2751,3.1783,5
1007,1007645,이천시(복하교),1007697,양평군(신원리),8.4,38.95,3.3487,3.9203,5
1007,1007615,여주시(원부교),1007655,여주시(양촌교),8.8,30.08,7.0118,3.1323,5
1007,1007634,강천보(하류),1007680,양평군(흑천교),9.0,11.31,7.2669,1.212,5
1007,1007634,강천보(하류),1007690,양평군(봉상교),9.4,12.2,7.7372,1.3337,5
1007,1007605,이천시(장호원교),1007664,이포보(하류),9.6,26.5,5.9829,2.9905,5
1007,1007605,이천시(장호원교),1007680,양평군(흑천교),10.6,25.95,6.977,3.3728,5
1007,1007605,이천시(장호원교),1007690,양평군(봉상교),10.6,25.97,7.4144,3.3702,5
1007,1007640,여주시(율극교),1007655,여주시(양촌교),10.6,23.45,7.5059,1.3731,5
1007,1007615,여주시(원부교),1007664,이포보(하류),10.8,25.89,6.1908,2.8569,5
1007,1007617,여주시(삼합교),1007664,이포보(하류),10.8,26.4,6.5646,2.9788,5
1007,1007680,양평군(흑천교),1007697,양평군(신원리),10.8,38.15,6.073,4.2703,5
1007,1007637,여주시(당우교),1007664,이포보(하류),11.0,0.0,3.5505,3.7716,1
1007,1007690,양평군(봉상교),1007697,양평군(신원리),11.0,37.46,6.4099,4.086,5
1007,1007605,이천시(장호원교),1007640,여주시(율극교),11.6,25.95,6.6858,2.5611,5
1007,1007617,여주시(삼합교),1007680,양평군(흑천교),11.8,26.95,7.0818,3.4294,5
1007,1007635,여주시(여주대교),1007655,여주시(양촌교),11.8,23.05,6.9343,1.3569,5
1007,1007605,이천시(장호원교),1007645,이천시(복하교),12.0,25.73,8.1001,1.6676,5
1007,1007605,이천시(장호원교),1007650,여주시(흥천대교),12.0,26.28,7.4528,2.3469,5
1007,1007617,여주시(삼합교),1007640,여주시(율극교),12.0,26.28,7.0894,2.5727,5
1007,1007650,여주시(흥천대교),1007697,양평군(신원리),12.0,36.34,4.3765,3.8811,5
1007,1007617,여주시(삼합교),1007690,양평군(봉상교),12.2,26.72,7.5878,3.3852,5
1007,1007664,이포보(하류),1007697,양평군(신원리),12.2,10.83,4.4369,3.3553,5
1007,1007640,여주시(율극교),1007685,양평군(양평교),12.4,36.67,6.6768,2.0335,5
1007,1007605,이천시(장호원교),1007642,이천시(동산교),12.6,25.95,5.6996,2.0972,5
1007,1007615,여주시(원부교),1007680,양평군(흑천교),12.6,26.0,6.8838,3.4365,5
1007,1007615,여주시(원부교),1007690,양평군(봉상교),12.6,26.1,7.259,3.4198,5
1007,1007655,여주시(양촌교),1007697,양평군(신원리),12.8,45.4,5.5218,3.7919,5
1007,1007604,안성시(한평교),1007626,여주시(용은교),13.0,0.0,9.6257,2.1507,1
1007,1007615,여주시(원부교),1007640,여주시(율극교),13.0,25.85,6.5776,2.5393,5
1007,1007617,여주시(삼합교),1007650,여주시(흥천대교),13.2,26.72,7.6448,2.3811,5
1007,1007605,이천시(장호원교),1007639,여주보(상류),13.8,85.47,3.5161,3.5831,5
1007,1007615,여주시(원부교),1007650,여주시(흥천대교),13.8,25.97,7.1751,2.388,5
1007,1007604,안성시(한평교),1007606,안성시(두현교),14.0,0.0,4.0307,1.0347,1
1007,1007604,안성시(한평교),1007608,이천시(고당교),14.0,0.0,4.9793,1.1144,1
1007,1007604,안성시(한평교),1007687,양평군(여물교),14.0,0.0,5.9579,1.7069,1
1007,1007605,이천시(장호원교),1007685,양평군(양평교),14.0,48.88,5.7755,3.773,5
1007,1007637,여주시(당우교),1007640,여주시(율극교),14.0,0.0,7.1014,0.8661,1
1007,1007637,여주시(당우교),1007650,여주시(흥천대교),14.0,0.0,7.3336,1.5019,1
1007,1007640,여주시(율극교),1007645,이천시(복하교),14.0,12.33,7.4946,1.6594,5
1007,1007640,여주시(율극교),1007690,양평군(봉상교),14.0,12.33,8.1041,1.3117,5
1007,1007640,여주시(율극교),1007680,양평군(흑천교),14.2,13.42,7.298,1.1731,5
1007,1007615,여주시(원부교),1007642,이천시(동산교),14.4,25.67,5.377,2.114,5
1007,1007610,음성군(총천교),1007642,이천시(동산교),14.6,26.85,3.2106,2.5268,5
1007,1007610,음성군(총천교),1007650,여주시(흥천대교),14.6,26.13,4.0709,2.7801,5
1007,1007685,양평군(양평교),1007697,양평군(신원리),14.8,13.97,7.331,2.5573,5
1007,1007615,여주시(원부교),1007639,여주보(상류),15.0,85.2,3.5831,3.4694,5
1007,1007635,여주시(여주대교),1007685,양평군(양평교),15.0,36.34,6.6308,1.9036,5
1007,1007635,여주시(여주대교),1007697,양평군(신원리),15.0,36.34,4.5702,3.9955,5
1007,1007637,여주시(당우교),1007642,이천시(동산교),15.0,0.0,5.6174,1.9137,1
1007,1007637,여주시(당우교),1007645,이천시(복하교),15.0,0.0,6.1482,1.3905,1
1007,1007664,이포보(하류),1007690,양평군(봉상교),15.0,12.33,8.3299,1.7392,5
1007,1007615,여주시(원부교),1007685,양평군(양평교),15.2,50.04,5.8499,3.6548,5
1007,1007617,여주시(삼합교),1007685,양평군(양평교),15.2,48.53,6.0845,3.7832,5
1007,1007640,여주시(율극교),1007650,여주시(흥천대교),15.2,13.42,7.275,0.8757,5
1007,1007640,여주시(율극교),1007642,이천시(동산교),15.4,13.15,5.5661,1.5934,5
1007,1007664,이포보(하류),1007680,양평군(흑천교),15.6,12.88,7.615,1.8146,5
1007,1007617,여주시(삼합교),1007645,이천시(복하교),16.2,35.11,8.3633,1.774,5
1007,1007635,여주시(여주대교),1007645,이천시(복하교),16.4,10.62,6.2598,2.0071,5
1007,1007635,여주시(여주대교),1007680,양평군(흑천교),16.4,13.16,6.7698,1.2765,5
1007,1007635,여주시(여주대교),1007690,양평군(봉상교),16.4,11.82,7.4775,1.4364,5
1007,1007635,여주시(여주대교),1007650,여주시(흥천대교),16.6,11.59,6.0122,1.1958,5
1007,1007641,여주보(하류),1007655,여주시(양촌교),16.6,12.92,7.6337,1.0566,5
1007,1007620,여주시(강천리),1007655,여주시(양촌교),16.8,12.6,6.8995,1.014,5
1007,1007617,여주시(삼합교),1007642,이천시(동산교),17.0,34.1,5.7712,2.162,5
1007,1007615,여주시(원부교),1007645,이천시(복하교),17.2,34.64,7.926,1.793,5
1007,1007635,여주시(여주대교),1007642,이천시(동산교),17.2,10.96,4.6934,1.7918,5
1007,1007625,여주시(남한강교),1007655,여주시(양촌교),17.4,13.15,5.9523,1.3238,5
1007,1007620,여주시(강천리),1007685,양평군(양평교),20.2,49.64,6.1418,1.9665,5
1007,1007625,여주시(남한강교),1007633,강천보(상류),20.2,11.88,4.2245,3.3038,5
1007,1007641,여주보(하류),1007685,양평군(양평교),20.2,49.08,6.9459,1.9894,5
1007,1007641,여주보(하류),1007690,양평군(봉상교),20.2,10.26,7.8263,1.3202,5
1007,1007641,여주보(하류),1007680,양평군(흑천교),20.4,10.85,7.0496,1.2944,5
1007,1007634,강천보(하류),1007685,양평군(양평교),20.6,48.86,6.4953,2.1846,5
1007,1007620,여주시(강천리),1007690,양평군(봉상교),20.8,11.37,7.1107,1.4249,5
1007,1007620,여주시(강천리),1007645,이천시(복하교),21.0,11.64,5.9399,2.2701,5
1007,1007620,여주시(강천리),1007680,양평군(흑천교),21.0,11.7,6.4821,1.2931,5
1007,1007625,여주시(남한강교),1007685,양평군(양평교),21.2,49.64,5.123,2.024,5
1007,1007639,여주보(상류),1007642,이천시(동산교),21.2,11.92,2.7618,3.1304,5
1007,1007625,여주시(남한강교),1007645,이천시(복하교),21.6,11.78,5.2434,2.5143,5
1007,1007625,여주시(남한강교),1007690,양평군(봉상교),21.6,11.78,6.0546,1.8331,5
1007,1007641,여주보(하류),1007650,여주시(흥천대교),21.6,11.26,6.0246,1.6099,5
1007,1007620,여주시(강천리),1007650,여주시(흥천대교),21.8,12.05,5.7408,1.4761,5
1007,1007625,여주시(남한강교),1007680,양평군(흑천교),21.8,11.48,5.5445,1.5802,5
1007,1007634,강천보(하류),1007697,양평군(신원리),21.8,48.2,5.3027,3.5986,5
1007,1007639,여주보(상류),1007645,이천시(복하교),21.8,11.37,3.4613,2.8437,5
1007,1007620,여주시(강천리),1007642,이천시(동산교),22.0,12.33,4.2551,2.1718,5
1007,1007641,여주보(하류),1007645,이천시(복하교),22.2,11.92,6.2666,2.1236,5
1007,1007625,여주시(남한강교),1007650,여주시(흥천대교),22.4,12.2,5.1483,1.5494,5
1007,1007625,여주시(남한강교),1007642,이천시(동산교),22.6,12.46,3.8849,2.1798,5
1007,1007641,여주보(하류),1007642,이천시(동산교),22.8,12.74,4.4771,2.2206,5
1007,1007634,강천보(하류),1007645,이천시(복하교),23.4,12.34,5.524,2.6203,5
1007,1007634,강천보(하류),1007650,여주시(흥천대교),23.6,12.2,5.4145,1.7807,5
1007,1007640,여주시(율극교),1007697,양평군(신원리),23.6,31.62,4.1352,4.3644,5
1007,1007634,강천보(하류),1007642,이천시(동산교),24.2,12.77,4.3072,2.2889,5
1007,1007610,음성군(총천교),1007634,강천보(하류),25.6,37.53,4.3998,3.2344,5
1007,1007655,여주시(양촌교),1007687,양평군(여물교),26.0,0.0,6.3334,1.4021,1
1007,1007610,음성군(총천교),1007641,여주보(하류),26.2,38.54,4.5385,2.8048,5
1007,1007610,음성군(총천교),1007620,여주시(강천리),26.8,39.23,3.9962,2.9896,5
1007,1007610,음성군(총천교),1007625,여주시(남한강교),27.0,39.89,3.3434,3.0669,5
1007,1007641,여주보(하류),1007687,양평군(여물교),27.0,0.0,5.1788,1.9051,1
1007,1007605,이천시(장호원교),1007625,여주시(남한강교),27.4,42.62,4.989,3.2244,5
1007,1007610,음성군(총천교),1007685,양평군(양평교),27.4,21.54,4.3136,2.4863,5
1007,1007605,이천시(장호원교),1007634,강천보(하류),27.6,41.22,5.7649,3.3439,5
1007,1007617,여주시(삼합교),1007634,강천보(하류),27.8,41.38,6.4769,3.3576,5
1007,1007634,강천보(하류),1007687,양평군(여물교),28.0,0.0,4.4607,2.0308,1
1007,1007610,음성군(총천교),1007655,여주시(양촌교),28.4,37.95,4.7838,3.4717,5
1007,1007617,여주시(삼합교),1007625,여주시(남한강교),28.6,43.14,5.5062,3.2107,5
1007,1007617,여주시(삼합교),1007620,여주시(강천리),28.8,42.78,6.0716,3.0771,5
1007,1007615,여주시(원부교),1007625,여주시(남한강교),29.0,40.68,5.2145,3.0087,5
1007,1007615,여주시(원부교),1007634,강천보(하류),29.0,40.19,6.0588,3.2656,5
1007,1007615,여주시(원부교),1007620,여주시(강천리),29.2,40.86,5.7197,2.9072,5
1007,1007610,음성군(총천교),1007664,이포보(하류),30.2,26.61,4.7696,2.1784,5
1007,1007625,여주시(남한강교),1007637,여주시(당우교),31.0,0.0,5.3161,2.0991,1
1007,1007610,음성군(총천교),1007635,여주시(여주대교),31.2,31.81,3.8587,2.9613,5
1007,1007610,음성군(총천교),1007690,양평군(봉상교),31.2,29.95,5.0671,3.8321,5
1007,1007641,여주보(하류),1007697,양평군(신원리),31.2,43.16,4.1126,3.872,5
1007,1007610,음성군(총천교),1007680,양평군(흑천교),31.8,30.5,4.7714,3.8472,5
1007,1007639,여주보(상류),1007687,양평군(여물교),32.0,0.0,4.6022,2.4459,1
1007,1007610,음성군(총천교),1007640,여주시(율극교),32.4,30.67,4.2246,2.9541,5
1007,1007620,여주시(강천리),1007687,양평군(여물교),33.0,0.0,5.0962,2.3727,1
1007,1007605,이천시(장호원교),1007635,여주시(여주대교),33.2,32.64,5.8073,2.7711,5
1007,1007617,여주시(삼합교),1007635,여주시(여주대교),34.0,33.81,6.5069,2.8558,5
1007,1007620,여주시(강천리),1007626,여주시(용은교),34.0,0.0,7.6305,3.3543,1
1007,1007625,여주시(남한강교),1007687,양평군(여물교),34.0,0.0,5.1938,2.633,1
1007,1007615,여주시(원부교),1007635,여주시(여주대교),34.8,32.69,6.0022,2.8554,5
1007,1007625,여주시(남한강교),1007626,여주시(용은교),35.0,0.0,7.4827,3.5846,1
1007,1007605,이천시(장호원교),1007697,양평군(신원리),48.6,30.74,4.7365,4.8836,5
1007,1007617,여주시(삼합교),1007697,양평군(신원리),49.2,31.59,5.2222,5.0105,5
1007,1007615,여주시(원부교),1007697,양평군(신원리),49.6,32.41,4.7658,4.8247,5
1007,1007604,안성시(한평교),1007633,강천보(상류),50.2,45.05,3.2732,2.6326,5
1007,1007604,안성시(한평교),1007697,양평군(신원리),53.4,36.15,3.1043,4.1383,5
1007,1007655,여주시(양촌교),1007662,이포보(상류),57.2,43.67,4.4906,3.8479,5
1007,1007634,강천보(하류),1007639,여주보(상류),58.2,54.51,4.5419,2.643,5
1007,1007635,여주시(여주대교),1007639,여주보(상류),58.4,67.13,4.1917,3.03,5
1007,1007605,이천시(장호원교),1007633,강천보(상류),58.6,61.41,4.0551,3.5116,5
1007,1007615,여주시(원부교),1007633,강천보(상류),60.4,60.97,4.145,3.6447,5
1007,1007634,강천보(하류),1007662,이포보(상류),62.4,42.7,4.1901,3.3899,5
1007,1007635,여주시(여주대교),1007662,이포보(상류),63.0,53.54,4.6335,3.2588,5
1007,1007620,여주시(강천리),1007639,여주보(상류),63.8,59.16,4.038,2.8054,5
1007,1007625,여주시(남한강교),1007639,여주보(상류),64.0,58.89,3.8415,2.6282,5
1007,1007610,음성군(총천교),1007697,양평군(신원리),64.6,22.6,3.3219,3.9251,5
1007,1007640,여주시(율극교),1007662,이포보(상류),66.4,62.44,4.4793,3.4401,5
1007,1007620,여주시(강천리),1007633,강천보(상류),69.8,53.3,4.3147,3.3262,5
1007,1007620,여주시(강천리),1007662,이포보(상류),70.8,50.04,4.0318,3.7513,5
1007,1007641,여주보(하류),1007662,이포보(상류),71.4,50.56,4.2436,3.6454,5
1007,1007608,이천시(고당교),1007685,양평군(양평교),77.0,0.0,2.4021,6.4099,1
1007,1007608,이천시(고당교),1007697,양평군(신원리),77.0,0.0,2.8372,6.6077,1
1007,1007606,안성시(두현교),1007685,양평군(양평교),78.0,0.0,1.6328,6.9172,1
1007,1007626,여주시(용은교),1007685,양평군(양평교),78.0,0.0,5.2147,5.6627,1
1007,1007626,여주시(용은교),1007697,양평군(신원리),78.0,0.0,6.2953,5.9582,1
1007,1007637,여주시(당우교),1007685,양평군(양평교),78.0,0.0,3.0345,6.6487,1
1007,1007687,양평군(여물교),1007697,양평군(신원리),78.0,0.0,4.4024,6.453,1
1007,1007606,안성시(두현교),1007697,양평군(신원리),79.0,0.0,1.8667,7.1095,1
1007,1007637,여주시(당우교),1007697,양평군(신원리),79.0,0.0,3.7435,6.8728,1
1007,1007610,음성군(총천교),1007633,강천보(상류),82.4,83.15,2.5867,3.9283,5
1007,1007617,여주시(삼합교),1007633,강천보(상류),84.6,81.38,4.5235,3.6786,5
1007,1007610,음성군(총천교),1007662,이포보(상류),90.2,84.67,2.8326,3.8988,5
1007,1007610,음성군(총천교),1007639,여주보(상류),91.2,97.35,2.4004,3.8231,5
1007,1007617,여주시(삼합교),1007639,여주보(상류),91.4,99.95,3.7718,3.6587,5
