,지점,관할기관,3시간전 수위(m),수위 (m),유량,해발수위 (El.m),대권역,운영 여부,관측 방법,관측소 코드,표준유역 코드,관할 기관
0,가평군(가평교),기후에너지환경부,0.76,0.76,3.91,51.62,한강,운영,T/M,1013655.0,101306,기후에너지환경부
1,가평군(대보교),기후에너지환경부,2.66,2.66,1.81,102.19,한강,운영,T/M,1015620.0,101504,기후에너지환경부
2,가평군(선촌2교),기후에너지환경부,2.32,2.31,-,52.88,한강,운영,T/M,1015636.0,101501,기후에너지환경부
3,가평군(신상교),기후에너지환경부,3.49,3.48,-,137.63,한강,운영,T/M,1015611.0,101503,기후에너지환경부
4,가평군(신청평대교),기후에너지환경부,1.34,1.32,-,23.93,한강,운영,T/M,1015645.0,101506,기후에너지환경부
5,가평군(오류동교),기후에너지환경부,1.31,1.31,-,37.37,한강,운영,T/M,1015655.0,101505,기후에너지환경부
6,가평군(제령교),기후에너지환경부,2.85,2.85,-,103.31,한강,운영,T/M,1013650.0,101306,기후에너지환경부
7,가평군(청평교),기후에너지환경부,1.25,1.25,6.56,32.47,한강,운영,T/M,1015644.0,101504,기후에너지환경부
8,가평군(청평댐),기후에너지환경부,50.48,50.45,-,51.12,한강,운영,T/M,1015640.0,101502,기후에너지환경부
9,가평군(화악교),기후에너지환경부,2.36,2.37,-,136.03,한강,운영,T/M,1013651.0,101306,기후에너지환경부
10,강릉시(난곡교),기후에너지환경부,1.96,1.96,-,4.96,,,,,320309,
11,강릉시(송림교),기후에너지환경부,1.71,1.7,1.66,4.72,한강동해,운영,T/M,1302670.0,130201,기후에너지환경부
12,강릉시(오봉교),기후에너지환경부,2.48,2.49,-,58.12,한강동해,운영,T/M,1302646.0,130204,기후에너지환경부
13,강릉시(우정교),기후에너지환경부,2.33,2.33,-,60.95,,,,,130201,
14,강릉시(회산교),기후에너지환경부,1.21,1.21,1.43,15.84,한강동해,운영,T/M,1302648.0,130204,기후에너지환경부
15,강천보(상류),기후에너지환경부,38.22,38.22,-,38.22,한강,운영,T/M,1007633.0,100706,기후에너지환경부
16,강천보(하류),기후에너지환경부,33.35,33.37,-,33.37,한강,운영,T/M,1007634.0,100708,기후에너지환경부
17,강화군(강화대교),기후에너지환경부,1.11,-1.34,-,-1.21,한강서해,운영,T/M,1201620.0,120104,기후에너지환경부
18,고성군(간촌교),기후에너지환경부,2.36,2.36,-,6.88,,,,,101103,
19,고양시(원당교),기후에너지환경부,0.22,0.21,0.98,21.01,한강,운영,T/M,1019667.0,101905,기후에너지환경부
20,고양시(은덕교),기후에너지환경부,2.41,2.41,-,22.83,한강,운영,T/M,1019606.0,101901,기후에너지환경부
21,광명시(시흥대교),기후에너지환경부,0.38,0.38,3.57,6.75,한강,운영,T/M,1018693.0,101815,기후에너지환경부
22,광주시(경안교),기후에너지환경부,0.4,0.4,2.46,34.51,한강,운영,T/M,1016650.0,101603,기후에너지환경부
23,광주시(광동교),기후에너지환경부,25.03,25.07,-,25.01,한강,운영,T/M,1016695.0,101605,기후에너지환경부
24,광주시(동림3교),기후에너지환경부,2.32,2.33,-,73.75,한강,운영,T/M,1016606.0,101602,기후에너지환경부
25,광주시(부항교),기후에너지환경부,0.46,0.45,-,94.18,한강,운영,T/M,1016657.0,101604,기후에너지환경부
26,광주시(서하교),기후에너지환경부,0.68,0.68,3.86,27.44,한강,운영,T/M,1016670.0,101605,기후에너지환경부
27,광주시(섬뜰교),기후에너지환경부,1.15,1.14,9.73,37.26,한강,운영,T/M,1016660.0,101604,기후에너지환경부
28,광주시(오포대교),기후에너지환경부,2.59,2.58,-,43.03,한강,운영,T/M,1016645.0,101603,기후에너지환경부
29,광주시(파발교),기후에너지환경부,2.31,2.32,-,37.68,한강,운영,T/M,1016651.0,101603,기후에너지환경부
30,괴산군(목도교),기후에너지환경부,1.4,1.38,13.28,88.17,한강,운영,T/M,1004693.0,100409,기후에너지환경부
31,괴산군(비도교),기후에너지환경부,1.04,1.04,2.23,119.22,한강,운영,T/M,1004646.0,100407,기후에너지환경부
32,괴산군(수전교),기후에너지환경부,0.43,0.43,-,110.65,한강,운영,T/M,1004645.0,100409,기후에너지환경부
33,괴산군(월문교),기후에너지환경부,2.93,2.93,-,175.96,한강,운영,T/M,1004631.0,100404,기후에너지환경부
34,괴산군(적석교),기후에너지환경부,2.6,2.59,-,202.84,한강,운영,T/M,1004640.0,100407,기후에너지환경부
35,괴산군(제2괴산교),기후에너지환경부,2.03,2.03,-,107.08,한강,운영,T/M,1004661.0,100408,기후에너지환경부
36,괴산군(추산교),기후에너지환경부,0.79,0.79,-,96.07,한강,운영,T/M,1004670.0,100410,기후에너지환경부
37,김포시(사우교),기후에너지환경부,0.59,0.69,-,2.21,한강,운영,T/M,1019661.0,101904,기후에너지환경부
38,김포시(전류리),기후에너지환경부,3.06,1.34,-,1.24,한강,운영,T/M,1019675.0,101906,기후에너지환경부
39,남양주시(내곡교),기후에너지환경부,0.93,0.93,6.05,34.43,한강,운영,T/M,1018625.0,101802,기후에너지환경부
40,남양주시(부평교),기후에너지환경부,0.08,0.07,0.63,56.35,한강,운영,T/M,1018620.0,101802,기후에너지환경부
41,남양주시(삼봉리),기후에너지환경부,0.6,0.63,-,25.05,한강,운영,T/M,1015680.0,101508,기후에너지환경부
42,남양주시(연평대교),기후에너지환경부,0.23,0.21,-,44.71,한강,운영,T/M,1018623.0,101802,기후에너지환경부
43,남양주시(왕숙교),기후에너지환경부,1.02,1.02,3.37,11.36,한강,운영,T/M,1018638.0,101803,기후에너지환경부
44,남양주시(진관교),기후에너지환경부,0.66,0.66,1.74,22.01,한강,운영,T/M,1018630.0,101803,기후에너지환경부
45,남양주시(퇴계원리),기후에너지환경부,0.47,0.47,15.39,21.96,한강,운영,T/M,1018635.0,101803,기후에너지환경부
46,남양주시(팔당대교),기후에너지환경부,1.05,1.05,161.31,6.62,한강,운영,T/M,1018610.0,101801,기후에너지환경부
47,남양주시(팔당댐),기후에너지환경부,24.92,24.95,-,24.96,한강,운영,T/M,1017690.0,101701,기후에너지환경부
48,단양군(가대교),기후에너지환경부,2.02,2.0,-,141.45,한강,운영,T/M,1003636.0,100307,기후에너지환경부
49,단양군(단양1교),기후에너지환경부,0.4,0.4,3.36,141.3,한강,운영,T/M,1003645.0,100309,기후에너지환경부
50,단양군(덕천교),기후에너지환경부,1.83,1.82,-,136.85,한강,운영,T/M,1003642.0,100310,기후에너지환경부
51,단양군(들골교),기후에너지환경부,2.89,2.89,-,157.94,한강,운영,T/M,1003626.0,100308,기후에너지환경부
52,단양군(음지교),기후에너지환경부,0.78,0.78,-,223.27,한강,운영,T/M,1003643.0,100309,기후에너지환경부
53,동두천시(송천교),기후에너지환경부,1.27,1.27,1.57,58.3,한강,운영,T/M,1022668.0,102213,기후에너지환경부
54,동해시(북평교),기후에너지환경부,-0.29,-0.27,0.28,-0.08,한강동해,운영,T/M,1302668.0,130207,기후에너지환경부
55,부천시(도두리2교),기후에너지환경부,0.38,0.45,-,3.88,한강,운영,T/M,1019620.0,101907,기후에너지환경부
56,삼척시(남양촌교),기후에너지환경부,1.56,1.56,3.44,50.74,한강동해,운영,T/M,1303610.0,130305,기후에너지환경부
57,삼척시(마차교),기후에너지환경부,1.34,1.34,-,119.45,한강동해,운영,T/M,1303645.0,130301,기후에너지환경부
58,삼척시(상정교),기후에너지환경부,1.31,1.3,4.82,44.32,한강동해,운영,T/M,1303650.0,130302,기후에너지환경부
59,삼척시(오십천교),기후에너지환경부,1.63,1.6,-,-0.15,한강동해,운영,T/M,1303680.0,130302,기후에너지환경부
60,삼척시(전두3교),기후에너지환경부,2.13,2.13,-,241.34,한강동해,운영,T/M,1303640.0,130301,기후에너지환경부
61,서울시(광진교),기후에너지환경부,1.13,1.14,138.3,6.42,한강,운영,T/M,1018640.0,101807,기후에너지환경부
62,서울시(너부대교),기후에너지환경부,0.51,0.54,-,7.41,한강,운영,T/M,1018695.0,101815,기후에너지환경부
63,서울시(대곡교),기후에너지환경부,1.8,1.8,7.83,11.36,한강,운영,T/M,1018655.0,101806,기후에너지환경부
64,서울시(대치교),기후에너지환경부,1.49,1.48,0.72,5.94,한강,운영,T/M,1018658.0,101806,기후에너지환경부
65,서울시(신대방1교),기후에너지환경부,0.06,0.07,0.32,12.66,한강,운영,T/M,1018698.0,101816,기후에너지환경부
66,서울시(신림5교),기후에너지환경부,2.46,2.46,0.18,50.41,한강,운영,T/M,1018692.0,101816,기후에너지환경부
67,서울시(오금교),기후에너지환경부,0.68,0.68,5.07,3.68,한강,운영,T/M,1018697.0,101815,기후에너지환경부
68,서울시(월계2교),기후에너지환경부,0.27,0.27,0.24,16.63,한강,운영,T/M,1018670.0,101810,기후에너지환경부
69,서울시(잠수교),기후에너지환경부,2.69,2.83,-,2.76,한강,운영,T/M,1018680.0,101811,기후에너지환경부
70,서울시(중랑교),기후에너지환경부,0.49,0.49,3.44,9.65,한강,운영,T/M,1018675.0,101810,기후에너지환경부
71,서울시(창동교),기후에너지환경부,0.54,0.53,1.68,15.15,한강,운영,T/M,1018669.0,101810,기후에너지환경부
72,서울시(청담대교),기후에너지환경부,0.97,1.05,274.78,2.8,한강,운영,T/M,1018662.0,101807,기후에너지환경부
73,서울시(한강대교),기후에너지환경부,0.54,0.71,591.54,2.78,한강,운영,T/M,1018683.0,101812,기후에너지환경부
74,서울시(행주대교),기후에너지환경부,1.85,1.91,493.58,2.71,한강,운영,T/M,1019630.0,101903,기후에너지환경부
75,서울시(홍남교),기후에너지환경부,2.11,2.09,-,16.95,한강,운영,T/M,1018686.0,101813,기후에너지환경부
76,성남시(궁내교),기후에너지환경부,0.75,0.74,2.53,33.83,한강,운영,T/M,1018650.0,101804,기후에너지환경부
77,성남시(둔전교),기후에너지환경부,3.65,3.64,-,18.99,한강,운영,T/M,1018653.0,101805,기후에너지환경부
78,속초시(도문교),기후에너지환경부,2.4,2.4,-,83.07,한강동해,운영,T/M,1301625.0,130105,기후에너지환경부
79,속초시(응골교),기후에너지환경부,2.47,2.47,-,7.11,,,,,130105,
80,수원시(매세교),기후에너지환경부,2.31,2.31,-,32.06,안성천,운영,T/M,1101601.0,110112,기후에너지환경부
81,수원시(백년교),기후에너지환경부,2.34,2.33,-,22.95,안성천,운영,T/M,1101604.0,110112,기후에너지환경부
82,아산시(운교교),기후에너지환경부,1.99,1.99,-,3.37,안성천,운영,T/M,1101688.0,110107,기후에너지환경부
83,안산시(안산10교),기후에너지환경부,2.15,2.15,-,0.63,한강서해,운영,T/M,1202650.0,120201,기후에너지환경부
84,안성시(건천리),기후에너지환경부,-0.05,-0.05,0,8.27,안성천,운영,T/M,1101620.0,110107,기후에너지환경부
85,안성시(고지교),기후에너지환경부,2.11,2.11,-,13.67,안성천,운영,T/M,1101616.0,110104,기후에너지환경부
86,안성시(두현교),기후에너지환경부,2.46,2.46,-,89.46,한강,운영,T/M,1007606.0,100702,기후에너지환경부
87,안성시(옥산대교),기후에너지환경부,-0.29,-0.29,0.61,18.38,안성천,운영,T/M,1101610.0,110101,기후에너지환경부
88,안성시(평촌교),기후에너지환경부,2.39,2.39,-,33.06,안성천,운영,T/M,1101611.0,110103,기후에너지환경부
89,안성시(한천교),기후에너지환경부,3.12,3.12,-,12.03,안성천,운영,T/M,1101618.0,110103,기후에너지환경부
90,안성시(한평교),기후에너지환경부,1.39,1.39,0.99,77.56,한강,운영,T/M,1007604.0,100701,기후에너지환경부
91,안성시(현수교),기후에너지환경부,0.42,0.42,-,26.79,안성천,운영,T/M,1101606.0,110101,기후에너지환경부
92,안양시(충훈1교),기후에너지환경부,-0.23,-0.23,0.73,16.62,한강,운영,T/M,1018690.0,101815,기후에너지환경부
93,양구군(송청제2교),기후에너지환경부,1.41,1.41,-,188.63,한강,운영,T/M,1010633.0,101004,기후에너지환경부
94,양구군(양지교),기후에너지환경부,0.65,0.65,-,230.66,한강,운영,T/M,1010631.0,101004,기후에너지환경부
95,양양군(북평교),기후에너지환경부,2.62,2.62,-,7.36,한강동해,운영,T/M,1301632.0,130106,기후에너지환경부
96,양양군(양양대교),기후에너지환경부,0.55,0.55,6.08,1.05,한강동해,운영,T/M,1301658.0,130107,기후에너지환경부
97,양양군(용천2교),기후에너지환경부,1.8,1.79,-,8.66,한강동해,운영,T/M,1301630.0,130107,기후에너지환경부
98,양주시(마전3교),기후에너지환경부,2.61,2.61,-,47.5,한강,운영,T/M,1018661.0,101808,기후에너지환경부
99,양주시(발운2교),기후에너지환경부,2.27,2.27,-,74.26,한강,운영,T/M,1022660.0,102211,기후에너지환경부
100,양주시(제궁교),기후에너지환경부,2.25,2.25,-,53.68,한강,운영,T/M,1019663.0,101905,기후에너지환경부
101,양평군(다문교),기후에너지환경부,1.14,1.14,-,56.11,한강,운영,T/M,1007695.0,100717,기후에너지환경부
102,양평군(보룡교),기후에너지환경부,1.73,1.73,-,97.9,한강,운영,T/M,1007688.0,100716,기후에너지환경부
103,양평군(봉상교),기후에너지환경부,0.87,0.87,10.36,79.65,한강,운영,T/M,1007690.0,100717,기후에너지환경부
104,양평군(신원리),기후에너지환경부,0.76,0.79,-,25.08,한강,운영,T/M,1007697.0,100719,기후에너지환경부
105,양평군(양평교),기후에너지환경부,5.41,5.45,203.99,25.01,한강,운영,T/M,1007685.0,100718,기후에너지환경부
106,양평군(여물교),기후에너지환경부,2.14,2.14,-,110.25,한강,운영,T/M,1007687.0,100716,기후에너지환경부
107,양평군(흑천교),기후에너지환경부,1.12,1.12,3.55,32.41,한강,운영,T/M,1007680.0,100717,기후에너지환경부
108,여주보(상류),기후에너지환경부,33.18,33.19,-,33.19,한강,운영,T/M,1007639.0,100709,기후에너지환경부
109,여주보(하류),기후에너지환경부,28.53,28.55,148.04,28.55,한강,운영,T/M,1007641.0,100710,기후에너지환경부
110,여주시(강천리),기후에너지환경부,-0.15,-0.13,-,38.27,한강,운영,T/M,1007620.0,100706,기후에너지환경부
111,여주시(남한강교),기후에너지환경부,1.94,1.95,100.73,38.24,한강,운영,T/M,1007625.0,100706,기후에너지환경부
112,여주시(당우교),기후에너지환경부,3.43,3.43,-,43.84,한강,운영,T/M,1007637.0,100707,기후에너지환경부
113,여주시(삼합교),기후에너지환경부,-0.38,-0.39,-,41.69,한강,운영,T/M,1007617.0,100706,기후에너지환경부
114,여주시(양촌교),기후에너지환경부,-0.65,-0.65,0.43,29.49,한강,운영,T/M,1007655.0,100710,기후에너지환경부
115,여주시(여주대교),기후에너지환경부,0.8,0.81,124.95,33.34,한강,운영,T/M,1007635.0,100709,기후에너지환경부
116,여주시(용은교),기후에너지환경부,2.3,2.3,-,41.15,한강,운영,T/M,1007626.0,100710,기후에너지환경부
117,여주시(원부교),기후에너지환경부,0.29,0.3,2.09,51.24,한강,운영,T/M,1007615.0,100706,기후에너지환경부
118,여주시(율극교),기후에너지환경부,0.85,0.85,1.92,32.91,한강,운영,T/M,1007640.0,100711,기후에너지환경부
119,여주시(흥천대교),기후에너지환경부,1.31,1.3,3.34,32.84,한강,운영,T/M,1007650.0,100714,기후에너지환경부
120,연천군(보막교),기후에너지환경부,2.7,2.7,-,76.71,한강,운영,T/M,1022661.0,102214,기후에너지환경부
121,연천군(사랑교),기후에너지환경부,1.68,1.67,18.75,19.98,한강,운영,T/M,1022680.0,102215,기후에너지환경부
122,연천군(사미천교),기후에너지환경부,0.3,0.29,-,6.88,한강,운영,T/M,1023662.0,102302,기후에너지환경부
123,연천군(삼화교),기후에너지환경부,2.59,2.57,-,7.94,한강,운영,T/M,1023640.0,102301,기후에너지환경부
124,연천군(신천교),기후에너지환경부,0.87,0.87,3.24,28.3,한강,운영,T/M,1022670.0,102213,기후에너지환경부
125,연천군(임진교),기후에너지환경부,0.65,0.66,3.75,17.62,한강,운영,T/M,1021680.0,102109,기후에너지환경부
126,연천군(차탄교),기후에너지환경부,0.44,0.43,1.3,48.24,한강,운영,T/M,1022662.0,102214,기후에너지환경부
127,연천군(필승교),기후에너지환경부,0.19,0.18,10.68,31.18,한강,운영,T/M,1021650.0,102108,기후에너지환경부
128,영월군(각동교),기후에너지환경부,2.81,2.8,-,168.14,한강,운영,T/M,1003625.0,100306,기후에너지환경부
129,영월군(거운교),기후에너지환경부,1.65,1.63,49.1,198.57,한강,운영,T/M,1001670.0,100117,기후에너지환경부
130,영월군(내리2교),기후에너지환경부,1.73,1.73,-,256.91,한강,운영,T/M,1003603.0,100304,기후에너지환경부
131,영월군(농공단지교),기후에너지환경부,2.71,2.7,-,202.28,한강,운영,T/M,1002693.0,100212,기후에너지환경부
132,영월군(두학교),기후에너지환경부,0.32,0.31,-,306.57,한강,운영,T/M,1002680.0,100209,기후에너지환경부
133,영월군(신천교),기후에너지환경부,1.37,1.38,13.75,211.87,한강,운영,T/M,1002687.0,100210,기후에너지환경부
134,영월군(신촌교),기후에너지환경부,1.99,1.98,-,227.41,한강,운영,T/M,1001695.0,100116,기후에너지환경부
135,영월군(영월대교),기후에너지환경부,0.87,0.86,54.25,184.07,한강,운영,T/M,1001690.0,100117,기후에너지환경부
136,영월군(옥동교),기후에너지환경부,1.7,1.69,9.7,185.66,한강,운영,T/M,1003620.0,100305,기후에너지환경부
137,영월군(주채교),기후에너지환경부,2.1,2.09,-,425.48,,,,,100302,
138,영월군(주천교),기후에너지환경부,1.13,1.13,11.85,241.69,한강,운영,T/M,1002685.0,100210,기후에너지환경부
139,영월군(충혼교),기후에너지환경부,1.24,1.23,-,270.91,한강,운영,T/M,1003605.0,100303,기후에너지환경부
140,영월군(팔괴교),기후에너지환경부,0.88,0.87,31.88,182.09,한강,운영,T/M,1002698.0,100213,기후에너지환경부
141,영월군(화병교),기후에너지환경부,5.69,5.68,-,201.44,한강,운영,T/M,1002691.0,100213,기후에너지환경부
142,오산시(탑동대교),기후에너지환경부,0.83,0.83,3.07,11.57,안성천,운영,T/M,1101645.0,110111,기후에너지환경부
143,용인시(덕성1교),기후에너지환경부,2.79,2.79,-,59.99,안성천,운영,T/M,1101621.0,110109,기후에너지환경부
144,용인시(마전교),기후에너지환경부,2.86,2.86,-,92.1,한강,운영,T/M,1016601.0,101601,기후에너지환경부
145,용인시(월촌교),기후에너지환경부,0.57,0.56,-,50.11,한강,운영,T/M,1016607.0,101601,기후에너지환경부
146,용인시(전궁교),기후에너지환경부,2.71,2.71,-,21.68,안성천,운영,T/M,1101656.0,110114,기후에너지환경부
147,원주시(가현교),기후에너지환경부,3.56,3.56,-,98.4,한강,운영,T/M,1006666.0,100606,기후에너지환경부
148,원주시(남한강대교),기후에너지환경부,0.69,0.7,149.65,40.38,한강,운영,T/M,1005697.0,100505,기후에너지환경부
149,원주시(동부교),기후에너지환경부,0.18,0.17,-,151.12,한강,운영,T/M,1006664.0,100606,기후에너지환경부
150,원주시(문막교),기후에너지환경부,1.11,1.11,39.81,51.83,한강,운영,T/M,1006690.0,100610,기후에너지환경부
151,원주시(법천교),기후에너지환경부,0.76,0.76,-,44.6,한강,운영,T/M,1005695.0,100505,기후에너지환경부
152,원주시(봉미교),기후에너지환경부,2.5,2.49,-,98.53,한강,운영,T/M,1006685.0,100609,기후에너지환경부
153,원주시(옥산교),기후에너지환경부,0.36,0.37,-,80.95,한강,운영,T/M,1006670.0,100605,기후에너지환경부
154,원주시(원주교),기후에너지환경부,0.38,0.38,1.4,120.1,한강,운영,T/M,1006665.0,100606,기후에너지환경부
155,원주시(장현교),기후에너지환경부,1.04,1.04,9.99,78.62,한강,운영,T/M,1006672.0,100608,기후에너지환경부
156,원주시(지정대교),기후에너지환경부,1.18,1.19,12.68,60.68,한강,운영,T/M,1006680.0,100608,기후에너지환경부
157,원주시(판대2교),기후에너지환경부,2.62,2.61,-,83.1,한강,운영,T/M,1006677.0,100607,기후에너지환경부
158,음성군(병암교),기후에너지환경부,1.93,1.93,-,79.49,한강,운영,T/M,1007609.0,100704,기후에너지환경부
159,음성군(상우교),기후에너지환경부,1.78,1.78,-,69.77,한강,운영,T/M,1007613.0,100705,기후에너지환경부
160,음성군(총천교),기후에너지환경부,1.16,1.16,12.75,68.29,한강,운영,T/M,1007610.0,100704,기후에너지환경부
161,의정부시(금신교),기후에너지환경부,2.88,2.88,-,36.83,한강,운영,T/M,1018666.0,101808,기후에너지환경부
162,의정부시(신곡교),기후에너지환경부,0.43,0.42,0.9,33.48,한강,운영,T/M,1018665.0,101808,기후에너지환경부
163,이천시(고당교),기후에너지환경부,2.48,2.48,-,68.34,한강,운영,T/M,1007608.0,100703,기후에너지환경부
164,이천시(동산교),기후에너지환경부,1.48,1.47,3.43,60.46,한강,운영,T/M,1007642.0,100712,기후에너지환경부
165,이천시(복하교),기후에너지환경부,-0.38,-0.37,0.89,46.05,한강,운영,T/M,1007645.0,100713,기후에너지환경부
166,이천시(장호원교),기후에너지환경부,0.95,0.95,1.88,57.63,한강,운영,T/M,1007605.0,100705,기후에너지환경부
167,이포보(상류),기후에너지환경부,28.21,28.22,173.47,28.22,한강,운영,T/M,1007662.0,100710,기후에너지환경부
168,이포보(하류),기후에너지환경부,25.05,25.12,-,25.12,한강,운영,T/M,1007664.0,100715,기후에너지환경부
169,인제군(리빙스턴교),기후에너지환경부,1.59,1.58,13.94,194.52,한강,운영,T/M,1011695.0,101104,기후에너지환경부
170,인제군(반월촌교),기후에너지환경부,4.83,4.86,-,-,한강,운영,T/M,1011620.0,101102,기후에너지환경부
171,인제군(서호교),기후에너지환경부,3.09,3.08,-,285.25,한강,운영,T/M,1012639.0,101203,기후에너지환경부
172,인제군(십이선녀교),기후에너지환경부,3.55,3.55,-,305.9,한강,운영,T/M,1011640.0,101103,기후에너지환경부
173,인제군(양지교),기후에너지환경부,1.23,1.23,5.44,341.74,한강,운영,T/M,1012635.0,101202,기후에너지환경부
174,인제군(왕성동교),기후에너지환경부,0.8,0.8,13.27,374.61,한강,운영,T/M,1012630.0,101201,기후에너지환경부
175,인제군(진동2교),기후에너지환경부,3.27,3.27,-,385.96,한강,운영,T/M,1012638.0,101204,기후에너지환경부
176,인제군(하죽천교),기후에너지환경부,1.69,1.69,23.25,262.9,한강,운영,T/M,1012645.0,101205,기후에너지환경부
177,인제군(현리교),기후에너지환경부,0.68,0.67,4.28,286.63,한강,운영,T/M,1012640.0,101204,기후에너지환경부
178,인천시(굴포1교),기후에너지환경부,2.28,2.28,-,5.33,한강,운영,T/M,1019612.0,101903,기후에너지환경부
179,인천시(상야교),기후에너지환경부,1.28,1.35,-,3.12,한강,운영,T/M,1019657.0,101903,기후에너지환경부
180,인천시(연수교),기후에너지환경부,2.33,2.33,-,0.49,한강서해,운영,T/M,1201660.0,120102,기후에너지환경부
181,정선군(각희교),기후에너지환경부,2.41,2.41,-,524.99,한강,운영,T/M,1001641.0,100110,기후에너지환경부
182,정선군(광탄교),기후에너지환경부,1.6,1.59,-,298.21,한강,운영,T/M,1001661.0,100114,기후에너지환경부
183,정선군(광하교),기후에너지환경부,0.98,1.0,-,274.54,한강,운영,T/M,1001658.0,100112,기후에너지환경부
184,정선군(나전교),기후에너지환경부,1.26,1.25,11.08,334.46,한강,운영,T/M,1001630.0,100109,기후에너지환경부
185,정선군(낙동교),기후에너지환경부,1.5,1.48,4.57,325.5,한강,운영,T/M,1001660.0,100114,기후에너지환경부
186,정선군(남평대교),기후에너지환경부,1.97,1.97,20.59,334.03,한강,운영,T/M,1001629.0,100107,기후에너지환경부
187,정선군(삼거리교),기후에너지환경부,2.02,2.0,-,479.89,한강,운영,T/M,1001650.0,100113,기후에너지환경부
188,정선군(송계교),기후에너지환경부,-0.25,-0.27,0.27,490.75,한강,운영,T/M,1001620.0,100103,기후에너지환경부
189,정선군(송천교),기후에너지환경부,0.9,0.9,10.52,375.58,한강,운영,T/M,1001625.0,100106,기후에너지환경부
190,정선군(애산교),기후에너지환경부,1.52,1.52,-,302.44,한강,운영,T/M,1001649.0,100111,기후에너지환경부
191,정선군(오장2교),기후에너지환경부,1.93,1.93,-,445.18,한강,운영,T/M,1001623.0,100106,기후에너지환경부
192,정선군(와평교),기후에너지환경부,1.65,1.65,4.46,315.2,한강,운영,T/M,1001645.0,100111,기후에너지환경부
193,정선군(정선제1교),기후에너지환경부,1.51,1.49,37.17,296.78,한강,운영,T/M,1001655.0,100112,기후에너지환경부
194,정선군(제1여량교),기후에너지환경부,1.67,1.65,8.91,371.14,한강,운영,T/M,1001626.0,100107,기후에너지환경부
195,정선군(혈천교),기후에너지환경부,1.53,1.53,16.1,480.91,한강,운영,T/M,1001622.0,100102,기후에너지환경부
196,제천시(강저3교),기후에너지환경부,0.19,0.19,0.53,227.82,한강,운영,T/M,1003657.0,100314,기후에너지환경부
197,제천시(구곡교),기후에너지환경부,1.5,1.5,3.21,186.77,한강,운영,T/M,1003661.0,100315,기후에너지환경부
198,제천시(덕동교),기후에너지환경부,2.24,2.24,-,266.8,한강,운영,T/M,1003652.0,100316,기후에너지환경부
199,제천시(부수동교),기후에너지환경부,0.73,0.73,1.47,220.36,한강,운영,T/M,1003658.0,100316,기후에너지환경부
200,제천시(송계교),기후에너지환경부,2.4,2.4,-,160.6,한강,운영,T/M,1003654.0,100318,기후에너지환경부
201,제천시(용암교),기후에너지환경부,2.58,2.58,-,228.83,한강,운영,T/M,1003667.0,100317,기후에너지환경부
202,제천시(팔송교),기후에너지환경부,1.25,1.24,0.01,215.95,한강,운영,T/M,1003660.0,100313,기후에너지환경부
203,천안시(안궁교),기후에너지환경부,2.43,2.43,-,1.45,안성천,운영,T/M,1101628.0,110105,기후에너지환경부
204,천안시(안성천교),기후에너지환경부,0.08,0.08,2.77,3.84,안성천,운영,T/M,1101630.0,110107,기후에너지환경부
205,천안시(장천교),기후에너지환경부,2.51,2.52,-,9.88,안성천,운영,T/M,1101631.0,110106,기후에너지환경부
206,철원군(대마리),기후에너지환경부,0.82,0.87,-,181.5,한강,운영,T/M,1021630.0,102107,기후에너지환경부
207,철원군(삼합교),기후에너지환경부,0.86,0.86,-,-,한강,운영,T/M,1022630.0,102201,기후에너지환경부
208,철원군(암정교),기후에너지환경부,3.55,3.53,-,218.31,한강,운영,T/M,1022620.0,102202,기후에너지환경부
209,철원군(장수대교),기후에너지환경부,0.67,0.66,3.12,194,한강,운영,T/M,1022626.0,102202,기후에너지환경부
210,철원군(한탄대교),기후에너지환경부,1.64,1.63,3.38,126.7,한강,운영,T/M,1022635.0,102203,기후에너지환경부
211,청주시(옥화1교),기후에너지환경부,1.26,1.25,-,199.85,한강,운영,T/M,1004620.0,100403,기후에너지환경부
212,청주시(청석굴교),기후에너지환경부,2.66,2.65,-,212.05,한강,운영,T/M,1004616.0,100402,기후에너지환경부
213,춘천시(강촌교),기후에너지환경부,0.31,-0.05,23.35,52.45,한강,운영,T/M,1013645.0,101304,기후에너지환경부
214,춘천시(소양2교),기후에너지환경부,70.69,70.69,-,70.7,한강,운영,T/M,1013637.0,101302,기후에너지환경부
215,춘천시(천전리),기후에너지환경부,-0.18,0.59,-,76.64,한강,운영,T/M,1012685.0,101208,기후에너지환경부
216,춘천시(춘천댐),기후에너지환경부,102.46,102.46,-,102.44,한강,운영,T/M,1010690.0,101011,기후에너지환경부
217,춘천시(춘천댐하류),기후에너지환경부,0.34,0.32,-,72.13,한강,운영,T/M,1010695.0,101012,기후에너지환경부
218,춘천시(충의대교),기후에너지환경부,5.35,5.33,-,50.36,한강,운영,T/M,1014690.0,101414,기후에너지환경부
219,춘천시(팔미3교),기후에너지환경부,2.51,2.51,-,79.08,한강,운영,T/M,1013643.0,101303,기후에너지환경부
220,춘천시(효자교),기후에너지환경부,3.83,3.83,0.46,71.61,한강,운영,T/M,1013610.0,101301,기후에너지환경부
221,충주시(국원대교),기후에너지환경부,0.58,0.58,0.68,64.4,한강,운영,T/M,1004695.0,100413,기후에너지환경부
222,충주시(능암교),기후에너지환경부,2.82,2.81,-,68.48,한강,운영,T/M,1005650.0,100503,기후에너지환경부
223,충주시(목계교),기후에너지환경부,0.63,0.63,165.42,52.97,한강,운영,T/M,1005640.0,100502,기후에너지환경부
224,충주시(문강교),기후에너지환경부,1.1,1.1,-,99.83,한강,운영,T/M,1004680.0,100412,기후에너지환경부
225,충주시(봉계교),기후에너지환경부,2.13,2.11,-,72.54,한강,운영,T/M,1004696.0,100414,기후에너지환경부
226,충주시(세포교),기후에너지환경부,2.3,2.29,-,61.68,한강,운영,T/M,1005660.0,100504,기후에너지환경부
227,충주시(주덕교),기후에너지환경부,2.78,2.77,-,79.34,한강,운영,T/M,1004694.0,100413,기후에너지환경부
228,충주시(탄금교),기후에너지환경부,0.7,0.7,-,64.28,한강,운영,T/M,1005605.0,100414,기후에너지환경부
229,파주시(교하교),기후에너지환경부,1.87,1.89,-,2.81,한강,운영,T/M,1019680.0,101906,기후에너지환경부
230,파주시(덕천교),기후에너지환경부,2.21,2.2,-,16.35,한강,운영,T/M,1023635.0,102303,기후에너지환경부
231,파주시(만장교),기후에너지환경부,2.42,2.41,0.03,22.83,한강,운영,T/M,1023674.0,102305,기후에너지환경부
232,파주시(비룡대교),기후에너지환경부,2.07,2.07,29.31,7.5,한강,운영,T/M,1023660.0,102301,기후에너지환경부
233,파주시(신우교),기후에너지환경부,2.12,2.13,-,58.66,한강,운영,T/M,1023671.0,102305,기후에너지환경부
234,파주시(아가메교),기후에너지환경부,0.9,0.81,-,2.88,한강,운영,T/M,1023680.0,102306,기후에너지환경부
235,파주시(전진교),기후에너지환경부,6.12,6.5,-,2.37,한강,운영,T/M,1023667.0,102304,기후에너지환경부
236,파주시(주월교),기후에너지환경부,1.4,1.39,-,9.23,한강,운영,T/M,1023677.0,102306,기후에너지환경부
237,파주시(통일대교),기후에너지환경부,2.22,1.65,-,1.95,한강,운영,T/M,1023670.0,102304,기후에너지환경부
238,평창군(마하교),기후에너지환경부,2.66,2.66,-,221.43,한강,운영,T/M,1001665.0,100115,기후에너지환경부
239,평창군(바이오교),기후에너지환경부,2.35,2.35,-,465.79,한강,운영,T/M,1002626.0,100203,기후에너지환경부
240,평창군(사초교),기후에너지환경부,2.01,2.0,1.03,376.62,한강,운영,T/M,1002635.0,100203,기후에너지환경부
241,평창군(상방림교),기후에너지환경부,0.61,0.61,18.54,359.83,한강,운영,T/M,1002640.0,100205,기후에너지환경부
242,평창군(선애교),기후에너지환경부,1.09,1.08,9.05,385.97,한강,운영,T/M,1002625.0,100202,기후에너지환경부
243,평창군(송정교),기후에너지환경부,1.63,1.62,-,513.21,한강,운영,T/M,1001602.0,100108,기후에너지환경부
244,평창군(이목정교),기후에너지환경부,1.7,1.7,2.55,592.57,한강,운영,T/M,1002605.0,100201,기후에너지환경부
245,평창군(장평교),기후에너지환경부,-0.14,-0.14,3.9,526.82,한강,운영,T/M,1002610.0,100201,기후에너지환경부
246,평창군(진전교),기후에너지환경부,0.41,0.41,4.55,522.05,한강,운영,T/M,1002615.0,100201,기후에너지환경부
247,평창군(평창교),기후에너지환경부,1.16,1.16,15.36,288.63,한강,운영,T/M,1002650.0,100206,기후에너지환경부
248,평창군(하방림교),기후에너지환경부,1.67,1.68,-,368.66,한강,운영,T/M,1002636.0,100204,기후에너지환경부
249,평택시(군문교),기후에너지환경부,2.3,2.31,2.97,2.44,안성천,운영,T/M,1101635.0,110107,기후에너지환경부
250,평택시(동연교),기후에너지환경부,2.54,2.53,13.38,2.25,안성천,운영,T/M,1101670.0,110115,기후에너지환경부
251,평택시(진위1교),기후에너지환경부,1.06,1.06,1.84,6.39,안성천,운영,T/M,1101663.0,110114,기후에너지환경부
252,평택시(팽성대교),기후에너지환경부,1.94,1.95,23.83,2.25,안성천,운영,T/M,1101680.0,110116,기후에너지환경부
253,평택시(회화리),기후에너지환경부,0.36,0.36,9.46,5.34,안성천,운영,T/M,1101665.0,110114,기후에너지환경부
254,포천시(가산교),기후에너지환경부,0.4,0.4,-,103.58,한강,운영,T/M,1022651.0,102208,기후에너지환경부
255,포천시(낭유대교),기후에너지환경부,3.92,3.92,-,104.93,한강,운영,T/M,1022646.0,102206,기후에너지환경부
256,포천시(마명1교),기후에너지환경부,2.27,2.27,-,90.17,한강,운영,T/M,1018619.0,101802,기후에너지환경부
257,포천시(신백의교),기후에너지환경부,0.84,0.84,24.87,45.39,한강,운영,T/M,1022655.0,102210,기후에너지환경부
258,포천시(영평교),기후에너지환경부,0.69,0.69,3.56,57.04,한강,운영,T/M,1022650.0,102210,기후에너지환경부
259,포천시(용담교),기후에너지환경부,0.94,0.93,-,93.06,한강,운영,T/M,1022640.0,102204,기후에너지환경부
260,포천시(은현교),기후에너지환경부,0.67,0.67,3.49,61.99,한강,운영,T/M,1022648.0,102209,기후에너지환경부
261,포천시(제1도평교),기후에너지환경부,2.13,2.13,-,159.54,한강,운영,T/M,1022641.0,102206,기후에너지환경부
262,포천시(지현교),기후에너지환경부,0.11,0.11,-,100.3,한강,운영,T/M,1022649.0,102209,기후에너지환경부
263,포천시(포천대교),기후에너지환경부,2.81,2.9,11.88,89.97,한강,운영,T/M,1022647.0,102208,기후에너지환경부
264,홍천군(가덕교),기후에너지환경부,2.38,2.38,-,504.07,한강,운영,T/M,1012625.0,101201,기후에너지환경부
265,홍천군(군업1교),기후에너지환경부,2.42,2.42,-,162.4,한강,운영,T/M,1014637.0,101405,기후에너지환경부
266,홍천군(굴운교),기후에너지환경부,0.67,0.66,13.02,132.34,한강,운영,T/M,1014640.0,101406,기후에너지환경부
267,홍천군(귀미뜰교),기후에너지환경부,2.51,2.51,-,149.43,한강,운영,T/M,1014645.0,101407,기후에너지환경부
268,홍천군(남노일대교),기후에너지환경부,1.95,1.91,10.88,91.19,한강,운영,T/M,1014665.0,101410,기후에너지환경부
269,홍천군(모곡교),기후에너지환경부,2.67,2.66,1.17,58.94,한강,운영,T/M,1014696.0,101413,기후에너지환경부
270,홍천군(반곡교),기후에너지환경부,1.44,1.43,13.53,69.72,한강,운영,T/M,1014680.0,101412,기후에너지환경부
271,홍천군(용선교),기후에너지환경부,1.22,1.22,7.7,185.96,한강,운영,T/M,1014620.0,101402,기후에너지환경부
272,홍천군(용수교),기후에너지환경부,2.89,2.88,-,100.59,한강,운영,T/M,1014664.0,101411,기후에너지환경부
273,홍천군(용호대교),기후에너지환경부,3.65,3.65,-,243.73,한강,운영,T/M,1014618.0,101402,기후에너지환경부
274,홍천군(주음치교),기후에너지환경부,0.68,0.67,8.07,152.82,한강,운영,T/M,1014630.0,101404,기후에너지환경부
275,홍천군(지다치교),기후에너지환경부,3.42,3.41,-,169.26,한강,운영,T/M,1014622.0,101403,기후에너지환경부
276,홍천군(홍천교),기후에너지환경부,1.16,1.16,129.58,120.89,한강,운영,T/M,1014650.0,101408,기후에너지환경부
277,홍천군(화계교),기후에너지환경부,3.2,3.21,-,122.91,한강,운영,T/M,1014652.0,101409,기후에너지환경부
278,화성시(발안천2교),기후에너지환경부,2.05,2.05,-,3.65,한강서해,운영,T/M,1202668.0,120206,기후에너지환경부
279,화성시(수직교),기후에너지환경부,0.74,0.75,4.68,5.08,안성천,운영,T/M,1101650.0,110113,기후에너지환경부
280,화성시(화산교),기후에너지환경부,1.49,1.49,2.93,13.72,안성천,운영,T/M,1101605.0,110113,기후에너지환경부
281,화천군(신대교),기후에너지환경부,2.51,2.51,-,130.79,한강,운영,T/M,1010673.0,101008,기후에너지환경부
282,화천군(신읍교),기후에너지환경부,2.98,2.97,-,111.26,한강,운영,T/M,1010674.0,101008,기후에너지환경부
283,화천군(일광교),기후에너지환경부,2.13,2.12,-,259.9,한강,운영,T/M,1010686.0,101010,기후에너지환경부
284,화천군(화천댐),기후에너지환경부,169.84,169.85,-,170.12,한강,운영,T/M,1010660.0,101006,기후에너지환경부
285,횡성군(둔방내리),기후에너지환경부,2.3,2.3,-,484.65,한강,운영,T/M,1002670.0,100207,기후에너지환경부
286,횡성군(안흥교),기후에너지환경부,1.17,1.16,3.88,415.46,한강,운영,T/M,1002675.0,100208,기후에너지환경부
287,횡성군(오산교),기후에너지환경부,1.89,1.89,1.52,120.28,한강,운영,T/M,1006630.0,100603,기후에너지환경부
288,횡성군(전천교),기후에너지환경부,0.94,0.94,0.02,108.82,한강,운영,T/M,1006660.0,100604,기후에너지환경부
289,횡성군(청곡교),기후에너지환경부,3.48,3.47,-,149.16,한강,운영,T/M,1006628.0,100603,기후에너지환경부
290,횡성군(횡성교),기후에너지환경부,1.07,1.07,8.19,107.12,한강,운영,T/M,1006650.0,100605,기후에너지환경부
