,korObs,korInst,waterElevation,sphereLarge,inOperation,methodObs,codeObs,codeWatershed,korStream,1차,2차,3차,4차,5차,6차,7차,8차
0,가평군(가평교),기후에너지환경부,51.62,한강,운영,T/M,1013655.0,101306,가평천하류,143.0,38,8,3,2,1,,
1,가평군(대보교),기후에너지환경부,102.19,한강,운영,T/M,1015620.0,101504,조종천하류,86.0,20,5,2,1,,,
2,가평군(선촌2교),기후에너지환경부,52.88,한강,운영,T/M,1015636.0,101501,미원천,75.0,19,5,2,2,,,
3,가평군(신상교),기후에너지환경부,137.63,한강,운영,T/M,1015611.0,101503,조종천상류,77.0,25,5,2,1,,,
4,가평군(신청평대교),기후에너지환경부,23.93,한강,운영,T/M,1015645.0,101506,청평댐하류,139.0,30,6,1,1,,1,
5,가평군(오류동교),기후에너지환경부,37.37,한강,운영,T/M,1015655.0,101505,구운천,93.0,20,5,1,,,,
6,가평군(제령교),기후에너지환경부,103.31,한강,운영,T/M,1013650.0,101306,가평천하류,143.0,38,8,3,2,1,,
7,가평군(청평교),기후에너지환경부,32.47,한강,운영,T/M,1015644.0,101504,조종천하류,86.0,20,5,2,1,,,
8,가평군(청평댐),기후에너지환경부,51.12,한강,운영,T/M,1015640.0,101502,청평댐,126.0,28,6,1,1,1,1,
9,가평군(화악교),기후에너지환경부,136.03,한강,운영,T/M,1013651.0,101306,가평천하류,143.0,38,8,3,2,1,,
10,강릉시(난곡교),기후에너지환경부,4.96,,,,,320309,,,,,,,,,
11,강릉시(송림교),기후에너지환경부,4.72,한강동해,운영,T/M,1302670.0,130201,연곡천,296.0,86,15,4,1,,,
12,강릉시(오봉교),기후에너지환경부,58.12,한강동해,운영,T/M,1302646.0,130204,강릉남대천,174.0,53,14,4,2,1,,
13,강릉시(우정교),기후에너지환경부,60.95,,,,,130201,연곡천,296.0,86,15,4,1,,,
14,강릉시(회산교),기후에너지환경부,15.84,한강동해,운영,T/M,1302648.0,130204,강릉남대천,174.0,53,14,4,2,1,,
15,강천보(상류),기후에너지환경부,38.22,한강,운영,T/M,1007633.0,100706,강천보,329.0,87,19,5,,1,,1
16,강천보(하류),기후에너지환경부,33.37,한강,운영,T/M,1007634.0,100708,여주수위표,238.0,71,15,4,1,1,,1
17,강화군(강화대교),기후에너지환경부,-1.21,한강서해,운영,T/M,1201620.0,120104,삼동암천,97.0,37,9,2,,,,
18,고성군(간촌교),기후에너지환경부,6.88,,,,,101103,북천,209.0,42,8,3,1,,,
19,고양시(원당교),기후에너지환경부,21.01,한강,운영,T/M,1019667.0,101905,공릉천하류,74.0,25,7,1,1,,,1
20,고양시(은덕교),기후에너지환경부,22.83,한강,운영,T/M,1019606.0,101901,창릉천,279.0,86,21,5,1,,,
21,광명시(시흥대교),기후에너지환경부,6.75,한강,운영,T/M,1018693.0,101815,안양천중류,233.0,58,10,2,1,,,
22,광주시(경안교),기후에너지환경부,34.51,한강,운영,T/M,1016650.0,101603,경안수위표,227.0,59,16,5,2,1,,
23,광주시(광동교),기후에너지환경부,25.01,한강,운영,T/M,1016695.0,101605,경안천하류,546.0,141,35,7,1,2,2,
24,광주시(동림3교),기후에너지환경부,73.75,한강,운영,T/M,1016606.0,101602,오산천,92.0,24,4,1,,,,
25,광주시(부항교),기후에너지환경부,94.18,한강,운영,T/M,1016657.0,101604,곤지암천,538.0,145,31,10,2,2,,
26,광주시(서하교),기후에너지환경부,27.44,한강,운영,T/M,1016670.0,101605,경안천하류,546.0,141,35,7,1,2,2,
27,광주시(섬뜰교),기후에너지환경부,37.26,한강,운영,T/M,1016660.0,101604,곤지암천,538.0,145,31,10,2,2,,
28,광주시(오포대교),기후에너지환경부,43.03,한강,운영,T/M,1016645.0,101603,경안수위표,227.0,59,16,5,2,1,,
29,광주시(파발교),기후에너지환경부,37.68,한강,운영,T/M,1016651.0,101603,경안수위표,227.0,59,16,5,2,1,,
30,괴산군(목도교),기후에너지환경부,88.17,한강,운영,T/M,1004693.0,100409,괴산댐하류,270.0,67,12,3,1,1,1,
31,괴산군(비도교),기후에너지환경부,119.22,한강,운영,T/M,1004646.0,100407,쌍천,311.0,72,15,5,1,,,
32,괴산군(수전교),기후에너지환경부,110.65,한강,운영,T/M,1004645.0,100409,괴산댐하류,270.0,67,12,3,1,1,1,
33,괴산군(월문교),기후에너지환경부,175.96,한강,운영,T/M,1004631.0,100404,압항천,658.0,176,43,8,2,1,,
34,괴산군(적석교),기후에너지환경부,202.84,한강,운영,T/M,1004640.0,100407,쌍천,311.0,72,15,5,1,,,
35,괴산군(제2괴산교),기후에너지환경부,107.08,한강,운영,T/M,1004661.0,100408,동진천,439.0,99,21,5,2,1,,
36,괴산군(추산교),기후에너지환경부,96.07,한강,운영,T/M,1004670.0,100410,음성천,359.0,106,28,7,1,,1,
37,김포시(사우교),기후에너지환경부,2.21,한강,운영,T/M,1019661.0,101904,공릉천상류,125.0,39,12,2,1,,,
38,김포시(전류리),기후에너지환경부,1.24,한강,운영,T/M,1019675.0,101906,임진강합류전,253.0,62,20,5,2,,,
39,남양주시(내곡교),기후에너지환경부,34.43,한강,운영,T/M,1018625.0,101802,퇴계원수위표,480.0,130,33,8,1,,,
40,남양주시(부평교),기후에너지환경부,56.35,한강,운영,T/M,1018620.0,101802,퇴계원수위표,480.0,130,33,8,1,,,
41,남양주시(삼봉리),기후에너지환경부,25.05,한강,운영,T/M,1015680.0,101508,북한강하류,242.0,67,13,4,1,,1,
42,남양주시(연평대교),기후에너지환경부,44.71,한강,운영,T/M,1018623.0,101802,퇴계원수위표,480.0,130,33,8,1,,,
43,남양주시(왕숙교),기후에너지환경부,11.36,한강,운영,T/M,1018638.0,101803,왕숙천,389.0,110,26,5,2,1,,
44,남양주시(진관교),기후에너지환경부,22.01,한강,운영,T/M,1018630.0,101803,왕숙천,389.0,110,26,5,2,1,,
45,남양주시(퇴계원리),기후에너지환경부,21.96,한강,운영,T/M,1018635.0,101803,왕숙천,389.0,110,26,5,2,1,,
46,남양주시(팔당대교),기후에너지환경부,6.62,한강,운영,T/M,1018610.0,101801,팔당댐하류,355.0,95,27,8,2,,,1
47,남양주시(팔당댐),기후에너지환경부,24.96,한강,운영,T/M,1017690.0,101701,팔당댐,96.0,26,7,1,,,3,1
48,단양군(가대교),기후에너지환경부,141.45,한강,운영,T/M,1003636.0,100307,하일천합류후,373.0,84,15,4,1,,,1
49,단양군(단양1교),기후에너지환경부,141.3,한강,운영,T/M,1003645.0,100309,죽령천,327.0,76,13,3,1,,,
50,단양군(덕천교),기후에너지환경부,136.85,한강,운영,T/M,1003642.0,100310,단양천합류후,171.0,45,12,2,3,,,1
51,단양군(들골교),기후에너지환경부,157.94,한강,운영,T/M,1003626.0,100308,매포천,227.0,58,14,3,1,,,
52,단양군(음지교),기후에너지환경부,223.27,한강,운영,T/M,1003643.0,100309,죽령천,327.0,76,13,3,1,,,
53,동두천시(송천교),기후에너지환경부,58.3,한강,운영,T/M,1022668.0,102213,신천하류,225.0,54,13,5,2,1,,
54,동해시(북평교),기후에너지환경부,-0.08,한강동해,운영,T/M,1302668.0,130207,전천,377.0,90,26,5,2,1,,
55,부천시(도두리2교),기후에너지환경부,3.88,한강,운영,T/M,1019620.0,101907,굴포천,149.0,45,10,3,1,,,1
56,삼척시(남양촌교),기후에너지환경부,50.74,한강동해,운영,T/M,1303610.0,130305,가곡천,851.0,175,39,8,2,1,,
57,삼척시(마차교),기후에너지환경부,119.45,한강동해,운영,T/M,1303645.0,130301,삼척오십천상류,431.0,102,26,6,1,,,
58,삼척시(상정교),기후에너지환경부,44.32,한강동해,운영,T/M,1303650.0,130302,삼천오십천하류,684.0,140,38,9,2,2,,
59,삼척시(오십천교),기후에너지환경부,-0.15,한강동해,운영,T/M,1303680.0,130302,삼천오십천하류,684.0,140,38,9,2,2,,
60,삼척시(전두3교),기후에너지환경부,241.34,한강동해,운영,T/M,1303640.0,130301,삼척오십천상류,431.0,102,26,6,1,,,
61,서울시(광진교),기후에너지환경부,6.42,한강,운영,T/M,1018640.0,101807,중랑천합류전,112.0,32,8,3,1,2,,1
62,서울시(너부대교),기후에너지환경부,7.41,한강,운영,T/M,1018695.0,101815,안양천중류,233.0,58,10,2,1,,,
63,서울시(대곡교),기후에너지환경부,11.36,한강,운영,T/M,1018655.0,101806,탄천하류,158.0,44,11,3,2,1,,
64,서울시(대치교),기후에너지환경부,5.94,한강,운영,T/M,1018658.0,101806,탄천하류,158.0,44,11,3,2,1,,
65,서울시(신대방1교),기후에너지환경부,12.66,한강,운영,T/M,1018698.0,101816,안양천하류,65.0,17,5,1,1,,,
66,서울시(신림5교),기후에너지환경부,50.41,한강,운영,T/M,1018692.0,101816,안양천하류,65.0,17,5,1,1,,,
67,서울시(오금교),기후에너지환경부,3.68,한강,운영,T/M,1018697.0,101815,안양천중류,233.0,58,10,2,1,,,
68,서울시(월계2교),기후에너지환경부,16.63,한강,운영,T/M,1018670.0,101810,중랑천하류,276.0,77,19,4,1,,1,
69,서울시(잠수교),기후에너지환경부,2.76,한강,운영,T/M,1018680.0,101811,한강대교수위표,28.0,5,1,,,,1,1
70,서울시(중랑교),기후에너지환경부,9.65,한강,운영,T/M,1018675.0,101810,중랑천하류,276.0,77,19,4,1,,1,
71,서울시(창동교),기후에너지환경부,15.15,한강,운영,T/M,1018669.0,101810,중랑천하류,276.0,77,19,4,1,,1,
72,서울시(청담대교),기후에너지환경부,2.8,한강,운영,T/M,1018662.0,101807,중랑천합류전,112.0,32,8,3,1,2,,1
73,서울시(한강대교),기후에너지환경부,2.78,한강,운영,T/M,1018683.0,101812,홍제천합류전,1.0,,,,,,,1
74,서울시(행주대교),기후에너지환경부,2.71,한강,운영,T/M,1019630.0,101903,계양천합류후,368.0,104,29,7,1,,,
75,서울시(홍남교),기후에너지환경부,16.95,한강,운영,T/M,1018686.0,101813,홍제천,30.0,10,4,2,1,,,
76,성남시(궁내교),기후에너지환경부,33.83,한강,운영,T/M,1018650.0,101804,탄천상류,252.0,72,16,4,1,,,
77,성남시(둔전교),기후에너지환경부,18.99,한강,운영,T/M,1018653.0,101805,성남수위표,175.0,53,13,4,1,,,
78,속초시(도문교),기후에너지환경부,83.07,한강동해,운영,T/M,1301625.0,130105,청초천,141.0,36,9,3,,,,
79,속초시(응골교),기후에너지환경부,7.11,,,,,130105,청초천,141.0,36,9,3,,,,
80,수원시(매세교),기후에너지환경부,32.06,안성천,운영,T/M,1101601.0,110112,황구지천상류,292.0,82,20,5,2,1,,
81,수원시(백년교),기후에너지환경부,22.95,안성천,운영,T/M,1101604.0,110112,황구지천상류,292.0,82,20,5,2,1,,
82,아산시(운교교),기후에너지환경부,3.37,안성천,운영,T/M,1101688.0,110107,평택수위표,54.0,17,5,1,3,3,1,
83,안산시(안산10교),기후에너지환경부,0.63,한강서해,운영,T/M,1202650.0,120201,화정천,86.0,38,11,6,,,,
84,안성시(건천리),기후에너지환경부,8.27,안성천,운영,T/M,1101620.0,110107,평택수위표,54.0,17,5,1,3,3,1,
85,안성시(고지교),기후에너지환경부,13.67,안성천,운영,T/M,1101616.0,110104,청룡천,118.0,33,15,2,1,1,,
86,안성시(두현교),기후에너지환경부,89.46,한강,운영,T/M,1007606.0,100702,죽산천,123.0,35,6,1,,,,
87,안성시(옥산대교),기후에너지환경부,18.38,안성천,운영,T/M,1101610.0,110101,안성천상류,399.0,112,27,6,6,3,,
88,안성시(평촌교),기후에너지환경부,33.06,안성천,운영,T/M,1101611.0,110103,한천,179.0,52,13,3,1,,,
89,안성시(한천교),기후에너지환경부,12.03,안성천,운영,T/M,1101618.0,110103,한천,179.0,52,13,3,1,,,
90,안성시(한평교),기후에너지환경부,77.56,한강,운영,T/M,1007604.0,100701,청미천상류,286.0,75,15,3,1,,,
91,안성시(현수교),기후에너지환경부,26.79,안성천,운영,T/M,1101606.0,110101,안성천상류,399.0,112,27,6,6,3,,
92,안양시(충훈1교),기후에너지환경부,16.62,한강,운영,T/M,1018690.0,101815,안양천중류,233.0,58,10,2,1,,,
93,양구군(송청제2교),기후에너지환경부,188.63,한강,운영,T/M,1010633.0,101004,서천,133.0,30,9,1,,,,
94,양구군(양지교),기후에너지환경부,230.66,한강,운영,T/M,1010631.0,101004,서천,133.0,30,9,1,,,,
95,양양군(북평교),기후에너지환경부,7.36,한강동해,운영,T/M,1301632.0,130106,후천,363.0,89,17,3,2,,,
96,양양군(양양대교),기후에너지환경부,1.05,한강동해,운영,T/M,1301658.0,130107,양양남대천,410.0,92,23,5,3,1,,
97,양양군(용천2교),기후에너지환경부,8.66,한강동해,운영,T/M,1301630.0,130107,양양남대천,410.0,92,23,5,3,1,,
98,양주시(마전3교),기후에너지환경부,47.5,한강,운영,T/M,1018661.0,101808,중랑천상류,825.0,239,56,16,4,2,1,
99,양주시(발운2교),기후에너지환경부,74.26,한강,운영,T/M,1022660.0,102211,신천상류,55.0,14,3,1,,,,
100,양주시(제궁교),기후에너지환경부,53.68,한강,운영,T/M,1019663.0,101905,공릉천하류,74.0,25,7,1,1,,,1
101,양평군(다문교),기후에너지환경부,56.11,한강,운영,T/M,1007695.0,100717,흑천하류,400.0,111,25,7,1,1,,
102,양평군(보룡교),기후에너지환경부,97.9,한강,운영,T/M,1007688.0,100716,흑천상류,324.0,74,17,5,2,1,,
103,양평군(봉상교),기후에너지환경부,79.65,한강,운영,T/M,1007690.0,100717,흑천하류,400.0,111,25,7,1,1,,
104,양평군(신원리),기후에너지환경부,25.08,한강,운영,T/M,1007697.0,100719,남한강하류,295.0,70,15,3,1,,1,1
105,양평군(양평교),기후에너지환경부,25.01,한강,운영,T/M,1007685.0,100718,양평수위표,307.0,81,20,4,1,1,,1
106,양평군(여물교),기후에너지환경부,110.25,한강,운영,T/M,1007687.0,100716,흑천상류,324.0,74,17,5,2,1,,
107,양평군(흑천교),기후에너지환경부,32.41,한강,운영,T/M,1007680.0,100717,흑천하류,400.0,111,25,7,1,1,,
108,여주보(상류),기후에너지환경부,33.19,한강,운영,T/M,1007639.0,100709,여주보,265.0,83,24,6,1,,,1
109,여주보(하류),기후에너지환경부,28.55,한강,운영,T/M,1007641.0,100710,양화천,589.0,165,44,8,2,1,,
110,여주시(강천리),기후에너지환경부,38.27,한강,운영,T/M,1007620.0,100706,강천보,329.0,87,19,5,,1,,1
111,여주시(남한강교),기후에너지환경부,38.24,한강,운영,T/M,1007625.0,100706,강천보,329.0,87,19,5,,1,,1
112,여주시(당우교),기후에너지환경부,43.84,한강,운영,T/M,1007637.0,100707,금당천,392.0,113,27,5,2,1,,
113,여주시(삼합교),기후에너지환경부,41.69,한강,운영,T/M,1007617.0,100706,강천보,329.0,87,19,5,,1,,1
114,여주시(양촌교),기후에너지환경부,29.49,한강,운영,T/M,1007655.0,100710,양화천,589.0,165,44,8,2,1,,
115,여주시(여주대교),기후에너지환경부,33.34,한강,운영,T/M,1007635.0,100709,여주보,265.0,83,24,6,1,,,1
116,여주시(용은교),기후에너지환경부,41.15,한강,운영,T/M,1007626.0,100710,양화천,589.0,165,44,8,2,1,,
117,여주시(원부교),기후에너지환경부,51.24,한강,운영,T/M,1007615.0,100706,강천보,329.0,87,19,5,,1,,1
118,여주시(율극교),기후에너지환경부,32.91,한강,운영,T/M,1007640.0,100711,이포보,395.0,106,18,4,1,2,,1
119,여주시(흥천대교),기후에너지환경부,32.84,한강,운영,T/M,1007650.0,100714,복하천하류,146.0,40,9,2,,1,,
120,연천군(보막교),기후에너지환경부,76.71,한강,운영,T/M,1022661.0,102214,차탄천,107.0,21,4,1,,,,
121,연천군(사랑교),기후에너지환경부,19.98,한강,운영,T/M,1022680.0,102215,한탄강하류,50.0,12,2,1,,3,1,
122,연천군(사미천교),기후에너지환경부,6.88,한강,운영,T/M,1023662.0,102302,사미천,235.0,60,17,4,1,,,
123,연천군(삼화교),기후에너지환경부,7.94,한강,운영,T/M,1023640.0,102301,적성수위표,69.0,17,3,1,,1,1,
124,연천군(신천교),기후에너지환경부,28.3,한강,운영,T/M,1022670.0,102213,신천하류,225.0,54,13,5,2,1,,
125,연천군(임진교),기후에너지환경부,17.62,한강,운영,T/M,1021680.0,102109,한탄강합류후,29.0,11,3,,,1,,
126,연천군(차탄교),기후에너지환경부,48.24,한강,운영,T/M,1022662.0,102214,차탄천,107.0,21,4,1,,,,
127,연천군(필승교),기후에너지환경부,31.18,한강,운영,T/M,1021650.0,102108,군남홍수조절지,129.0,30,5,1,1,1,,
128,영월군(각동교),기후에너지환경부,168.14,한강,운영,T/M,1003625.0,100306,사이곡천합류전,144.0,31,5,2,,,,1
129,영월군(거운교),기후에너지환경부,198.57,한강,운영,T/M,1001670.0,100117,영월,293.0,65,16,,2,1,1,
130,영월군(내리2교),기후에너지환경부,256.91,한강,운영,T/M,1003603.0,100304,내린천,89.0,22,5,1,,,,
131,영월군(농공단지교),기후에너지환경부,202.28,한강,운영,T/M,1002693.0,100212,문곡천,317.0,74,24,3,1,,1,
132,영월군(두학교),기후에너지환경부,306.57,한강,운영,T/M,1002680.0,100209,주천강중류,583.0,121,28,8,3,1,,
133,영월군(신천교),기후에너지환경부,211.87,한강,운영,T/M,1002687.0,100210,주천강하류,271.0,65,17,4,,1,,
134,영월군(신촌교),기후에너지환경부,227.41,한강,운영,T/M,1001695.0,100116,석항천,328.0,77,19,5,2,1,,
135,영월군(영월대교),기후에너지환경부,184.07,한강,운영,T/M,1001690.0,100117,영월,293.0,65,16,,2,1,1,
136,영월군(옥동교),기후에너지환경부,185.66,한강,운영,T/M,1003620.0,100305,옥동천하류,175.0,34,5,3,,1,,1
137,영월군(주채교),기후에너지환경부,425.48,,,,,100302,옥동천상류,256.0,53,11,3,1,,,
138,영월군(주천교),기후에너지환경부,241.69,한강,운영,T/M,1002685.0,100210,주천강하류,271.0,65,17,4,,1,,
139,영월군(충혼교),기후에너지환경부,270.91,한강,운영,T/M,1003605.0,100303,옥동천중류,302.0,76,19,4,2,1,,
140,영월군(팔괴교),기후에너지환경부,182.09,한강,운영,T/M,1002698.0,100213,평창강하류,414.0,101,26,5,1,,2,
141,영월군(화병교),기후에너지환경부,201.44,한강,운영,T/M,1002691.0,100213,평창강하류,414.0,101,26,5,1,,2,
142,오산시(탑동대교),기후에너지환경부,11.57,안성천,운영,T/M,1101645.0,110111,오산천,273.0,78,19,5,1,,,
143,용인시(덕성1교),기후에너지환경부,59.99,안성천,운영,T/M,1101621.0,110109,이동댐,270.0,70,15,5,1,,,
144,용인시(마전교),기후에너지환경부,92.1,한강,운영,T/M,1016601.0,101601,경안천상류,307.0,84,16,4,1,,,
145,용인시(월촌교),기후에너지환경부,50.11,한강,운영,T/M,1016607.0,101601,경안천상류,307.0,84,16,4,1,,,
146,용인시(전궁교),기후에너지환경부,21.68,안성천,운영,T/M,1101656.0,110114,동연교수위표,363.0,102,31,7,2,2,1,
147,원주시(가현교),기후에너지환경부,98.4,한강,운영,T/M,1006666.0,100606,원주천,264.0,75,16,5,2,1,,
148,원주시(남한강대교),기후에너지환경부,40.38,한강,운영,T/M,1005697.0,100505,섬강합류전,239.0,56,15,4,1,,1,1
149,원주시(동부교),기후에너지환경부,151.12,한강,운영,T/M,1006664.0,100606,원주천,264.0,75,16,5,2,1,,
150,원주시(문막교),기후에너지환경부,51.83,한강,운영,T/M,1006690.0,100610,섬강하류,467.0,121,29,6,1,1,1,
151,원주시(법천교),기후에너지환경부,44.6,한강,운영,T/M,1005695.0,100505,섬강합류전,239.0,56,15,4,1,,1,1
152,원주시(봉미교),기후에너지환경부,98.53,한강,운영,T/M,1006685.0,100609,서곡천,350.0,82,16,4,2,1,,
153,원주시(옥산교),기후에너지환경부,80.95,한강,운영,T/M,1006670.0,100605,원주천합류전,426.0,105,20,7,3,1,,
154,원주시(원주교),기후에너지환경부,120.1,한강,운영,T/M,1006665.0,100606,원주천,264.0,75,16,5,2,1,,
155,원주시(장현교),기후에너지환경부,78.62,한강,운영,T/M,1006672.0,100608,간현수위표,862.0,217,50,9,3,5,1,
156,원주시(지정대교),기후에너지환경부,60.68,한강,운영,T/M,1006680.0,100608,간현수위표,862.0,217,50,9,3,5,1,
157,원주시(판대2교),기후에너지환경부,83.1,한강,운영,T/M,1006677.0,100607,삼산천,743.0,185,42,6,2,1,,
158,음성군(병암교),기후에너지환경부,79.49,한강,운영,T/M,1007609.0,100704,응천,452.0,125,30,7,1,,,
159,음성군(상우교),기후에너지환경부,69.77,한강,운영,T/M,1007613.0,100705,청미수위표,400.0,113,27,6,2,1,,
160,음성군(총천교),기후에너지환경부,68.29,한강,운영,T/M,1007610.0,100704,응천,452.0,125,30,7,1,,,
161,의정부시(금신교),기후에너지환경부,36.83,한강,운영,T/M,1018666.0,101808,중랑천상류,825.0,239,56,16,4,2,1,
162,의정부시(신곡교),기후에너지환경부,33.48,한강,운영,T/M,1018665.0,101808,중랑천상류,825.0,239,56,16,4,2,1,
163,이천시(고당교),기후에너지환경부,68.34,한강,운영,T/M,1007608.0,100703,청미천중류,278.0,86,20,4,3,1,,
164,이천시(동산교),기후에너지환경부,60.46,한강,운영,T/M,1007642.0,100712,복하천상류,289.0,85,20,5,1,,,
165,이천시(복하교),기후에너지환경부,46.05,한강,운영,T/M,1007645.0,100713,복하천중류,153.0,52,13,3,2,1,,
166,이천시(장호원교),기후에너지환경부,57.63,한강,운영,T/M,1007605.0,100705,청미수위표,400.0,113,27,6,2,1,,
167,이포보(상류),기후에너지환경부,28.22,한강,운영,T/M,1007662.0,100710,양화천,589.0,165,44,8,2,1,,
168,이포보(하류),기후에너지환경부,25.12,한강,운영,T/M,1007664.0,100715,흑천합류전,427.0,107,21,4,1,1,,1
169,인제군(리빙스턴교),기후에너지환경부,194.52,한강,운영,T/M,1011695.0,101104,인북천하류,97.0,16,2,,2,1,,
170,인제군(반월촌교),기후에너지환경부,,한강,운영,T/M,1011620.0,101102,인북천중류,188.0,41,7,4,1,,,
171,인제군(서호교),기후에너지환경부,285.25,한강,운영,T/M,1012639.0,101203,내린천하류,89.0,18,4,1,,2,,
172,인제군(십이선녀교),기후에너지환경부,305.9,한강,운영,T/M,1011640.0,101103,북천,209.0,42,8,3,1,,,
173,인제군(양지교),기후에너지환경부,341.74,한강,운영,T/M,1012635.0,101202,방내천,134.0,27,7,2,1,,,
174,인제군(왕성동교),기후에너지환경부,374.61,한강,운영,T/M,1012630.0,101201,내린천상류,386.0,90,25,5,2,1,,
175,인제군(진동2교),기후에너지환경부,385.96,한강,운영,T/M,1012638.0,101204,방태천,239.0,56,12,3,1,,,
176,인제군(하죽천교),기후에너지환경부,262.9,한강,운영,T/M,1012645.0,101205,소양강상류,362.0,83,13,3,1,1,,
177,인제군(현리교),기후에너지환경부,286.63,한강,운영,T/M,1012640.0,101204,방태천,239.0,56,12,3,1,,,
178,인천시(굴포1교),기후에너지환경부,5.33,한강,운영,T/M,1019612.0,101903,계양천합류후,368.0,104,29,7,1,,,
179,인천시(상야교),기후에너지환경부,3.12,한강,운영,T/M,1019657.0,101903,계양천합류후,368.0,104,29,7,1,,,
180,인천시(연수교),기후에너지환경부,0.49,한강서해,운영,T/M,1201660.0,120102,공촌천,121.0,36,8,2,,,,
181,정선군(각희교),기후에너지환경부,524.99,한강,운영,T/M,1001641.0,100110,어천상류,568.0,127,35,11,3,1,,
182,정선군(광탄교),기후에너지환경부,298.21,한강,운영,T/M,1001661.0,100114,지장천하류,424.0,106,25,5,1,,,
183,정선군(광하교),기후에너지환경부,274.54,한강,운영,T/M,1001658.0,100112,정선,274.0,62,17,2,2,2,1,
184,정선군(나전교),기후에너지환경부,334.46,한강,운영,T/M,1001630.0,100109,오대천하류,108.0,20,4,,1,1,,
185,정선군(낙동교),기후에너지환경부,325.5,한강,운영,T/M,1001660.0,100114,지장천하류,424.0,106,25,5,1,,,
186,정선군(남평대교),기후에너지환경부,334.03,한강,운영,T/M,1001629.0,100107,골지천하류,152.0,40,6,2,,1,,
187,정선군(삼거리교),기후에너지환경부,479.89,한강,운영,T/M,1001650.0,100113,지장천상류,272.0,65,15,3,1,,,
188,정선군(송계교),기후에너지환경부,490.75,한강,운영,T/M,1001620.0,100103,임계천,525.0,129,29,5,1,1,,
189,정선군(송천교),기후에너지환경부,375.58,한강,운영,T/M,1001625.0,100106,송천,166.0,39,9,2,1,,,
190,정선군(애산교),기후에너지환경부,302.44,한강,운영,T/M,1001649.0,100111,어천하류,712.0,170,37,6,1,1,,
191,정선군(오장2교),기후에너지환경부,445.18,한강,운영,T/M,1001623.0,100106,송천,166.0,39,9,2,1,,,
192,정선군(와평교),기후에너지환경부,315.2,한강,운영,T/M,1001645.0,100111,어천하류,712.0,170,37,6,1,1,,
193,정선군(정선제1교),기후에너지환경부,296.78,한강,운영,T/M,1001655.0,100112,정선,274.0,62,17,2,2,2,1,
194,정선군(제1여량교),기후에너지환경부,371.14,한강,운영,T/M,1001626.0,100107,골지천하류,152.0,40,6,2,,1,,
195,정선군(혈천교),기후에너지환경부,480.91,한강,운영,T/M,1001622.0,100102,광동댐하류,660.0,140,37,6,2,1,,
196,제천시(강저3교),기후에너지환경부,227.82,한강,운영,T/M,1003657.0,100314,장평천,311.0,85,21,5,1,,,
197,제천시(구곡교),기후에너지환경부,186.77,한강,운영,T/M,1003661.0,100315,제천천하류,214.0,54,13,4,3,1,,
198,제천시(덕동교),기후에너지환경부,266.8,한강,운영,T/M,1003652.0,100316,원서천,264.0,65,15,4,1,,,
199,제천시(부수동교),기후에너지환경부,220.36,한강,운영,T/M,1003658.0,100316,원서천,264.0,65,15,4,1,,,
200,제천시(송계교),기후에너지환경부,160.6,한강,운영,T/M,1003654.0,100318,동달천,37.0,9,3,1,,,,
201,제천시(용암교),기후에너지환경부,228.83,한강,운영,T/M,1003667.0,100317,광천,82.0,17,2,1,,,,
202,제천시(팔송교),기후에너지환경부,215.95,한강,운영,T/M,1003660.0,100313,제천천상류,344.0,76,18,4,1,,,
203,천안시(안궁교),기후에너지환경부,1.45,안성천,운영,T/M,1101628.0,110105,입장천,155.0,43,11,4,2,1,,
204,천안시(안성천교),기후에너지환경부,3.84,안성천,운영,T/M,1101630.0,110107,평택수위표,54.0,17,5,1,3,3,1,
205,천안시(장천교),기후에너지환경부,9.88,안성천,운영,T/M,1101631.0,110106,성환천,137.0,40,10,2,2,,,
206,철원군(대마리),기후에너지환경부,181.5,한강,운영,T/M,1021630.0,102107,역곡천,403.0,91,24,4,1,,,
207,철원군(삼합교),기후에너지환경부,,한강,운영,T/M,1022630.0,102201,한탄강상류,221.0,60,15,3,2,1,,
208,철원군(암정교),기후에너지환경부,218.31,한강,운영,T/M,1022620.0,102202,화강,423.0,106,26,5,1,,,
209,철원군(장수대교),기후에너지환경부,194,한강,운영,T/M,1022626.0,102202,화강,423.0,106,26,5,1,,,
210,철원군(한탄대교),기후에너지환경부,126.7,한강,운영,T/M,1022635.0,102203,대교천합류후,146.0,33,9,1,,1,,
211,청주시(옥화1교),기후에너지환경부,199.85,한강,운영,T/M,1004620.0,100403,압항천합류전,630.0,149,35,4,2,2,1,
212,청주시(청석굴교),기후에너지환경부,212.05,한강,운영,T/M,1004616.0,100402,감천,639.0,158,41,9,2,1,,
213,춘천시(강촌교),기후에너지환경부,52.45,한강,운영,T/M,1013645.0,101304,가평수위표,135.0,31,9,3,,,1,
214,춘천시(소양2교),기후에너지환경부,70.7,한강,운영,T/M,1013637.0,101302,의암댐,78.0,15,3,2,,1,2,
215,춘천시(천전리),기후에너지환경부,76.64,한강,운영,T/M,1012685.0,101208,소양강댐하류,109.0,28,7,1,,,3,
216,춘천시(춘천댐),기후에너지환경부,102.44,한강,운영,T/M,1010690.0,101011,춘천댐,106.0,19,5,2,1,2,,
217,춘천시(춘천댐하류),기후에너지환경부,72.13,한강,운영,T/M,1010695.0,101012,춘천댐하류,49.0,12,3,,,1,,
218,춘천시(충의대교),기후에너지환경부,50.36,한강,운영,T/M,1014690.0,101414,홍천강하류,157.0,40,7,2,1,1,,
219,춘천시(팔미3교),기후에너지환경부,79.08,한강,운영,T/M,1013643.0,101303,팔미천,114.0,26,8,1,,,,
220,춘천시(효자교),기후에너지환경부,71.61,한강,운영,T/M,1013610.0,101301,공지천,67.0,18,4,2,,,,
221,충주시(국원대교),기후에너지환경부,64.4,한강,운영,T/M,1004695.0,100413,요도천,482.0,126,34,6,2,1,,
222,충주시(능암교),기후에너지환경부,68.48,한강,운영,T/M,1005650.0,100503,운계천합류전,466.0,122,30,5,1,,,1
223,충주시(목계교),기후에너지환경부,52.97,한강,운영,T/M,1005640.0,100502,목계수위표,173.0,47,13,4,2,,,1
224,충주시(문강교),기후에너지환경부,99.83,한강,운영,T/M,1004680.0,100412,석문동천,236.0,59,15,4,2,1,,
225,충주시(봉계교),기후에너지환경부,72.54,한강,운영,T/M,1004696.0,100414,달천하류,196.0,50,9,2,,2,1,
226,충주시(세포교),기후에너지환경부,61.68,한강,운영,T/M,1005660.0,100504,운계천,234.0,53,11,1,,,,
227,충주시(주덕교),기후에너지환경부,79.34,한강,운영,T/M,1004694.0,100413,요도천,482.0,126,34,6,2,1,,
228,충주시(탄금교),기후에너지환경부,64.28,한강,운영,T/M,1005605.0,100414,달천하류,196.0,50,9,2,,2,1,
229,파주시(교하교),기후에너지환경부,2.81,한강,운영,T/M,1019680.0,101906,임진강합류전,253.0,62,20,5,2,,,
230,파주시(덕천교),기후에너지환경부,16.35,한강,운영,T/M,1023635.0,102303,눌노천합류후,102.0,23,5,1,1,,1,
231,파주시(만장교),기후에너지환경부,22.83,한강,운영,T/M,1023674.0,102305,문산천상류,50.0,13,4,1,,,,
232,파주시(비룡대교),기후에너지환경부,7.5,한강,운영,T/M,1023660.0,102301,적성수위표,69.0,17,3,1,,1,1,
233,파주시(신우교),기후에너지환경부,58.66,한강,운영,T/M,1023671.0,102305,문산천상류,50.0,13,4,1,,,,
234,파주시(아가메교),기후에너지환경부,2.88,한강,운영,T/M,1023680.0,102306,문산천하류,47.0,13,2,1,,,,
235,파주시(전진교),기후에너지환경부,2.37,한강,운영,T/M,1023667.0,102304,문산천합류후,80.0,16,3,1,,,1,
236,파주시(주월교),기후에너지환경부,9.23,한강,운영,T/M,1023677.0,102306,문산천하류,47.0,13,2,1,,,,
237,파주시(통일대교),기후에너지환경부,1.95,한강,운영,T/M,1023670.0,102304,문산천합류후,80.0,16,3,1,,,1,
238,평창군(마하교),기후에너지환경부,221.43,한강,운영,T/M,1001665.0,100115,창리천,102.0,23,7,2,1,,,
239,평창군(바이오교),기후에너지환경부,465.79,한강,운영,T/M,1002626.0,100203,대화천,88.0,26,6,2,,,,
240,평창군(사초교),기후에너지환경부,376.62,한강,운영,T/M,1002635.0,100203,대화천,88.0,26,6,2,,,,
241,평창군(상방림교),기후에너지환경부,359.83,한강,운영,T/M,1002640.0,100205,평창수위표,71.0,18,4,3,1,,,
242,평창군(선애교),기후에너지환경부,385.97,한강,운영,T/M,1002625.0,100202,평창강상류,87.0,25,4,,1,,,
243,평창군(송정교),기후에너지환경부,513.21,한강,운영,T/M,1001602.0,100108,오대천상류,297.0,73,15,4,1,,,
244,평창군(이목정교),기후에너지환경부,592.57,한강,운영,T/M,1002605.0,100201,흥정천,165.0,39,9,3,1,,,
245,평창군(장평교),기후에너지환경부,526.82,한강,운영,T/M,1002610.0,100201,흥정천,165.0,39,9,3,1,,,
246,평창군(진전교),기후에너지환경부,522.05,한강,운영,T/M,1002615.0,100201,흥정천,165.0,39,9,3,1,,,
247,평창군(평창교),기후에너지환경부,288.63,한강,운영,T/M,1002650.0,100206,평창강중류,576.0,135,27,6,2,1,,
248,평창군(하방림교),기후에너지환경부,368.66,한강,운영,T/M,1002636.0,100204,계촌천,63.0,12,3,1,,,,
249,평택시(군문교),기후에너지환경부,2.44,안성천,운영,T/M,1101635.0,110107,평택수위표,54.0,17,5,1,3,3,1,
250,평택시(동연교),기후에너지환경부,2.25,안성천,운영,T/M,1101670.0,110115,진위천,144.0,38,6,1,,,1,
251,평택시(진위1교),기후에너지환경부,6.39,안성천,운영,T/M,1101663.0,110114,동연교수위표,363.0,102,31,7,2,2,1,
252,평택시(팽성대교),기후에너지환경부,2.25,안성천,운영,T/M,1101680.0,110116,아산방조제상류,119.0,37,8,2,,,2,1
253,평택시(회화리),기후에너지환경부,5.34,안성천,운영,T/M,1101665.0,110114,동연교수위표,363.0,102,31,7,2,2,1,
254,포천시(가산교),기후에너지환경부,103.58,한강,운영,T/M,1022651.0,102208,포천천상류,310.0,80,21,3,1,,,
255,포천시(낭유대교),기후에너지환경부,104.93,한강,운영,T/M,1022646.0,102206,영평천상류,327.0,81,20,4,1,,,
256,포천시(마명1교),기후에너지환경부,90.17,한강,운영,T/M,1018619.0,101802,퇴계원수위표,480.0,130,33,8,1,,,
257,포천시(신백의교),기후에너지환경부,45.39,한강,운영,T/M,1022655.0,102210,영평천하류,304.0,77,16,5,3,1,,
258,포천시(영평교),기후에너지환경부,57.04,한강,운영,T/M,1022650.0,102210,영평천하류,304.0,77,16,5,3,1,,
259,포천시(용담교),기후에너지환경부,93.06,한강,운영,T/M,1022640.0,102204,부소천합류후,212.0,52,15,4,1,1,,
260,포천시(은현교),기후에너지환경부,61.99,한강,운영,T/M,1022648.0,102209,포천천하류,212.0,55,11,1,1,,,
261,포천시(제1도평교),기후에너지환경부,159.54,한강,운영,T/M,1022641.0,102206,영평천상류,327.0,81,20,4,1,,,
262,포천시(지현교),기후에너지환경부,100.3,한강,운영,T/M,1022649.0,102209,포천천하류,212.0,55,11,1,1,,,
263,포천시(포천대교),기후에너지환경부,89.97,한강,운영,T/M,1022647.0,102208,포천천상류,310.0,80,21,3,1,,,
264,홍천군(가덕교),기후에너지환경부,504.07,한강,운영,T/M,1012625.0,101201,내린천상류,386.0,90,25,5,2,1,,
265,홍천군(군업1교),기후에너지환경부,162.4,한강,운영,T/M,1014637.0,101405,군업천,73.0,13,2,1,1,,,
266,홍천군(굴운교),기후에너지환경부,132.34,한강,운영,T/M,1014640.0,101406,덕치천합류전,28.0,8,1,,1,,,
267,홍천군(귀미뜰교),기후에너지환경부,149.43,한강,운영,T/M,1014645.0,101407,덕치천,82.0,18,6,2,1,,,
268,홍천군(남노일대교),기후에너지환경부,91.19,한강,운영,T/M,1014665.0,101410,양덕원천합류전,81.0,20,3,2,,1,,
269,홍천군(모곡교),기후에너지환경부,58.94,한강,운영,T/M,1014696.0,101413,중방대천,108.0,27,9,2,2,,,
270,홍천군(반곡교),기후에너지환경부,69.72,한강,운영,T/M,1014680.0,101412,서면수위표,251.0,54,8,3,1,1,,
271,홍천군(용선교),기후에너지환경부,185.96,한강,운영,T/M,1014620.0,101402,내촌천하류,133.0,32,6,,1,,,
272,홍천군(용수교),기후에너지환경부,100.59,한강,운영,T/M,1014664.0,101411,양덕원천,153.0,33,7,2,,,,
273,홍천군(용호대교),기후에너지환경부,243.73,한강,운영,T/M,1014618.0,101402,내촌천하류,133.0,32,6,,1,,,
274,홍천군(주음치교),기후에너지환경부,152.82,한강,운영,T/M,1014630.0,101404,화촌수위표,43.0,12,1,1,1,,,
275,홍천군(지다치교),기후에너지환경부,169.26,한강,운영,T/M,1014622.0,101403,홍천강상류,118.0,25,3,1,,,,
276,홍천군(홍천교),기후에너지환경부,120.89,한강,운영,T/M,1014650.0,101408,홍천수위표,80.0,23,4,1,2,1,,
277,홍천군(화계교),기후에너지환경부,122.91,한강,운영,T/M,1014652.0,101409,성동천,69.0,15,3,1,,,,
278,화성시(발안천2교),기후에너지환경부,3.65,한강서해,운영,T/M,1202668.0,120206,남양방조제,781.0,308,89,34,10,1,,
279,화성시(수직교),기후에너지환경부,5.08,안성천,운영,T/M,1101650.0,110113,황구지천하류,341.0,93,27,7,1,1,,
280,화성시(화산교),기후에너지환경부,13.72,안성천,운영,T/M,1101605.0,110113,황구지천하류,341.0,93,27,7,1,1,,
281,화천군(신대교),기후에너지환경부,130.79,한강,운영,T/M,1010673.0,101008,화천천,205.0,43,9,2,1,,,
282,화천군(신읍교),기후에너지환경부,111.26,한강,운영,T/M,1010674.0,101008,화천천,205.0,43,9,2,1,,,
283,화천군(일광교),기후에너지환경부,259.9,한강,운영,T/M,1010686.0,101010,지촌천,142.0,36,9,2,1,,,
284,화천군(화천댐),기후에너지환경부,170.12,한강,운영,T/M,1010660.0,101006,화천댐,113.0,30,11,1,1,1,,
285,횡성군(둔방내리),기후에너지환경부,484.65,한강,운영,T/M,1002670.0,100207,주천강시점,263.0,62,15,6,1,,,
286,횡성군(안흥교),기후에너지환경부,415.46,한강,운영,T/M,1002675.0,100208,주천강상류,406.0,88,15,5,1,,,
287,횡성군(오산교),기후에너지환경부,120.28,한강,운영,T/M,1006630.0,100603,금계천,161.0,35,10,1,,,,
288,횡성군(전천교),기후에너지환경부,108.82,한강,운영,T/M,1006660.0,100604,전천,446.0,109,23,5,1,,,
289,횡성군(청곡교),기후에너지환경부,149.16,한강,운영,T/M,1006628.0,100603,금계천,161.0,35,10,1,,,,
290,횡성군(횡성교),기후에너지환경부,107.12,한강,운영,T/M,1006650.0,100605,원주천합류전,426.0,105,20,7,3,1,,
