,korObs,korInst,sphereLarge,inOperation,methodObs,codeObs,codeWatershed,korStream_x,1차,2차,3차,4차,5차,6차,7차,8차,dateNotice,aFLAdvisory(m),aFLAdvisory(El.m),aFLAlert(m),aFLAlert(El.m),designFloodLevel(m),designFloodLevel(El.m),designFloodCharge(m3/sec),(El.m),heightEmbarkmentLeft(m),heightEmbarkmentLeft(El.m),heightEmbarkmentRight(m),heightEmbarkmentRight(El.m),widthRiver(m)
15,강천보(상류),기후에너지환경부,한강,운영,T/M,1007633.0,100706,강천보,329.0,87.0,19.0,5.0,-,1.0,-,1.0,-,-,-,-,-,-,-,-,-,-,-,-,-,-
16,강천보(하류),기후에너지환경부,한강,운영,T/M,1007634.0,100708,여주수위표,238.0,71.0,15.0,4.0,1.0,1.0,-,1.0,-,-,-,-,-,-,-,-,-,-,-,-,-,-
30,괴산군(목도교),기후에너지환경부,한강,운영,T/M,1004693.0,100409,괴산댐,270.0,67.0,12.0,3.0,1.0,1.0,1.0,-,19.04.18,6.2,92.99,7.1,93.89,8.5,95.29,"4,455",86.79,12.87,99.66,12.75,99.54,-
31,괴산군(비도교),기후에너지환경부,한강,운영,T/M,1004646.0,100407,쌍천,311.0,72.0,15.0,5.0,1.0,-,-,-,24.04.23,3,121.18,3.5,121.68,3.74,121.92,900,118.18,5.9,124.08,5.88,124.06,-
32,괴산군(수전교),기후에너지환경부,한강,운영,T/M,1004645.0,100409,괴산댐,270.0,67.0,12.0,3.0,1.0,1.0,1.0,-,-,-,-,-,-,-,-,-,-,-,-,-,-,-
33,괴산군(월문교),기후에너지환경부,한강,운영,T/M,1004631.0,100404,압항천,658.0,176.0,43.0,8.0,2.0,1.0,-,-,-,-,-,-,-,-,-,-,-,-,-,-,-,-
34,괴산군(적석교),기후에너지환경부,한강,운영,T/M,1004640.0,100407,쌍천,311.0,72.0,15.0,5.0,1.0,-,-,-,-,-,-,-,-,-,-,-,-,-,-,-,-,-
35,괴산군(제2괴산교),기후에너지환경부,한강,운영,T/M,1004661.0,100408,동진천,439.0,99.0,21.0,5.0,2.0,1.0,-,-,-,-,-,-,-,-,-,-,-,-,-,-,-,-
36,괴산군(추산교),기후에너지환경부,한강,운영,T/M,1004670.0,100410,음성천,359.0,106.0,28.0,7.0,1.0,-,1.0,-,-,-,-,-,-,-,-,-,-,-,-,-,-,-
48,단양군(가대교),기후에너지환경부,한강,운영,T/M,1003636.0,100307,하일천,373.0,84.0,15.0,4.0,1.0,-,-,1.0,-,-,-,-,-,-,-,-,-,-,-,-,-,-
49,단양군(단양1교),기후에너지환경부,한강,운영,T/M,1003645.0,100309,죽령천,327.0,76.0,13.0,3.0,1.0,-,-,-,24.04.23,4,144.9,5,145.9,5.74,146.64,"1,270",140.9,6.83,147.73,6.43,147.33,-
50,단양군(덕천교),기후에너지환경부,한강,운영,T/M,1003642.0,100310,단양천,171.0,45.0,12.0,2.0,3.0,-,-,1.0,-,-,-,-,-,-,-,-,-,-,-,-,-,-
51,단양군(들골교),기후에너지환경부,한강,운영,T/M,1003626.0,100308,매포천,227.0,58.0,14.0,3.0,1.0,-,-,-,-,-,-,-,-,-,-,-,-,-,-,-,-,-
52,단양군(음지교),기후에너지환경부,한강,운영,T/M,1003643.0,100309,죽령천,327.0,76.0,13.0,3.0,1.0,-,-,-,-,-,-,-,-,-,-,-,-,-,-,-,-,-
86,안성시(두현교),기후에너지환경부,한강,운영,T/M,1007606.0,100702,죽산천,123.0,35.0,6.0,1.0,-,-,-,-,-,-,-,-,-,-,-,-,-,-,-,-,-,-
90,안성시(한평교),기후에너지환경부,한강,운영,T/M,1007604.0,100701,청미천,286.0,75.0,15.0,3.0,1.0,-,-,-,-,-,-,-,-,-,-,-,-,-,-,-,-,-
101,양평군(다문교),기후에너지환경부,한강,운영,T/M,1007695.0,100717,흑천,400.0,111.0,25.0,7.0,1.0,1.0,-,-,-,-,-,-,-,-,-,-,-,-,-,-,-,-
102,양평군(보룡교),기후에너지환경부,한강,운영,T/M,1007688.0,100716,흑천,324.0,74.0,17.0,5.0,2.0,1.0,-,-,-,-,-,-,-,-,-,-,-,-,-,-,-,-
103,양평군(봉상교),기후에너지환경부,한강,운영,T/M,1007690.0,100717,흑천,400.0,111.0,25.0,7.0,1.0,1.0,-,-,-,-,-,-,-,-,-,-,-,-,-,-,-,-
104,양평군(신원리),기후에너지환경부,한강,운영,T/M,1007697.0,100719,남한강,295.0,70.0,15.0,3.0,1.0,-,1.0,1.0,-,-,-,-,-,-,-,-,-,-,-,-,-,-
105,양평군(양평교),기후에너지환경부,한강,운영,T/M,1007685.0,100718,양평수위표,307.0,81.0,20.0,4.0,1.0,1.0,-,1.0,-,-,-,-,-,-,-,-,-,-,-,-,-,-
106,양평군(여물교),기후에너지환경부,한강,운영,T/M,1007687.0,100716,흑천,324.0,74.0,17.0,5.0,2.0,1.0,-,-,-,-,-,-,-,-,-,-,-,-,-,-,-,-
107,양평군(흑천교),기후에너지환경부,한강,운영,T/M,1007680.0,100717,흑천,400.0,111.0,25.0,7.0,1.0,1.0,-,-,24.04.23,3.5,34.79,4,35.29,6.5,37.79,"2,475",31.29,6.89,38.18,6.89,38.18,-
108,여주보(상류),기후에너지환경부,한강,운영,T/M,1007639.0,100709,여주보,265.0,83.0,24.0,6.0,1.0,-,-,1.0,-,-,-,-,-,-,-,-,-,-,-,-,-,-
109,여주보(하류),기후에너지환경부,한강,운영,T/M,1007641.0,100710,양화천,589.0,165.0,44.0,8.0,2.0,1.0,-,-,-,-,-,-,-,-,-,-,-,-,-,-,-,-
110,여주시(강천리),기후에너지환경부,한강,운영,T/M,1007620.0,100706,강천보,329.0,87.0,19.0,5.0,-,1.0,-,1.0,-,-,-,-,-,-,-,-,-,-,-,-,-,-
111,여주시(남한강교),기후에너지환경부,한강,운영,T/M,1007625.0,100706,강천보,329.0,87.0,19.0,5.0,-,1.0,-,1.0,-,-,-,-,-,-,-,-,-,-,-,-,-,-
112,여주시(당우교),기후에너지환경부,한강,운영,T/M,1007637.0,100707,금당천,392.0,113.0,27.0,5.0,2.0,1.0,-,-,-,-,-,-,-,-,-,-,-,-,-,-,-,-
113,여주시(삼합교),기후에너지환경부,한강,운영,T/M,1007617.0,100706,강천보,329.0,87.0,19.0,5.0,-,1.0,-,1.0,-,-,-,-,-,-,-,-,-,-,-,-,-,-
114,여주시(양촌교),기후에너지환경부,한강,운영,T/M,1007655.0,100710,양화천,589.0,165.0,44.0,8.0,2.0,1.0,-,-,-,-,-,-,-,-,-,-,-,-,-,-,-,-
115,여주시(여주대교),기후에너지환경부,한강,운영,T/M,1007635.0,100709,여주보,265.0,83.0,24.0,6.0,1.0,-,-,1.0,12.05.15,6,38.53,8,40.53,9.19,41.72,"16,070",32.53,14.6,47.13,14.59,47.12,502
116,여주시(용은교),기후에너지환경부,한강,운영,T/M,1007626.0,100710,양화천,589.0,165.0,44.0,8.0,2.0,1.0,-,-,-,-,-,-,-,-,-,-,-,-,-,-,-,-
117,여주시(원부교),기후에너지환경부,한강,운영,T/M,1007615.0,100706,강천보,329.0,87.0,19.0,5.0,-,1.0,-,1.0,18.04.09,5.5,56.45,6.5,57.45,7.63,58.58,"2,755",50.95,8.49,59.44,9.38,60.33,-
118,여주시(율극교),기후에너지환경부,한강,운영,T/M,1007640.0,100711,이포보,395.0,106.0,18.0,4.0,1.0,2.0,-,1.0,24.04.23,4.5,36.56,5.5,37.56,6.71,38.77,"1,395",32.06,9.58,41.64,9.58,41.64,-
119,여주시(흥천대교),기후에너지환경부,한강,운영,T/M,1007650.0,100714,복하천,146.0,40.0,9.0,2.0,-,1.0,-,-,20.05.06,6.2,37.74,6.9,38.44,7.4,38.94,"2,170",31.54,9.96,41.5,9.29,40.83,-
128,영월군(각동교),기후에너지환경부,한강,운영,T/M,1003625.0,100306,사이곡천,144.0,31.0,5.0,2.0,-,-,-,1.0,-,-,-,-,-,-,-,-,-,-,-,-,-,-
129,영월군(거운교),기후에너지환경부,한강,운영,T/M,1001670.0,100117,영월,293.0,65.0,16.0,-,2.0,1.0,1.0,-,-,-,-,-,-,-,-,-,-,-,-,-,-,-
130,영월군(내리2교),기후에너지환경부,한강,운영,T/M,1003603.0,100304,내린천,89.0,22.0,5.0,1.0,-,-,-,-,-,-,-,-,-,-,-,-,-,-,-,-,-
131,영월군(농공단지교),기후에너지환경부,한강,운영,T/M,1002693.0,100212,문곡천,317.0,74.0,24.0,3.0,1.0,-,1.0,-,-,-,-,-,-,-,-,-,-,-,-,-,-,-
132,영월군(두학교),기후에너지환경부,한강,운영,T/M,1002680.0,100209,주천강,583.0,121.0,28.0,8.0,3.0,1.0,-,-,-,-,-,-,-,-,-,-,-,-,-,-,-,-
133,영월군(신천교),기후에너지환경부,한강,운영,T/M,1002687.0,100210,주천강,271.0,65.0,17.0,4.0,-,1.0,-,-,24.04.23,6.5,216.99,7.5,217.99,8,218.49,"2,955",210.49,13.55,224.04,11.85,222.34,-
134,영월군(신촌교),기후에너지환경부,한강,운영,T/M,1001695.0,100116,석항천,328.0,77.0,19.0,5.0,2.0,1.0,-,-,-,-,-,-,-,-,-,-,-,-,-,-,-,-
135,영월군(영월대교),기후에너지환경부,한강,운영,T/M,1001690.0,100117,영월,293.0,65.0,16.0,-,2.0,1.0,1.0,-,07.04.05,6.6,189.81,8.5,191.71,10.5,193.71,"5,656",183.21,13.8,197.01,13.8,197.01,260
136,영월군(옥동교),기후에너지환경부,한강,운영,T/M,1003620.0,100305,옥동천,175.0,34.0,5.0,3.0,-,1.0,-,1.0,24.04.23,4,187.97,4.6,188.57,6.91,190.88,"2,510",183.97,10.12,194.09,10.12,194.09,-
137,영월군(주채교),기후에너지환경부,-,-,-,1003601,100302,옥동천,256.0,53.0,11.0,3.0,1.0,-,-,-,-,-,-,-,-,-,-,-,-,-,-,-,-,-
138,영월군(주천교),기후에너지환경부,한강,운영,T/M,1002685.0,100210,주천강,271.0,65.0,17.0,4.0,-,1.0,-,-,21.05.04,5,245.56,6,246.56,6.79,247.35,"2,840",240.56,8.94,249.5,8.89,249.45,140
139,영월군(충혼교),기후에너지환경부,한강,운영,T/M,1003605.0,100303,옥동천,302.0,76.0,19.0,4.0,2.0,1.0,-,-,-,-,-,-,-,-,-,-,-,-,-,-,-,-
140,영월군(팔괴교),기후에너지환경부,한강,운영,T/M,1002698.0,100213,평창강,414.0,101.0,26.0,5.0,1.0,-,2.0,-,-,-,-,-,-,-,-,-,-,-,-,-,-,-
141,영월군(화병교),기후에너지환경부,한강,운영,T/M,1002691.0,100213,평창강,414.0,101.0,26.0,5.0,1.0,-,2.0,-,-,-,-,-,-,-,-,-,-,-,-,-,-,-
147,원주시(가현교),기후에너지환경부,한강,운영,T/M,1006666.0,100606,원주천,264.0,75.0,16.0,5.0,2.0,1.0,-,-,-,-,-,-,-,-,-,-,-,-,-,-,-,-
148,원주시(남한강대교),기후에너지환경부,한강,운영,T/M,1005697.0,100505,섬강,239.0,56.0,15.0,4.0,1.0,-,1.0,1.0,-,-,-,-,-,-,-,-,-,-,-,-,-,-
149,원주시(동부교),기후에너지환경부,한강,운영,T/M,1006664.0,100606,원주천,264.0,75.0,16.0,5.0,2.0,1.0,-,-,-,-,-,-,-,-,-,-,-,-,-,-,-,-
150,원주시(문막교),기후에너지환경부,한강,운영,T/M,1006690.0,100610,섬강,467.0,121.0,29.0,6.0,1.0,1.0,1.0,-,15.05.04,4.6,55.32,5.8,56.52,7.05,57.77,"7,220",50.72,9.77,60.49,9.81,60.53,537
151,원주시(법천교),기후에너지환경부,한강,운영,T/M,1005695.0,100505,섬강,239.0,56.0,15.0,4.0,1.0,-,1.0,1.0,-,-,-,-,-,-,-,-,-,-,-,-,-,-
152,원주시(봉미교),기후에너지환경부,한강,운영,T/M,1006685.0,100609,서곡천,350.0,82.0,16.0,4.0,2.0,1.0,-,-,-,-,-,-,-,-,-,-,-,-,-,-,-,-
153,원주시(옥산교),기후에너지환경부,한강,운영,T/M,1006670.0,100605,원주천,426.0,105.0,20.0,7.0,3.0,1.0,-,-,-,-,-,-,-,-,-,-,-,-,-,-,-,-
154,원주시(원주교),기후에너지환경부,한강,운영,T/M,1006665.0,100606,원주천,264.0,75.0,16.0,5.0,2.0,1.0,-,-,24.04.23,3,122.72,3.9,123.62,4.8,124.52,"1,190",119.72,5.79,125.51,5.79,125.51,113
155,원주시(장현교),기후에너지환경부,한강,운영,T/M,1006672.0,100608,간현수위표,862.0,217.0,50.0,9.0,3.0,5.0,1.0,-,-,-,-,-,-,-,-,-,-,-,-,-,-,-
156,원주시(지정대교),기후에너지환경부,한강,운영,T/M,1006680.0,100608,간현수위표,862.0,217.0,50.0,9.0,3.0,5.0,1.0,-,-,-,-,-,-,-,-,-,-,-,-,-,-,-
157,원주시(판대2교),기후에너지환경부,한강,운영,T/M,1006677.0,100607,삼산천,743.0,185.0,42.0,6.0,2.0,1.0,-,-,-,-,-,-,-,-,-,-,-,-,-,-,-,-
158,음성군(병암교),기후에너지환경부,한강,운영,T/M,1007609.0,100704,응천,452.0,125.0,30.0,7.0,1.0,-,-,-,-,-,-,-,-,-,-,-,-,-,-,-,-,-
159,음성군(상우교),기후에너지환경부,한강,운영,T/M,1007613.0,100705,청미수위표,400.0,113.0,27.0,6.0,2.0,1.0,-,-,-,-,-,-,-,-,-,-,-,-,-,-,-,-
160,음성군(총천교),기후에너지환경부,한강,운영,T/M,1007610.0,100704,응천,452.0,125.0,30.0,7.0,1.0,-,-,-,24.04.23,3.2,70.33,3.9,71.03,4.1,71.23,699,67.13,5.91,73.04,5.63,72.76,-
163,이천시(고당교),기후에너지환경부,한강,운영,T/M,1007608.0,100703,청미천,278.0,86.0,20.0,4.0,3.0,1.0,-,-,-,-,-,-,-,-,-,-,-,-,-,-,-,-
164,이천시(동산교),기후에너지환경부,한강,운영,T/M,1007642.0,100712,복하천,289.0,85.0,20.0,5.0,1.0,-,-,-,-,-,-,-,-,-,-,-,-,-,-,-,-,-
165,이천시(복하교),기후에너지환경부,한강,운영,T/M,1007645.0,100713,복하천,153.0,52.0,13.0,3.0,2.0,1.0,-,-,-,-,-,-,-,-,-,-,-,-,-,-,-,-
166,이천시(장호원교),기후에너지환경부,한강,운영,T/M,1007605.0,100705,청미수위표,400.0,113.0,27.0,6.0,2.0,1.0,-,-,-,-,-,-,-,-,-,-,-,-,-,-,-,-
167,이포보(상류),기후에너지환경부,한강,운영,T/M,1007662.0,100710,양화천,589.0,165.0,44.0,8.0,2.0,1.0,-,-,-,-,-,-,-,-,-,-,-,-,-,-,-,-
168,이포보(하류),기후에너지환경부,한강,운영,T/M,1007664.0,100715,흑천,427.0,107.0,21.0,4.0,1.0,1.0,-,1.0,-,-,-,-,-,-,-,-,-,-,-,-,-,-
181,정선군(각희교),기후에너지환경부,한강,운영,T/M,1001641.0,100110,어천,568.0,127.0,35.0,11.0,3.0,1.0,-,-,-,-,-,-,-,-,-,-,-,-,-,-,-,-
182,정선군(광탄교),기후에너지환경부,한강,운영,T/M,1001661.0,100114,지장천,424.0,106.0,25.0,5.0,1.0,-,-,-,-,-,-,-,-,-,-,-,-,-,-,-,-,-
183,정선군(광하교),기후에너지환경부,한강,운영,T/M,1001658.0,100112,정선,274.0,62.0,17.0,2.0,2.0,2.0,1.0,-,-,-,-,-,-,-,-,-,-,-,-,-,-,-
184,정선군(나전교),기후에너지환경부,한강,운영,T/M,1001630.0,100109,오대천,108.0,20.0,4.0,-,1.0,1.0,-,-,24.04.23,4,337.21,5,338.21,5.43,338.64,"2,240",333.21,11.1,344.31,10.79,344,-
185,정선군(낙동교),기후에너지환경부,한강,운영,T/M,1001660.0,100114,지장천,424.0,106.0,25.0,5.0,1.0,-,-,-,24.04.23,3,327.02,3.5,327.52,3.98,328,"1,005",324.02,5.97,329.99,5.97,329.99,-
186,정선군(남평대교),기후에너지환경부,한강,운영,T/M,1001629.0,100107,골지천,152.0,40.0,6.0,2.0,-,1.0,-,-,24.04.23,5.5,337.56,6.5,338.56,7.56,339.62,"3,669",332.06,8.88,340.94,8.88,340.94,-
187,정선군(삼거리교),기후에너지환경부,한강,운영,T/M,1001650.0,100113,지장천,272.0,65.0,15.0,3.0,1.0,-,-,-,-,-,-,-,-,-,-,-,-,-,-,-,-,-
188,정선군(송계교),기후에너지환경부,한강,운영,T/M,1001620.0,100103,임계천,525.0,129.0,29.0,5.0,1.0,1.0,-,-,-,-,-,-,-,-,-,-,-,-,-,-,-,-
189,정선군(송천교),기후에너지환경부,한강,운영,T/M,1001625.0,100106,송천,166.0,39.0,9.0,2.0,1.0,-,-,-,24.04.23,4.9,379.59,6.4,381.09,8.1,382.79,"2,955",374.69,9.37,384.06,9.15,383.84,-
190,정선군(애산교),기후에너지환경부,한강,운영,T/M,1001649.0,100111,어천,712.0,170.0,37.0,6.0,1.0,1.0,-,-,-,-,-,-,-,-,-,-,-,-,-,-,-,-
191,정선군(오장2교),기후에너지환경부,한강,운영,T/M,1001623.0,100106,송천,166.0,39.0,9.0,2.0,1.0,-,-,-,-,-,-,-,-,-,-,-,-,-,-,-,-,-
192,정선군(와평교),기후에너지환경부,한강,운영,T/M,1001645.0,100111,어천,712.0,170.0,37.0,6.0,1.0,1.0,-,-,24.04.23,5.4,318.95,6.1,319.65,6,319.55,"1,125",313.55,9.94,323.49,10.26,323.81,-
193,정선군(정선제1교),기후에너지환경부,한강,운영,T/M,1001655.0,100112,정선,274.0,62.0,17.0,2.0,2.0,2.0,1.0,-,21.12.28,6.7,301.99,8.6,303.89,10.5,305.79,"4,934",295.29,15.52,310.81,15.5,310.79,340
194,정선군(제1여량교),기후에너지환경부,한강,운영,T/M,1001626.0,100107,골지천,152.0,40.0,6.0,2.0,-,1.0,-,-,24.04.23,5.2,374.69,6.5,375.99,7.78,377.27,"2,599",369.49,12.16,381.65,12.67,382.16,-
195,정선군(혈천교),기후에너지환경부,한강,운영,T/M,1001622.0,100102,광동댐,660.0,140.0,37.0,6.0,2.0,1.0,-,-,-,-,-,-,-,-,-,-,-,-,-,-,-,-
196,제천시(강저3교),기후에너지환경부,한강,운영,T/M,1003657.0,100314,장평천,311.0,85.0,21.0,5.0,1.0,-,-,-,-,-,-,-,-,-,-,-,-,-,-,-,-,-
197,제천시(구곡교),기후에너지환경부,한강,운영,T/M,1003661.0,100315,제천천,214.0,54.0,13.0,4.0,3.0,1.0,-,-,24.04.23,5.3,190.57,6.2,191.47,8.3,193.57,"2,030",185.27,8.43,193.7,8.43,193.7,-
198,제천시(덕동교),기후에너지환경부,한강,운영,T/M,1003652.0,100316,원서천,264.0,65.0,15.0,4.0,1.0,-,-,-,-,-,-,-,-,-,-,-,-,-,-,-,-,-
199,제천시(부수동교),기후에너지환경부,한강,운영,T/M,1003658.0,100316,원서천,264.0,65.0,15.0,4.0,1.0,-,-,-,24.04.23,4,223.63,4.5,224.13,4.97,224.6,890,219.63,6.54,226.17,6.54,226.17,-
200,제천시(송계교),기후에너지환경부,한강,운영,T/M,1003654.0,100318,동달천,37.0,9.0,3.0,1.0,-,-,-,-,-,-,-,-,-,-,-,-,-,-,-,-,-,-
201,제천시(용암교),기후에너지환경부,한강,운영,T/M,1003667.0,100317,광천,82.0,17.0,2.0,1.0,-,-,-,-,-,-,-,-,-,-,-,-,-,-,-,-,-,-
202,제천시(팔송교),기후에너지환경부,한강,운영,T/M,1003660.0,100313,제천천,344.0,76.0,18.0,4.0,1.0,-,-,-,-,-,-,-,-,-,-,-,-,-,-,-,-,-
211,청주시(옥화1교),기후에너지환경부,한강,운영,T/M,1004620.0,100403,압항천,630.0,149.0,35.0,4.0,2.0,2.0,1.0,-,-,-,-,-,-,-,-,-,-,-,-,-,-,-
212,청주시(청석굴교),기후에너지환경부,한강,운영,T/M,1004616.0,100402,감천,639.0,158.0,41.0,9.0,2.0,1.0,-,-,-,-,-,-,-,-,-,-,-,-,-,-,-,-
221,충주시(국원대교),기후에너지환경부,한강,운영,T/M,1004695.0,100413,요도천,482.0,126.0,34.0,6.0,2.0,1.0,-,-,24.04.23,5,68.82,6,69.82,8.23,72.05,990,63.82,8.41,72.23,8.43,72.25,-
222,충주시(능암교),기후에너지환경부,한강,운영,T/M,1005650.0,100503,운계천,466.0,122.0,30.0,5.0,1.0,-,-,1.0,-,-,-,-,-,-,-,-,-,-,-,-,-,-
223,충주시(목계교),기후에너지환경부,한강,운영,T/M,1005640.0,100502,목계수위표,173.0,47.0,13.0,4.0,2.0,-,-,1.0,-,-,-,-,-,-,-,-,-,-,-,-,-,-
224,충주시(문강교),기후에너지환경부,한강,운영,T/M,1004680.0,100412,석문동천,236.0,59.0,15.0,4.0,2.0,1.0,-,-,-,-,-,-,-,-,-,-,-,-,-,-,-,-
225,충주시(봉계교),기후에너지환경부,한강,운영,T/M,1004696.0,100414,달천,196.0,50.0,9.0,2.0,-,2.0,1.0,-,-,-,-,-,-,-,-,-,-,-,-,-,-,-
226,충주시(세포교),기후에너지환경부,한강,운영,T/M,1005660.0,100504,운계천,234.0,53.0,11.0,1.0,-,-,-,-,-,-,-,-,-,-,-,-,-,-,-,-,-,-
227,충주시(주덕교),기후에너지환경부,한강,운영,T/M,1004694.0,100413,요도천,482.0,126.0,34.0,6.0,2.0,1.0,-,-,-,-,-,-,-,-,-,-,-,-,-,-,-,-
228,충주시(탄금교),기후에너지환경부,한강,운영,T/M,1005605.0,100414,달천,196.0,50.0,9.0,2.0,-,2.0,1.0,-,-,-,-,-,-,-,-,-,-,-,-,-,-,-
238,평창군(마하교),기후에너지환경부,한강,운영,T/M,1001665.0,100115,창리천,102.0,23.0,7.0,2.0,1.0,-,-,-,-,-,-,-,-,-,-,-,-,-,-,-,-,-
239,평창군(바이오교),기후에너지환경부,한강,운영,T/M,1002626.0,100203,대화천,88.0,26.0,6.0,2.0,-,-,-,-,-,-,-,-,-,-,-,-,-,-,-,-,-,-
240,평창군(사초교),기후에너지환경부,한강,운영,T/M,1002635.0,100203,대화천,88.0,26.0,6.0,2.0,-,-,-,-,-,-,-,-,-,-,-,-,-,-,-,-,-,-
241,평창군(상방림교),기후에너지환경부,한강,운영,T/M,1002640.0,100205,평창수위표,71.0,18.0,4.0,3.0,1.0,-,-,-,-,-,-,-,-,-,-,-,-,-,-,-,-,-
242,평창군(선애교),기후에너지환경부,한강,운영,T/M,1002625.0,100202,평창강,87.0,25.0,4.0,-,1.0,-,-,-,-,-,-,-,-,-,-,-,-,-,-,-,-,-
243,평창군(송정교),기후에너지환경부,한강,운영,T/M,1001602.0,100108,오대천,297.0,73.0,15.0,4.0,1.0,-,-,-,-,-,-,-,-,-,-,-,-,-,-,-,-,-
244,평창군(이목정교),기후에너지환경부,한강,운영,T/M,1002605.0,100201,흥정천,165.0,39.0,9.0,3.0,1.0,-,-,-,-,-,-,-,-,-,-,-,-,-,-,-,-,-
245,평창군(장평교),기후에너지환경부,한강,운영,T/M,1002610.0,100201,흥정천,165.0,39.0,9.0,3.0,1.0,-,-,-,-,-,-,-,-,-,-,-,-,-,-,-,-,-
246,평창군(진전교),기후에너지환경부,한강,운영,T/M,1002615.0,100201,흥정천,165.0,39.0,9.0,3.0,1.0,-,-,-,-,-,-,-,-,-,-,-,-,-,-,-,-,-
247,평창군(평창교),기후에너지환경부,한강,운영,T/M,1002650.0,100206,평창강,576.0,135.0,27.0,6.0,2.0,1.0,-,-,18.04.09,5.6,293.07,7.2,294.67,8.8,296.27,"4,630",287.47,10.45,297.92,10.27,297.74,260
248,평창군(하방림교),기후에너지환경부,한강,운영,T/M,1002636.0,100204,계촌천,63.0,12.0,3.0,1.0,-,-,-,-,-,-,-,-,-,-,-,-,-,-,-,-,-,-
285,횡성군(둔방내리),기후에너지환경부,한강,운영,T/M,1002670.0,100207,주천강,263.0,62.0,15.0,6.0,1.0,-,-,-,-,-,-,-,-,-,-,-,-,-,-,-,-,-
286,횡성군(안흥교),기후에너지환경부,한강,운영,T/M,1002675.0,100208,주천강,406.0,88.0,15.0,5.0,1.0,-,-,-,-,-,-,-,-,-,-,-,-,-,-,-,-,-
287,횡성군(오산교),기후에너지환경부,한강,운영,T/M,1006630.0,100603,금계천,161.0,35.0,10.0,1.0,-,-,-,-,-,-,-,-,-,-,-,-,-,-,-,-,-,-
288,횡성군(전천교),기후에너지환경부,한강,운영,T/M,1006660.0,100604,전천,446.0,109.0,23.0,5.0,1.0,-,-,-,-,-,-,-,-,-,-,-,-,-,-,-,-,-
289,횡성군(청곡교),기후에너지환경부,한강,운영,T/M,1006628.0,100603,금계천,161.0,35.0,10.0,1.0,-,-,-,-,-,-,-,-,-,-,-,-,-,-,-,-,-,-
290,횡성군(횡성교),기후에너지환경부,한강,운영,T/M,1006650.0,100605,원주천,426.0,105.0,20.0,7.0,3.0,1.0,-,-,-,-,-,-,-,-,-,-,-,-,-,-,-,-