station_id,station_name,stream_code,upstream_1,upstream_1_name,upstream_2,upstream_2_name,fit_start,fit_end,freq,method,lag_steps_upstream_1,reliable_upstream_1,max_corr_upstream_1,n_effective_upstream_1,fallback_reason_upstream_1,ccf_input_branch_upstream_1,missing_rate_joint_upstream_1,max_interp_run_upstream_1,lag_steps_upstream_2,reliable_upstream_2,max_corr_upstream_2,n_effective_upstream_2,fallback_reason_upstream_2,ccf_input_branch_upstream_2,missing_rate_joint_upstream_2,max_interp_run_upstream_2
1001602,평창군(송정교),1001,,,,,2023-03-01,2024-08-31,1H,ccf_demean_full_v1,,,,,no_upstream_mapping,,,,,,,,no_upstream_mapping,,,
1001603,태백시(무사교),1001,,,,,2023-03-01,2024-08-31,1H,ccf_demean_full_v1,,,,,no_upstream_mapping,,,,,,,,no_upstream_mapping,,,
1001605,송천1교,1001,1001603,태백시(무사교),1001602,평창군(송정교),2023-03-01,2024-08-31,1H,ccf_demean_full_v1,0.0,False,,0.0,missing_series_train_window,raw,,0.0,0.0,False,,0.0,missing_series_train_window,raw,,0.0
1001607,삼척시(번천교),1001,1001605,송천1교,1001603,태백시(무사교),2023-03-01,2024-08-31,1H,ccf_demean_full_v1,0.0,False,,0.0,missing_series_train_window,raw,,0.0,0.0,False,,0.0,missing_series_train_window,raw,,0.0
1001613,삼척시(광동교),1001,1001607,삼척시(번천교),1001605,송천1교,2023-03-01,2024-08-31,1H,ccf_demean_full_v1,0.0,False,,0.0,missing_series_train_window,raw,,0.0,0.0,False,,0.0,missing_series_train_window,raw,,0.0
1001615,삼척시(갈밭교),1001,1001613,삼척시(광동교),1001607,삼척시(번천교),2023-03-01,2024-08-31,1H,ccf_demean_full_v1,0.0,False,,0.0,missing_series_train_window,raw,,0.0,0.0,False,,0.0,missing_series_train_window,raw,,0.0
1001620,정선군(송계교),1001,1001615,삼척시(갈밭교),1001613,삼척시(광동교),2023-03-01,2024-08-31,1H,ccf_demean_full_v1,0.0,False,,0.0,missing_series_train_window,raw,,0.0,0.0,False,,0.0,missing_series_train_window,raw,,0.0
1001622,정선군(혈천교),1001,1001620,정선군(송계교),1001615,삼척시(갈밭교),2023-03-01,2024-08-31,1H,ccf_demean_full_v1,7.0,True,792.2249853344077,12971.0,,interpolated,0.019166666666666665,24.0,0.0,False,,0.0,missing_series_train_window,raw,,0.0
1001623,정선군(오장2교),1001,1001622,정선군(혈천교),1001620,정선군(송계교),2023-03-01,2024-08-31,1H,ccf_demean_full_v1,0.0,False,,0.0,missing_series_train_window,raw,,0.0,0.0,False,,0.0,missing_series_train_window,raw,,0.0
1001625,정선군(송천교),1001,1001623,정선군(오장2교),1001622,정선군(혈천교),2023-03-01,2024-08-31,1H,ccf_demean_full_v1,0.0,False,,0.0,missing_series_train_window,raw,,0.0,0.0,True,746.8281722050932,12148.0,,interpolated,0.08333333333333337,24.0
1001626,정선군(제1여량교),1001,1001625,정선군(송천교),1001623,정선군(오장2교),2023-03-01,2024-08-31,1H,ccf_demean_full_v1,1.0,True,652.8027460667407,11923.0,,interpolated,0.09856060606060602,24.0,0.0,False,,0.0,missing_series_train_window,raw,,0.0
1001629,정선군(남평대교),1001,1001626,정선군(제1여량교),1001625,정선군(송천교),2023-03-01,2024-08-31,1H,ccf_demean_full_v1,3.0,True,1078.1598761245712,11923.0,,interpolated,0.09856060606060602,24.0,4.0,True,836.4779948091556,12349.0,,interpolated,0.06628787878787878,24.0
1001630,정선군(나전교),1001,1001629,정선군(남평대교),1001626,정선군(제1여량교),2023-03-01,2024-08-31,1H,ccf_demean_full_v1,0.0,True,942.6648780887323,12024.0,,interpolated,0.09272727272727277,24.0,0.0,True,716.7365208121726,11784.0,,interpolated,0.10909090909090913,24.0
1001641,정선군(각희교),1001,1001630,정선군(나전교),1001629,정선군(남평대교),2023-03-01,2024-08-31,1H,ccf_demean_full_v1,0.0,False,,0.0,missing_series_train_window,raw,,0.0,0.0,False,,0.0,missing_series_train_window,raw,,0.0
1001645,정선군(와평교),1001,1001641,정선군(각희교),1001630,정선군(나전교),2023-03-01,2024-08-31,1H,ccf_demean_full_v1,0.0,False,,0.0,missing_series_train_window,raw,,0.0,2.0,True,659.5571462387654,12024.0,,interpolated,0.09272727272727277,24.0
1001649,정선군(애산교),1001,1001645,정선군(와평교),1001641,정선군(각희교),2023-03-01,2024-08-31,1H,ccf_demean_full_v1,0.0,True,618.9749230565201,12644.0,,interpolated,0.045757575757575775,24.0,0.0,False,,0.0,missing_series_train_window,raw,,0.0
1001650,정선군(삼거리교),1001,1001649,정선군(애산교),1001645,정선군(와평교),2023-03-01,2024-08-31,1H,ccf_demean_full_v1,0.0,False,,0.0,missing_series_train_window,raw,,0.0,0.0,False,,0.0,missing_series_train_window,raw,,0.0
1001655,정선군(정선제1교),1001,1001650,정선군(삼거리교),1001649,정선군(애산교),2023-03-01,2024-08-31,1H,ccf_demean_full_v1,0.0,False,,0.0,missing_series_train_window,raw,,0.0,0.0,True,1067.239697478964,12642.0,,interpolated,0.0459090909090909,24.0
1001658,정선군(광하교),1001,1001655,정선군(정선제1교),1001650,정선군(삼거리교),2023-03-01,2024-08-31,1H,ccf_demean_full_v1,1.0,True,2761.573715196645,13093.0,,interpolated,0.011742424242424221,24.0,0.0,False,,0.0,missing_series_train_window,raw,,0.0
1001660,정선군(낙동교),1001,1001658,정선군(광하교),1001655,정선군(정선제1교),2023-03-01,2024-08-31,1H,ccf_demean_full_v1,0.0,True,1574.2764544381316,12695.0,,interpolated,0.04189393939393937,24.0,0.0,True,1206.1891565288158,12720.0,,interpolated,0.038181818181818206,24.0
1001661,정선군(광탄교),1001,1001660,정선군(낙동교),1001658,정선군(광하교),2023-03-01,2024-08-31,1H,ccf_demean_full_v1,0.0,False,,0.0,missing_series_train_window,raw,,0.0,0.0,False,,0.0,missing_series_train_window,raw,,0.0
1001665,평창군(마하교),1001,1001661,정선군(광탄교),1001660,정선군(낙동교),2023-03-01,2024-08-31,1H,ccf_demean_full_v1,0.0,False,,0.0,missing_series_train_window,raw,,0.0,0.0,False,,0.0,missing_series_train_window,raw,,0.0
1001670,영월군(거운교),1001,1001665,평창군(마하교),1001661,정선군(광탄교),2023-03-01,2024-08-31,1H,ccf_demean_full_v1,0.0,False,,0.0,missing_series_train_window,raw,,0.0,0.0,False,,0.0,missing_series_train_window,raw,,0.0
1001683,영월군(삼옥교),1001,1001670,영월군(거운교),1001665,평창군(마하교),2023-03-01,2024-08-31,1H,ccf_demean_full_v1,0.0,False,,0.0,missing_series_train_window,raw,,0.0,0.0,False,,0.0,missing_series_train_window,raw,,0.0
1001690,영월군(영월대교),1001,1001683,영월군(삼옥교),1001670,영월군(거운교),2023-03-01,2024-08-31,1H,ccf_demean_full_v1,0.0,False,,0.0,missing_series_train_window,raw,,0.0,1.0,True,1730.4637764795361,12984.0,,interpolated,0.018181818181818188,24.0
1001695,영월군(신촌교),1001,1001690,영월군(영월대교),1001683,영월군(삼옥교),2023-03-01,2024-08-31,1H,ccf_demean_full_v1,0.0,False,,0.0,missing_series_train_window,raw,,0.0,0.0,False,,0.0,missing_series_train_window,raw,,0.0
1002605,평창군(이목정교),1002,,,,,2023-03-01,2024-08-31,1H,ccf_demean_full_v1,,,,,no_upstream_mapping,,,,,,,,no_upstream_mapping,,,
1002610,평창군(장평교),1002,1002605,평창군(이목정교),,,2023-03-01,2024-08-31,1H,ccf_demean_full_v1,0.0,True,441.1154959078052,11534.0,,interpolated,0.1316666666666667,24.0,,,,,no_upstream_mapping,,,
1002615,평창군(진전교),1002,1002610,평창군(장평교),1002605,평창군(이목정교),2023-03-01,2024-08-31,1H,ccf_demean_full_v1,0.0,True,469.95652618359367,11922.0,,interpolated,0.10227272727272729,24.0,0.0,True,464.1355913355673,11765.0,,interpolated,0.11234848484848481,24.0
1002625,평창군(선애교),1002,1002615,평창군(진전교),1002610,평창군(장평교),2023-03-01,2024-08-31,1H,ccf_demean_full_v1,3.0,True,804.7540027215327,11874.0,,interpolated,0.10227272727272729,24.0,2.0,True,739.634093038299,11917.0,,interpolated,0.10083333333333333,24.0
1002626,평창군(바이오교),1002,1002625,평창군(선애교),1002615,평창군(진전교),2023-03-01,2024-08-31,1H,ccf_demean_full_v1,0.0,False,,0.0,missing_series_train_window,raw,,0.0,0.0,False,,0.0,missing_series_train_window,raw,,0.0
1002635,평창군(사초교),1002,1002626,평창군(바이오교),1002625,평창군(선애교),2023-03-01,2024-08-31,1H,ccf_demean_full_v1,0.0,False,,0.0,missing_series_train_window,raw,,0.0,0.0,True,475.0044246312506,11211.0,,interpolated,0.15249999999999997,24.0
1002636,평창군(하방림교),1002,1002635,평창군(사초교),1002626,평창군(바이오교),2023-03-01,2024-08-31,1H,ccf_demean_full_v1,0.0,False,,0.0,missing_series_train_window,raw,,0.0,0.0,False,,0.0,missing_series_train_window,raw,,0.0
1002640,평창군(상방림교),1002,1002636,평창군(하방림교),1002635,평창군(사초교),2023-03-01,2024-08-31,1H,ccf_demean_full_v1,0.0,False,,0.0,missing_series_train_window,raw,,0.0,1.0,True,338.9924176705878,11323.0,,interpolated,0.14401515151515154,24.0
1002650,평창군(평창교),1002,1002640,평창군(상방림교),1002636,평창군(하방림교),2023-03-01,2024-08-31,1H,ccf_demean_full_v1,3.0,True,963.5350379882602,12199.0,,interpolated,0.07765151515151514,24.0,0.0,False,,0.0,missing_series_train_window,raw,,0.0
1002655,영월군(판운교),1002,1002650,평창군(평창교),1002640,평창군(상방림교),2023-03-01,2024-08-31,1H,ccf_demean_full_v1,0.0,False,,0.0,missing_series_train_window,raw,,0.0,0.0,False,,0.0,missing_series_train_window,raw,,0.0
1002670,횡성군(둔방내리),1002,,,,,2023-03-01,2024-08-31,1H,ccf_demean_full_v1,,,,,no_upstream_mapping,,,,,,,,no_upstream_mapping,,,
1002675,횡성군(안흥교),1002,1002670,횡성군(둔방내리),1002655,영월군(판운교),2023-03-01,2024-08-31,1H,ccf_demean_full_v1,0.0,False,,0.0,missing_series_train_window,raw,,0.0,0.0,False,,0.0,missing_series_train_window,raw,,0.0
1002680,영월군(두학교),1002,1002675,횡성군(안흥교),1002670,횡성군(둔방내리),2023-03-01,2024-08-31,1H,ccf_demean_full_v1,3.0,True,709.1409599111219,11702.0,,interpolated,0.11977272727272725,24.0,0.0,False,,0.0,missing_series_train_window,raw,,0.0
1002685,영월군(주천교),1002,1002680,영월군(두학교),1002675,횡성군(안흥교),2023-03-01,2024-08-31,1H,ccf_demean_full_v1,2.0,True,884.699744722027,12039.0,,interpolated,0.09424242424242424,24.0,4.0,True,746.5701003773985,12167.0,,interpolated,0.08007575757575758,24.0
1002687,영월군(신천교),1002,1002685,영월군(주천교),1002680,영월군(두학교),2023-03-01,2024-08-31,1H,ccf_demean_full_v1,2.0,True,1509.2357571584405,12086.0,,interpolated,0.08803030303030301,24.0,4.0,True,1391.3459510953933,11645.0,,interpolated,0.12590909090909086,24.0
1002691,영월군(화병교),1002,1002687,영월군(신천교),1002685,영월군(주천교),2023-03-01,2024-08-31,1H,ccf_demean_full_v1,0.0,False,,0.0,missing_series_train_window,raw,,0.0,0.0,False,,0.0,missing_series_train_window,raw,,0.0
1002693,영월군(농공단지교),1002,1002691,영월군(화병교),1002687,영월군(신천교),2023-03-01,2024-08-31,1H,ccf_demean_full_v1,0.0,False,,0.0,missing_series_train_window,raw,,0.0,0.0,True,810.5256573175266,12110.0,,interpolated,0.08621212121212118,24.0
1002694,영월군(연당교),1002,1002693,영월군(농공단지교),1002691,영월군(화병교),2023-03-01,2024-08-31,1H,ccf_demean_full_v1,0.0,False,,0.0,missing_series_train_window,raw,,0.0,0.0,False,,0.0,missing_series_train_window,raw,,0.0
1002698,영월군(팔괴교),1002,1002694,영월군(연당교),1002693,영월군(농공단지교),2023-03-01,2024-08-31,1H,ccf_demean_full_v1,0.0,False,,0.0,missing_series_train_window,raw,,0.0,5.0,True,915.3923695923785,13200.0,,interpolated,0.0,0.0
1003603,영월군(내리2교),1003,,,,,2023-03-01,2024-08-31,1H,ccf_demean_full_v1,,,,,no_upstream_mapping,,,,,,,,no_upstream_mapping,,,
1003605,영월군(충혼교),1003,1003603,영월군(내리2교),,,2023-03-01,2024-08-31,1H,ccf_demean_full_v1,0.0,False,,0.0,missing_series_train_window,raw,,0.0,,,,,no_upstream_mapping,,,
1003620,영월군(옥동교),1003,1003605,영월군(충혼교),1003603,영월군(내리2교),2023-03-01,2024-08-31,1H,ccf_demean_full_v1,0.0,True,723.3301663724551,12670.0,,interpolated,0.04196969696969699,24.0,0.0,False,,0.0,missing_series_train_window,raw,,0.0
1003625,영월군(각동교),1003,1003620,영월군(옥동교),1003605,영월군(충혼교),2023-03-01,2024-08-31,1H,ccf_demean_full_v1,0.0,False,,0.0,missing_series_train_window,raw,,0.0,0.0,False,,0.0,missing_series_train_window,raw,,0.0
1003626,단양군(들골교),1003,1003625,영월군(각동교),1003620,영월군(옥동교),2023-03-01,2024-08-31,1H,ccf_demean_full_v1,0.0,False,,0.0,missing_series_train_window,raw,,0.0,0.0,False,,0.0,missing_series_train_window,raw,,0.0
1003632,단양군(북벽교),1003,1003626,단양군(들골교),1003625,영월군(각동교),2023-03-01,2024-08-31,1H,ccf_demean_full_v1,0.0,False,,0.0,missing_series_train_window,raw,,0.0,0.0,False,,0.0,missing_series_train_window,raw,,0.0
1003636,단양군(가대교),1003,1003632,단양군(북벽교),1003626,단양군(들골교),2023-03-01,2024-08-31,1H,ccf_demean_full_v1,0.0,False,,0.0,missing_series_train_window,raw,,0.0,0.0,False,,0.0,missing_series_train_window,raw,,0.0
1003642,단양군(덕천교),1003,1003636,단양군(가대교),1003632,단양군(북벽교),2023-03-01,2024-08-31,1H,ccf_demean_full_v1,1.0,True,7472.612605091401,13103.0,,interpolated,0.009166666666666656,24.0,0.0,False,,0.0,missing_series_train_window,raw,,0.0
1003643,단양군(음지교),1003,1003642,단양군(덕천교),1003636,단양군(가대교),2023-03-01,2024-08-31,1H,ccf_demean_full_v1,0.0,False,,0.0,missing_series_train_window,raw,,0.0,0.0,False,,0.0,missing_series_train_window,raw,,0.0
1003644,상진교,1003,1003643,단양군(음지교),1003642,단양군(덕천교),2023-03-01,2024-08-31,1H,ccf_demean_full_v1,0.0,False,,0.0,missing_series_train_window,raw,,0.0,0.0,False,,0.0,missing_series_train_window,raw,,0.0
1003645,단양군(단양1교),1003,1003644,상진교,1003643,단양군(음지교),2023-03-01,2024-08-31,1H,ccf_demean_full_v1,0.0,False,,0.0,missing_series_train_window,raw,,0.0,0.0,False,,0.0,missing_series_train_window,raw,,0.0
1003646,우화교,1003,1003645,단양군(단양1교),1003644,상진교,2023-03-01,2024-08-31,1H,ccf_demean_full_v1,0.0,False,,0.0,missing_series_train_window,raw,,0.0,0.0,False,,0.0,missing_series_train_window,raw,,0.0
1003652,제천시(덕동교),1003,1003646,우화교,1003645,단양군(단양1교),2023-03-01,2024-08-31,1H,ccf_demean_full_v1,0.0,False,,0.0,missing_series_train_window,raw,,0.0,0.0,False,,0.0,missing_series_train_window,raw,,0.0
1003654,제천시(송계교),1003,1003652,제천시(덕동교),1003646,우화교,2023-03-01,2024-08-31,1H,ccf_demean_full_v1,0.0,False,,0.0,missing_series_train_window,raw,,0.0,0.0,False,,0.0,missing_series_train_window,raw,,0.0
1003655,제천시(물태리),1003,1003654,제천시(송계교),1003652,제천시(덕동교),2023-03-01,2024-08-31,1H,ccf_demean_full_v1,0.0,False,,0.0,missing_series_train_window,raw,,0.0,0.0,False,,0.0,missing_series_train_window,raw,,0.0
1003657,제천시(강저3교),1003,1003655,제천시(물태리),1003654,제천시(송계교),2023-03-01,2024-08-31,1H,ccf_demean_full_v1,0.0,False,,0.0,missing_series_train_window,raw,,0.0,0.0,False,,0.0,missing_series_train_window,raw,,0.0
1003658,제천시(부수동교),1003,1003657,제천시(강저3교),1003655,제천시(물태리),2023-03-01,2024-08-31,1H,ccf_demean_full_v1,1.0,True,351.60850032950293,13200.0,,interpolated,0.0,0.0,0.0,False,,0.0,missing_series_train_window,raw,,0.0
1003660,제천시(팔송교),1003,1003658,제천시(부수동교),1003657,제천시(강저3교),2023-03-01,2024-08-31,1H,ccf_demean_full_v1,1.0,True,413.25379523967524,13200.0,,interpolated,0.0,0.0,2.0,True,254.76558749203397,13200.0,,interpolated,0.0,0.0
1003661,제천시(구곡교),1003,1003660,제천시(팔송교),1003658,제천시(부수동교),2023-03-01,2024-08-31,1H,ccf_demean_full_v1,1.0,True,598.6991082455866,13200.0,,interpolated,0.0,0.0,2.0,True,867.897558858128,13200.0,,interpolated,0.0,0.0
1003662,명서교,1003,1003661,제천시(구곡교),1003660,제천시(팔송교),2023-03-01,2024-08-31,1H,ccf_demean_full_v1,0.0,False,,0.0,missing_series_train_window,raw,,0.0,0.0,False,,0.0,missing_series_train_window,raw,,0.0
1003664,충주본댐우안,1003,1003662,명서교,1003661,제천시(구곡교),2023-03-01,2024-08-31,1H,ccf_demean_full_v1,0.0,False,,0.0,missing_series_train_window,raw,,0.0,0.0,False,,0.0,missing_series_train_window,raw,,0.0
1003667,제천시(용암교),1003,,,,,2023-03-01,2024-08-31,1H,ccf_demean_full_v1,,,,,no_upstream_mapping,,,,,,,,no_upstream_mapping,,,
1004616,청주시(청석굴교),1004,,,,,2023-03-01,2024-08-31,1H,ccf_demean_full_v1,,,,,no_upstream_mapping,,,,,,,,no_upstream_mapping,,,
1004620,청주시(옥화1교),1004,1004616,청주시(청석굴교),,,2023-03-01,2024-08-31,1H,ccf_demean_full_v1,1.0,True,885.4860264945677,13034.0,,interpolated,0.016212121212121233,24.0,,,,,no_upstream_mapping,,,
1004630,고성교,1004,1004620,청주시(옥화1교),1004616,청주시(청석굴교),2023-03-01,2024-08-31,1H,ccf_demean_full_v1,0.0,False,,0.0,missing_series_train_window,raw,,0.0,0.0,False,,0.0,missing_series_train_window,raw,,0.0
1004631,괴산군(월문교),1004,1004630,고성교,1004620,청주시(옥화1교),2023-03-01,2024-08-31,1H,ccf_demean_full_v1,0.0,False,,0.0,missing_series_train_window,raw,,0.0,0.0,False,,0.0,missing_series_train_window,raw,,0.0
1004635,후영교,1004,1004631,괴산군(월문교),1004630,고성교,2023-03-01,2024-08-31,1H,ccf_demean_full_v1,0.0,False,,0.0,missing_series_train_window,raw,,0.0,0.0,False,,0.0,missing_series_train_window,raw,,0.0
1004640,괴산군(적석교),1004,1004635,후영교,1004631,괴산군(월문교),2023-03-01,2024-08-31,1H,ccf_demean_full_v1,0.0,False,,0.0,missing_series_train_window,raw,,0.0,0.0,False,,0.0,missing_series_train_window,raw,,0.0
1004645,괴산군(수전교),1004,1004640,괴산군(적석교),1004635,후영교,2023-03-01,2024-08-31,1H,ccf_demean_full_v1,0.0,False,,0.0,missing_series_train_window,raw,,0.0,0.0,False,,0.0,missing_series_train_window,raw,,0.0
1004646,괴산군(비도교),1004,1004645,괴산군(수전교),1004640,괴산군(적석교),2023-03-01,2024-08-31,1H,ccf_demean_full_v1,0.0,True,1010.7741473333333,13200.0,,interpolated,0.0,0.0,0.0,False,,0.0,missing_series_train_window,raw,,0.0
1004653,소수,1004,1004646,괴산군(비도교),1004645,괴산군(수전교),2023-03-01,2024-08-31,1H,ccf_demean_full_v1,0.0,False,,0.0,missing_series_train_window,raw,,0.0,0.0,False,,0.0,missing_series_train_window,raw,,0.0
1004661,괴산군(제2괴산교),1004,1004653,소수,1004646,괴산군(비도교),2023-03-01,2024-08-31,1H,ccf_demean_full_v1,0.0,False,,0.0,missing_series_train_window,raw,,0.0,0.0,True,479.51818099999997,13200.0,,interpolated,0.0,0.0
1004670,괴산군(추산교),1004,1004661,괴산군(제2괴산교),1004653,소수,2023-03-01,2024-08-31,1H,ccf_demean_full_v1,0.0,True,593.0269453636364,13200.0,,interpolated,0.0,0.0,0.0,False,,0.0,missing_series_train_window,raw,,0.0
1004680,충주시(문강교),1004,1004670,괴산군(추산교),1004661,괴산군(제2괴산교),2023-03-01,2024-08-31,1H,ccf_demean_full_v1,1.0,True,133.11055722832128,13200.0,,interpolated,0.0,0.0,1.0,True,319.80147017966254,13200.0,,interpolated,0.0,0.0
1004685,팔봉교,1004,1004680,충주시(문강교),1004670,괴산군(추산교),2023-03-01,2024-08-31,1H,ccf_demean_full_v1,0.0,False,,0.0,missing_series_train_window,raw,,0.0,0.0,False,,0.0,missing_series_train_window,raw,,0.0
1004688,원남,1004,1004685,팔봉교,1004680,충주시(문강교),2023-03-01,2024-08-31,1H,ccf_demean_full_v1,0.0,False,,0.0,missing_series_train_window,raw,,0.0,0.0,False,,0.0,missing_series_train_window,raw,,0.0
1004690,충주시(향산리),1004,1004688,원남,1004685,팔봉교,2023-03-01,2024-08-31,1H,ccf_demean_full_v1,0.0,False,,0.0,missing_series_train_window,raw,,0.0,0.0,False,,0.0,missing_series_train_window,raw,,0.0
1004692,용당,1004,1004690,충주시(향산리),1004688,원남,2023-03-01,2024-08-31,1H,ccf_demean_full_v1,0.0,False,,0.0,missing_series_train_window,raw,,0.0,0.0,False,,0.0,missing_series_train_window,raw,,0.0
1004693,괴산군(목도교),1004,1004692,용당,1004690,충주시(향산리),2023-03-01,2024-08-31,1H,ccf_demean_full_v1,0.0,False,,0.0,missing_series_train_window,raw,,0.0,0.0,False,,0.0,missing_series_train_window,raw,,0.0
1004694,충주시(주덕교),1004,1004693,괴산군(목도교),1004692,용당,2023-03-01,2024-08-31,1H,ccf_demean_full_v1,0.0,False,,0.0,missing_series_train_window,raw,,0.0,0.0,False,,0.0,missing_series_train_window,raw,,0.0
1004695,충주시(국원대교),1004,1004694,충주시(주덕교),1004693,괴산군(목도교),2023-03-01,2024-08-31,1H,ccf_demean_full_v1,0.0,False,,0.0,missing_series_train_window,raw,,0.0,0.0,True,1306.2740049545455,13200.0,,interpolated,0.0,0.0
1004696,충주시(봉계교),1004,1004695,충주시(국원대교),1004694,충주시(주덕교),2023-03-01,2024-08-31,1H,ccf_demean_full_v1,0.0,False,,0.0,missing_series_train_window,raw,,0.0,0.0,False,,0.0,missing_series_train_window,raw,,0.0
1005605,충주시(탄금교),1005,,,,,2023-03-01,2024-08-31,1H,ccf_demean_full_v1,,,,,no_upstream_mapping,,,,,,,,no_upstream_mapping,,,
1005640,충주시(목계교),1005,1005605,충주시(탄금교),,,2023-03-01,2024-08-31,1H,ccf_demean_full_v1,2.0,True,674.9400266772316,13200.0,,interpolated,0.0,0.0,,,,,no_upstream_mapping,,,
1005650,충주시(능암교),1005,1005640,충주시(목계교),,,2023-03-01,2024-08-31,1H,ccf_demean_full_v1,0.0,False,,0.0,missing_series_train_window,raw,,0.0,,,,,no_upstream_mapping,,,
1005660,충주시(세포교),1005,1005650,충주시(능암교),1005640,충주시(목계교),2023-03-01,2024-08-31,1H,ccf_demean_full_v1,0.0,False,,0.0,missing_series_train_window,raw,,0.0,0.0,False,,0.0,missing_series_train_window,raw,,0.0
1005695,원주시(법천교),1005,1005660,충주시(세포교),1005650,충주시(능암교),2023-03-01,2024-08-31,1H,ccf_demean_full_v1,0.0,False,,0.0,missing_series_train_window,raw,,0.0,0.0,False,,0.0,missing_series_train_window,raw,,0.0
1005697,원주시(남한강대교),1005,1005695,원주시(법천교),1005660,충주시(세포교),2023-03-01,2024-08-31,1H,ccf_demean_full_v1,1.0,True,2419.7014105026215,13027.0,,interpolated,0.014924242424242395,24.0,0.0,False,,0.0,missing_series_train_window,raw,,0.0
1006610,횡성군(율동리),1006,,,,,2023-03-01,2024-08-31,1H,ccf_demean_full_v1,,,,,no_upstream_mapping,,,,,,,,no_upstream_mapping,,,
1006612,횡성군(포동2교),1006,1006610,횡성군(율동리),,,2023-03-01,2024-08-31,1H,ccf_demean_full_v1,0.0,False,,0.0,missing_series_train_window,raw,,0.0,,,,,no_upstream_mapping,,,
1006628,횡성군(청곡교),1006,1006612,횡성군(포동2교),1006610,횡성군(율동리),2023-03-01,2024-08-31,1H,ccf_demean_full_v1,0.0,False,,0.0,missing_series_train_window,raw,,0.0,0.0,False,,0.0,missing_series_train_window,raw,,0.0
1006630,횡성군(오산교),1006,1006628,횡성군(청곡교),1006612,횡성군(포동2교),2023-03-01,2024-08-31,1H,ccf_demean_full_v1,0.0,False,,0.0,missing_series_train_window,raw,,0.0,0.0,False,,0.0,missing_series_train_window,raw,,0.0
1006650,횡성군(횡성교),1006,1006630,횡성군(오산교),1006628,횡성군(청곡교),2023-03-01,2024-08-31,1H,ccf_demean_full_v1,1.0,True,890.2313112367581,8786.0,,raw,0.33439393939393935,0.0,0.0,False,,0.0,missing_series_train_window,raw,,0.0
1006660,횡성군(전천교),1006,1006650,횡성군(횡성교),1006630,횡성군(오산교),2023-03-01,2024-08-31,1H,ccf_demean_full_v1,0.0,True,527.1673560664694,8786.0,,raw,0.33439393939393935,0.0,0.0,True,612.7129485148071,12936.0,,interpolated,0.021818181818181848,24.0
1006664,원주시(동부교),1006,1006660,횡성군(전천교),1006650,횡성군(횡성교),2023-03-01,2024-08-31,1H,ccf_demean_full_v1,0.0,False,,0.0,missing_series_train_window,raw,,0.0,0.0,False,,0.0,missing_series_train_window,raw,,0.0
1006665,원주시(원주교),1006,1006664,원주시(동부교),1006660,횡성군(전천교),2023-03-01,2024-08-31,1H,ccf_demean_full_v1,0.0,False,,0.0,missing_series_train_window,raw,,0.0,0.0,True,332.25925169977097,12936.0,,interpolated,0.021818181818181848,24.0
1006666,원주시(가현교),1006,1006665,원주시(원주교),1006664,원주시(동부교),2023-03-01,2024-08-31,1H,ccf_demean_full_v1,0.0,True,41.07184607110302,5485.0,,raw,0.584469696969697,0.0,0.0,False,,0.0,missing_series_train_window,raw,,0.0
1006670,원주시(옥산교),1006,1006666,원주시(가현교),1006665,원주시(원주교),2023-03-01,2024-08-31,1H,ccf_demean_full_v1,2.0,True,262.2498397307849,5485.0,,raw,0.584469696969697,0.0,1.0,True,361.2944408980881,12968.0,,interpolated,0.019393939393939408,24.0
1006672,원주시(장현교),1006,1006670,원주시(옥산교),1006666,원주시(가현교),2023-03-01,2024-08-31,1H,ccf_demean_full_v1,0.0,True,2605.343511472868,12968.0,,interpolated,0.019393939393939408,24.0,2.0,True,244.83704263345558,5485.0,,raw,0.584469696969697,0.0
1006677,원주시(판대2교),1006,1006672,원주시(장현교),1006670,원주시(옥산교),2023-03-01,2024-08-31,1H,ccf_demean_full_v1,0.0,False,,0.0,missing_series_train_window,raw,,0.0,0.0,False,,0.0,missing_series_train_window,raw,,0.0
1006680,원주시(지정대교),1006,1006677,원주시(판대2교),1006672,원주시(장현교),2023-03-01,2024-08-31,1H,ccf_demean_full_v1,0.0,False,,0.0,missing_series_train_window,raw,,0.0,1.0,True,457.5257527515048,13200.0,,interpolated,0.0,0.0
1006685,원주시(봉미교),1006,1006680,원주시(지정대교),1006677,원주시(판대2교),2023-03-01,2024-08-31,1H,ccf_demean_full_v1,0.0,True,140.27408158500998,13022.0,,interpolated,0.015303030303030263,24.0,0.0,False,,0.0,missing_series_train_window,raw,,0.0
1006690,원주시(문막교),1006,1006685,원주시(봉미교),1006680,원주시(지정대교),2023-03-01,2024-08-31,1H,ccf_demean_full_v1,3.0,True,562.3865368131907,13022.0,,interpolated,0.015303030303030263,24.0,1.0,True,316.97411622244834,13200.0,,interpolated,0.0,0.0
1006693,궁촌,1006,1006690,원주시(문막교),1006685,원주시(봉미교),2023-03-01,2024-08-31,1H,ccf_demean_full_v1,0.0,False,,0.0,missing_series_train_window,raw,,0.0,0.0,False,,0.0,missing_series_train_window,raw,,0.0
1006694,반계,1006,1006693,궁촌,1006690,원주시(문막교),2023-03-01,2024-08-31,1H,ccf_demean_full_v1,0.0,False,,0.0,missing_series_train_window,raw,,0.0,0.0,False,,0.0,missing_series_train_window,raw,,0.0
1007604,안성시(한평교),1007,,,,,2023-03-01,2024-08-31,1H,ccf_demean_full_v1,,,,,no_upstream_mapping,,,,,,,,no_upstream_mapping,,,
1007605,이천시(장호원교),1007,1007604,안성시(한평교),,,2023-03-01,2024-08-31,1H,ccf_demean_full_v1,3.0,True,1226.6216178236843,12683.0,,interpolated,0.04462121212121217,24.0,,,,,no_upstream_mapping,,,
1007606,안성시(두현교),1007,1007605,이천시(장호원교),1007604,안성시(한평교),2023-03-01,2024-08-31,1H,ccf_demean_full_v1,0.0,False,,0.0,missing_series_train_window,raw,,0.0,0.0,False,,0.0,missing_series_train_window,raw,,0.0
1007608,이천시(고당교),1007,1007606,안성시(두현교),1007605,이천시(장호원교),2023-03-01,2024-08-31,1H,ccf_demean_full_v1,0.0,False,,0.0,missing_series_train_window,raw,,0.0,0.0,False,,0.0,missing_series_train_window,raw,,0.0
1007609,음성군(병암교),1007,1007608,이천시(고당교),1007606,안성시(두현교),2023-03-01,2024-08-31,1H,ccf_demean_full_v1,0.0,False,,0.0,missing_series_train_window,raw,,0.0,0.0,False,,0.0,missing_series_train_window,raw,,0.0
1007610,음성군(총천교),1007,1007609,음성군(병암교),1007608,이천시(고당교),2023-03-01,2024-08-31,1H,ccf_demean_full_v1,0.0,False,,0.0,missing_series_train_window,raw,,0.0,0.0,False,,0.0,missing_series_train_window,raw,,0.0
1007613,음성군(상우교),1007,1007610,음성군(총천교),1007609,음성군(병암교),2023-03-01,2024-08-31,1H,ccf_demean_full_v1,0.0,False,,0.0,missing_series_train_window,raw,,0.0,0.0,False,,0.0,missing_series_train_window,raw,,0.0
1007615,여주시(원부교),1007,1007613,음성군(상우교),1007610,음성군(총천교),2023-03-01,2024-08-31,1H,ccf_demean_full_v1,0.0,False,,0.0,missing_series_train_window,raw,,0.0,4.0,True,495.57126986248846,13200.0,,interpolated,0.0,0.0
1007617,여주시(삼합교),1007,1007615,여주시(원부교),1007613,음성군(상우교),2023-03-01,2024-08-31,1H,ccf_demean_full_v1,2.0,True,2392.8925114617773,13200.0,,interpolated,0.0,0.0,0.0,False,,0.0,missing_series_train_window,raw,,0.0
1007620,여주시(강천리),1007,1007617,여주시(삼합교),1007615,여주시(원부교),2023-03-01,2024-08-31,1H,ccf_demean_full_v1,2.0,True,2555.5373414282026,13200.0,,interpolated,0.0,0.0,6.0,True,2335.242722456095,13200.0,,interpolated,0.0,0.0
1007625,여주시(남한강교),1007,1007620,여주시(강천리),1007617,여주시(삼합교),2023-03-01,2024-08-31,1H,ccf_demean_full_v1,0.0,True,2342.6671789772727,13200.0,,interpolated,0.0,0.0,2.0,True,1551.4094396205578,13200.0,,interpolated,0.0,0.0
1007626,여주시(용은교),1007,1007625,여주시(남한강교),1007620,여주시(강천리),2023-03-01,2024-08-31,1H,ccf_demean_full_v1,0.0,False,,0.0,missing_series_train_window,raw,,0.0,0.0,False,,0.0,missing_series_train_window,raw,,0.0
1007633,강천보(상류),1007,1007626,여주시(용은교),1007625,여주시(남한강교),2023-03-01,2024-08-31,1H,ccf_demean_full_v1,0.0,False,,0.0,missing_series_train_window,raw,,0.0,0.0,True,1065.4965587954546,13200.0,,interpolated,0.0,0.0
1007634,강천보(하류),1007,1007633,강천보(상류),1007626,여주시(용은교),2023-03-01,2024-08-31,1H,ccf_demean_full_v1,1.0,True,1878.4371502691863,13091.0,,interpolated,0.012575757575757573,24.0,0.0,False,,0.0,missing_series_train_window,raw,,0.0
1007635,여주시(여주대교),1007,1007634,강천보(하류),1007633,강천보(상류),2023-03-01,2024-08-31,1H,ccf_demean_full_v1,0.0,True,3619.667917439928,13091.0,,interpolated,0.012575757575757573,24.0,1.0,True,1195.2675838028617,13200.0,,interpolated,0.0,0.0
1007637,여주시(당우교),1007,1007635,여주시(여주대교),1007634,강천보(하류),2023-03-01,2024-08-31,1H,ccf_demean_full_v1,0.0,False,,0.0,missing_series_train_window,raw,,0.0,0.0,False,,0.0,missing_series_train_window,raw,,0.0
1007639,여주보(상류),1007,1007637,여주시(당우교),1007635,여주시(여주대교),2023-03-01,2024-08-31,1H,ccf_demean_full_v1,0.0,False,,0.0,missing_series_train_window,raw,,0.0,0.0,True,1200.052292159091,13200.0,,interpolated,0.00037878787878786735,5.0
1007640,여주시(율극교),1007,1007639,여주보(상류),1007637,여주시(당우교),2023-03-01,2024-08-31,1H,ccf_demean_full_v1,0.0,True,445.10375977272747,13200.0,,interpolated,0.00037878787878786735,5.0,0.0,False,,0.0,missing_series_train_window,raw,,0.0
1007641,여주보(하류),1007,1007640,여주시(율극교),1007639,여주보(상류),2023-03-01,2024-08-31,1H,ccf_demean_full_v1,8.0,True,1901.7317349056545,13195.0,,interpolated,0.0021969696969696972,24.0,1.0,True,2070.27064740028,13195.0,,interpolated,0.0025757575757575646,24.0
1007642,이천시(동산교),1007,1007641,여주보(하류),1007640,여주시(율극교),2023-03-01,2024-08-31,1H,ccf_demean_full_v1,0.0,True,1099.790872216749,13195.0,,interpolated,0.0021969696969696972,24.0,0.0,True,344.12829551515165,13200.0,,interpolated,0.0,0.0
1007645,이천시(복하교),1007,1007642,이천시(동산교),1007641,여주보(하류),2023-03-01,2024-08-31,1H,ccf_demean_full_v1,1.0,True,345.6059828366346,13200.0,,interpolated,0.0,0.0,0.0,True,1758.167988753316,13195.0,,interpolated,0.0021969696969696972,24.0
1007650,여주시(흥천대교),1007,1007645,이천시(복하교),1007642,이천시(동산교),2023-03-01,2024-08-31,1H,ccf_demean_full_v1,0.0,True,990.8943351363636,13200.0,,interpolated,0.0,0.0,1.0,True,506.0009124330096,13200.0,,interpolated,0.0,0.0
1007653,대평,1007,1007650,여주시(흥천대교),1007645,이천시(복하교),2023-03-01,2024-08-31,1H,ccf_demean_full_v1,0.0,False,,0.0,missing_series_train_window,raw,,0.0,0.0,False,,0.0,missing_series_train_window,raw,,0.0
1007655,여주시(양촌교),1007,1007653,대평,1007650,여주시(흥천대교),2023-03-01,2024-08-31,1H,ccf_demean_full_v1,0.0,False,,0.0,missing_series_train_window,raw,,0.0,1.0,True,1566.7481015851658,13200.0,,interpolated,0.0,0.0
1007656,여주저류지,1007,1007655,여주시(양촌교),1007653,대평,2023-03-01,2024-08-31,1H,ccf_demean_full_v1,0.0,False,,0.0,missing_series_train_window,raw,,0.0,0.0,False,,0.0,missing_series_train_window,raw,,0.0
1007662,이포보(상류),1007,1007656,여주저류지,1007655,여주시(양촌교),2023-03-01,2024-08-31,1H,ccf_demean_full_v1,0.0,False,,0.0,missing_series_train_window,raw,,0.0,3.0,True,1112.8458987018323,13200.0,,interpolated,0.0,0.0
1007664,이포보(하류),1007,1007662,이포보(상류),1007656,여주저류지,2023-03-01,2024-08-31,1H,ccf_demean_full_v1,1.0,True,2324.295444210753,13200.0,,interpolated,0.0,0.0,0.0,False,,0.0,missing_series_train_window,raw,,0.0
1007672,금사,1007,1007664,이포보(하류),1007662,이포보(상류),2023-03-01,2024-08-31,1H,ccf_demean_full_v1,0.0,False,,0.0,missing_series_train_window,raw,,0.0,0.0,False,,0.0,missing_series_train_window,raw,,0.0
1007680,양평군(흑천교),1007,1007672,금사,1007664,이포보(하류),2023-03-01,2024-08-31,1H,ccf_demean_full_v1,0.0,False,,0.0,missing_series_train_window,raw,,0.0,0.0,True,890.5342043636364,13200.0,,interpolated,0.0,0.0
1007685,양평군(양평교),1007,1007680,양평군(흑천교),1007672,금사,2023-03-01,2024-08-31,1H,ccf_demean_full_v1,10.0,True,290.98704150220385,13200.0,,interpolated,0.0,0.0,0.0,False,,0.0,missing_series_train_window,raw,,0.0
1007687,양평군(여물교),1007,1007685,양평군(양평교),1007680,양평군(흑천교),2023-03-01,2024-08-31,1H,ccf_demean_full_v1,0.0,False,,0.0,missing_series_train_window,raw,,0.0,0.0,False,,0.0,missing_series_train_window,raw,,0.0
1007688,양평군(보룡교),1007,1007687,양평군(여물교),1007685,양평군(양평교),2023-03-01,2024-08-31,1H,ccf_demean_full_v1,0.0,False,,0.0,missing_series_train_window,raw,,0.0,0.0,False,,0.0,missing_series_train_window,raw,,0.0
1007690,양평군(봉상교),1007,1007688,양평군(보룡교),1007687,양평군(여물교),2023-03-01,2024-08-31,1H,ccf_demean_full_v1,0.0,False,,0.0,missing_series_train_window,raw,,0.0,0.0,False,,0.0,missing_series_train_window,raw,,0.0
1007695,양평군(다문교),1007,1007690,양평군(봉상교),1007688,양평군(보룡교),2023-03-01,2024-08-31,1H,ccf_demean_full_v1,0.0,False,,0.0,missing_series_train_window,raw,,0.0,0.0,False,,0.0,missing_series_train_window,raw,,0.0
1007697,양평군(신원리),1007,1007695,양평군(다문교),1007690,양평군(봉상교),2023-03-01,2024-08-31,1H,ccf_demean_full_v1,0.0,False,,0.0,missing_series_train_window,raw,,0.0,28.0,True,-49.48600769245179,13200.0,,interpolated,0.0,0.0
1009652,화천군(평화나래교),1009,,,,,2023-03-01,2024-08-31,1H,ccf_demean_full_v1,,,,,no_upstream_mapping,,,,,,,,no_upstream_mapping,,,
1010630,약수교,1010,,,,,2023-03-01,2024-08-31,1H,ccf_demean_full_v1,,,,,no_upstream_mapping,,,,,,,,no_upstream_mapping,,,
1010631,양구군(양지교),1010,1010630,약수교,,,2023-03-01,2024-08-31,1H,ccf_demean_full_v1,0.0,False,,0.0,missing_series_train_window,raw,,0.0,,,,,no_upstream_mapping,,,
1010633,양구군(송청제2교),1010,1010631,양구군(양지교),1010630,약수교,2023-03-01,2024-08-31,1H,ccf_demean_full_v1,0.0,False,,0.0,missing_series_train_window,raw,,0.0,0.0,False,,0.0,missing_series_train_window,raw,,0.0
1010635,하리교,1010,1010633,양구군(송청제2교),1010631,양구군(양지교),2023-03-01,2024-08-31,1H,ccf_demean_full_v1,0.0,False,,0.0,missing_series_train_window,raw,,0.0,0.0,False,,0.0,missing_series_train_window,raw,,0.0
1010640,양구군(각시교),1010,1010635,하리교,1010633,양구군(송청제2교),2023-03-01,2024-08-31,1H,ccf_demean_full_v1,0.0,False,,0.0,missing_series_train_window,raw,,0.0,0.0,False,,0.0,missing_series_train_window,raw,,0.0
1010642,남전교,1010,1010640,양구군(각시교),1010635,하리교,2023-03-01,2024-08-31,1H,ccf_demean_full_v1,0.0,False,,0.0,missing_series_train_window,raw,,0.0,0.0,False,,0.0,missing_series_train_window,raw,,0.0
1010660,화천군(화천댐),1010,1010642,남전교,1010640,양구군(각시교),2023-03-01,2024-08-31,1H,ccf_demean_full_v1,0.0,False,,0.0,missing_series_train_window,raw,,0.0,0.0,False,,0.0,missing_series_train_window,raw,,0.0
1010670,화천군(오작교),1010,,,,,2023-03-01,2024-08-31,1H,ccf_demean_full_v1,,,,,no_upstream_mapping,,,,,,,,no_upstream_mapping,,,
1010673,화천군(신대교),1010,1010660,화천군(화천댐),1010660,화천군(화천댐),2023-03-01,2024-08-31,1H,ccf_demean_full_v1,0.0,False,,0.0,missing_series_train_window,raw,,0.0,0.0,False,,0.0,missing_series_train_window,raw,,0.0
1010674,화천군(신읍교),1010,1010673,화천군(신대교),,,2023-03-01,2024-08-31,1H,ccf_demean_full_v1,0.0,False,,0.0,missing_series_train_window,raw,,0.0,,,,,no_upstream_mapping,,,
1010677,용신교,1010,1010674,화천군(신읍교),1010673,화천군(신대교),2023-03-01,2024-08-31,1H,ccf_demean_full_v1,0.0,False,,0.0,missing_series_train_window,raw,,0.0,0.0,False,,0.0,missing_series_train_window,raw,,0.0
1010680,화천군(화천대교),1010,1010677,용신교,1010674,화천군(신읍교),2023-03-01,2024-08-31,1H,ccf_demean_full_v1,0.0,False,,0.0,missing_series_train_window,raw,,0.0,0.0,False,,0.0,missing_series_train_window,raw,,0.0
1010684,오탄교,1010,1010680,화천군(화천대교),1010677,용신교,2023-03-01,2024-08-31,1H,ccf_demean_full_v1,0.0,False,,0.0,missing_series_train_window,raw,,0.0,0.0,False,,0.0,missing_series_train_window,raw,,0.0
1010686,화천군(일광교),1010,1010684,오탄교,1010680,화천군(화천대교),2023-03-01,2024-08-31,1H,ccf_demean_full_v1,0.0,False,,0.0,missing_series_train_window,raw,,0.0,0.0,False,,0.0,missing_series_train_window,raw,,0.0
1010690,춘천시(춘천댐),1010,1010686,화천군(일광교),1010684,오탄교,2023-03-01,2024-08-31,1H,ccf_demean_full_v1,0.0,False,,0.0,missing_series_train_window,raw,,0.0,0.0,False,,0.0,missing_series_train_window,raw,,0.0
1010695,춘천시(춘천댐하류),1010,1010690,춘천시(춘천댐),1010686,화천군(일광교),2023-03-01,2024-08-31,1H,ccf_demean_full_v1,0.0,False,,0.0,missing_series_train_window,raw,,0.0,0.0,False,,0.0,missing_series_train_window,raw,,0.0
1011620,인제군(반월촌교),1011,,,,,2023-03-01,2024-08-31,1H,ccf_demean_full_v1,,,,,no_upstream_mapping,,,,,,,,no_upstream_mapping,,,
1011640,인제군(십이선녀교),1011,,,,,2023-03-01,2024-08-31,1H,ccf_demean_full_v1,,,,,no_upstream_mapping,,,,,,,,no_upstream_mapping,,,
1011650,인제군(어두원교),1011,1011640,인제군(십이선녀교),1011620,인제군(반월촌교),2023-03-01,2024-08-31,1H,ccf_demean_full_v1,0.0,False,,0.0,missing_series_train_window,raw,,0.0,0.0,False,,0.0,missing_series_train_window,raw,,0.0
1011690,인제군(원통리),1011,1011650,인제군(어두원교),1011640,인제군(십이선녀교),2023-03-01,2024-08-31,1H,ccf_demean_full_v1,0.0,False,,0.0,missing_series_train_window,raw,,0.0,0.0,False,,0.0,missing_series_train_window,raw,,0.0
1011693,인제군(도리촌교),1011,1011690,인제군(원통리),1011650,인제군(어두원교),2023-03-01,2024-08-31,1H,ccf_demean_full_v1,0.0,False,,0.0,missing_series_train_window,raw,,0.0,0.0,False,,0.0,missing_series_train_window,raw,,0.0
1011695,인제군(리빙스턴교),1011,1011693,인제군(도리촌교),1011690,인제군(원통리),2023-03-01,2024-08-31,1H,ccf_demean_full_v1,0.0,False,,0.0,missing_series_train_window,raw,,0.0,0.0,False,,0.0,missing_series_train_window,raw,,0.0
1012625,홍천군(가덕교),1012,,,,,2023-03-01,2024-08-31,1H,ccf_demean_full_v1,,,,,no_upstream_mapping,,,,,,,,no_upstream_mapping,,,
1012630,인제군(왕성동교),1012,1012625,홍천군(가덕교),,,2023-03-01,2024-08-31,1H,ccf_demean_full_v1,0.0,False,,0.0,missing_series_train_window,raw,,0.0,,,,,no_upstream_mapping,,,
1012635,인제군(양지교),1012,1012630,인제군(왕성동교),1012625,홍천군(가덕교),2023-03-01,2024-08-31,1H,ccf_demean_full_v1,0.0,False,,0.0,missing_series_train_window,raw,,0.0,0.0,False,,0.0,missing_series_train_window,raw,,0.0
1012638,인제군(진동2교),1012,1012635,인제군(양지교),1012630,인제군(왕성동교),2023-03-01,2024-08-31,1H,ccf_demean_full_v1,0.0,False,,0.0,missing_series_train_window,raw,,0.0,0.0,False,,0.0,missing_series_train_window,raw,,0.0
1012639,인제군(서호교),1012,1012638,인제군(진동2교),1012635,인제군(양지교),2023-03-01,2024-08-31,1H,ccf_demean_full_v1,0.0,False,,0.0,missing_series_train_window,raw,,0.0,0.0,False,,0.0,missing_series_train_window,raw,,0.0
1012640,인제군(현리교),1012,1012639,인제군(서호교),1012638,인제군(진동2교),2023-03-01,2024-08-31,1H,ccf_demean_full_v1,0.0,False,,0.0,missing_series_train_window,raw,,0.0,0.0,False,,0.0,missing_series_train_window,raw,,0.0
1012645,인제군(하죽천교),1012,1012640,인제군(현리교),1012639,인제군(서호교),2023-03-01,2024-08-31,1H,ccf_demean_full_v1,0.0,False,,0.0,missing_series_train_window,raw,,0.0,0.0,False,,0.0,missing_series_train_window,raw,,0.0
1012650,인제군(원대교),1012,1012645,인제군(하죽천교),1012640,인제군(현리교),2023-03-01,2024-08-31,1H,ccf_demean_full_v1,0.0,False,,0.0,missing_series_train_window,raw,,0.0,0.0,False,,0.0,missing_series_train_window,raw,,0.0
1012657,인제군(살구미교),1012,1012650,인제군(원대교),1012645,인제군(하죽천교),2023-03-01,2024-08-31,1H,ccf_demean_full_v1,0.0,False,,0.0,missing_series_train_window,raw,,0.0,0.0,False,,0.0,missing_series_train_window,raw,,0.0
1012670,인제군(양구교),1012,1012657,인제군(살구미교),1012650,인제군(원대교),2023-03-01,2024-08-31,1H,ccf_demean_full_v1,0.0,False,,0.0,missing_series_train_window,raw,,0.0,0.0,False,,0.0,missing_series_train_window,raw,,0.0
1012685,춘천시(천전리),1012,1012670,인제군(양구교),1012657,인제군(살구미교),2023-03-01,2024-08-31,1H,ccf_demean_full_v1,0.0,False,,0.0,missing_series_train_window,raw,,0.0,0.0,False,,0.0,missing_series_train_window,raw,,0.0
1012688,춘천시(소양6교),1012,1012685,춘천시(천전리),1012670,인제군(양구교),2023-03-01,2024-08-31,1H,ccf_demean_full_v1,0.0,False,,0.0,missing_series_train_window,raw,,0.0,0.0,False,,0.0,missing_series_train_window,raw,,0.0
1013610,춘천시(효자교),1013,,,,,2023-03-01,2024-08-31,1H,ccf_demean_full_v1,,,,,no_upstream_mapping,,,,,,,,no_upstream_mapping,,,
1013620,목동교,1013,1013610,춘천시(효자교),,,2023-03-01,2024-08-31,1H,ccf_demean_full_v1,0.0,False,,0.0,missing_series_train_window,raw,,0.0,,,,,no_upstream_mapping,,,
1013637,춘천시(소양2교),1013,1013620,목동교,1013610,춘천시(효자교),2023-03-01,2024-08-31,1H,ccf_demean_full_v1,0.0,False,,0.0,missing_series_train_window,raw,,0.0,0.0,False,,0.0,missing_series_train_window,raw,,0.0
1013643,춘천시(팔미3교),1013,1013637,춘천시(소양2교),1013620,목동교,2023-03-01,2024-08-31,1H,ccf_demean_full_v1,0.0,False,,0.0,missing_series_train_window,raw,,0.0,0.0,False,,0.0,missing_series_train_window,raw,,0.0
1013645,춘천시(강촌교),1013,1013643,춘천시(팔미3교),1013637,춘천시(소양2교),2023-03-01,2024-08-31,1H,ccf_demean_full_v1,0.0,False,,0.0,missing_series_train_window,raw,,0.0,0.0,False,,0.0,missing_series_train_window,raw,,0.0
1013650,가평군(제령교),1013,1013645,춘천시(강촌교),1013643,춘천시(팔미3교),2023-03-01,2024-08-31,1H,ccf_demean_full_v1,0.0,False,,0.0,missing_series_train_window,raw,,0.0,0.0,False,,0.0,missing_series_train_window,raw,,0.0
1013651,가평군(화악교),1013,1013650,가평군(제령교),1013645,춘천시(강촌교),2023-03-01,2024-08-31,1H,ccf_demean_full_v1,0.0,False,,0.0,missing_series_train_window,raw,,0.0,0.0,False,,0.0,missing_series_train_window,raw,,0.0
1013655,가평군(가평교),1013,1013651,가평군(화악교),1013650,가평군(제령교),2023-03-01,2024-08-31,1H,ccf_demean_full_v1,0.0,False,,0.0,missing_series_train_window,raw,,0.0,0.0,False,,0.0,missing_series_train_window,raw,,0.0
1014618,홍천군(용호대교),1014,,,,,2023-03-01,2024-08-31,1H,ccf_demean_full_v1,,,,,no_upstream_mapping,,,,,,,,no_upstream_mapping,,,
1014620,홍천군(용선교),1014,1014618,홍천군(용호대교),,,2023-03-01,2024-08-31,1H,ccf_demean_full_v1,0.0,False,,0.0,missing_series_train_window,raw,,0.0,,,,,no_upstream_mapping,,,
1014622,홍천군(지다치교),1014,1014620,홍천군(용선교),1014618,홍천군(용호대교),2023-03-01,2024-08-31,1H,ccf_demean_full_v1,0.0,False,,0.0,missing_series_train_window,raw,,0.0,0.0,False,,0.0,missing_series_train_window,raw,,0.0
1014630,홍천군(주음치교),1014,1014622,홍천군(지다치교),1014620,홍천군(용선교),2023-03-01,2024-08-31,1H,ccf_demean_full_v1,0.0,False,,0.0,missing_series_train_window,raw,,0.0,0.0,False,,0.0,missing_series_train_window,raw,,0.0
1014635,홍천강(성포교),1014,1014630,홍천군(주음치교),1014622,홍천군(지다치교),2023-03-01,2024-08-31,1H,ccf_demean_full_v1,0.0,False,,0.0,missing_series_train_window,raw,,0.0,0.0,False,,0.0,missing_series_train_window,raw,,0.0
1014637,홍천군(군업1교),1014,1014635,홍천강(성포교),1014630,홍천군(주음치교),2023-03-01,2024-08-31,1H,ccf_demean_full_v1,0.0,False,,0.0,missing_series_train_window,raw,,0.0,0.0,False,,0.0,missing_series_train_window,raw,,0.0
1014640,홍천군(굴운교),1014,1014637,홍천군(군업1교),1014635,홍천강(성포교),2023-03-01,2024-08-31,1H,ccf_demean_full_v1,0.0,False,,0.0,missing_series_train_window,raw,,0.0,0.0,False,,0.0,missing_series_train_window,raw,,0.0
1014645,홍천군(귀미뜰교),1014,1014640,홍천군(굴운교),1014637,홍천군(군업1교),2023-03-01,2024-08-31,1H,ccf_demean_full_v1,0.0,False,,0.0,missing_series_train_window,raw,,0.0,0.0,False,,0.0,missing_series_train_window,raw,,0.0
1014650,홍천군(홍천교),1014,1014645,홍천군(귀미뜰교),1014640,홍천군(굴운교),2023-03-01,2024-08-31,1H,ccf_demean_full_v1,0.0,False,,0.0,missing_series_train_window,raw,,0.0,0.0,False,,0.0,missing_series_train_window,raw,,0.0
1014652,홍천군(화계교),1014,1014650,홍천군(홍천교),1014645,홍천군(귀미뜰교),2023-03-01,2024-08-31,1H,ccf_demean_full_v1,0.0,False,,0.0,missing_series_train_window,raw,,0.0,0.0,False,,0.0,missing_series_train_window,raw,,0.0
1014664,홍천군(용수교),1014,1014652,홍천군(화계교),1014650,홍천군(홍천교),2023-03-01,2024-08-31,1H,ccf_demean_full_v1,0.0,False,,0.0,missing_series_train_window,raw,,0.0,0.0,False,,0.0,missing_series_train_window,raw,,0.0
1014665,홍천군(남노일대교),1014,1014664,홍천군(용수교),1014652,홍천군(화계교),2023-03-01,2024-08-31,1H,ccf_demean_full_v1,0.0,False,,0.0,missing_series_train_window,raw,,0.0,0.0,False,,0.0,missing_series_train_window,raw,,0.0
1014680,홍천군(반곡교),1014,1014665,홍천군(남노일대교),1014664,홍천군(용수교),2023-03-01,2024-08-31,1H,ccf_demean_full_v1,0.0,False,,0.0,missing_series_train_window,raw,,0.0,0.0,False,,0.0,missing_series_train_window,raw,,0.0
1014690,춘천시(충의대교),1014,1014680,홍천군(반곡교),1014665,홍천군(남노일대교),2023-03-01,2024-08-31,1H,ccf_demean_full_v1,0.0,False,,0.0,missing_series_train_window,raw,,0.0,0.0,False,,0.0,missing_series_train_window,raw,,0.0
1014695,한덕교,1014,1014690,춘천시(충의대교),1014680,홍천군(반곡교),2023-03-01,2024-08-31,1H,ccf_demean_full_v1,0.0,False,,0.0,missing_series_train_window,raw,,0.0,0.0,False,,0.0,missing_series_train_window,raw,,0.0
1014696,홍천군(모곡교),1014,1014695,한덕교,1014690,춘천시(충의대교),2023-03-01,2024-08-31,1H,ccf_demean_full_v1,0.0,False,,0.0,missing_series_train_window,raw,,0.0,0.0,False,,0.0,missing_series_train_window,raw,,0.0
1015611,가평군(신상교),1015,,,,,2023-03-01,2024-08-31,1H,ccf_demean_full_v1,,,,,no_upstream_mapping,,,,,,,,no_upstream_mapping,,,
1015620,가평군(대보교),1015,1015611,가평군(신상교),,,2023-03-01,2024-08-31,1H,ccf_demean_full_v1,0.0,False,,0.0,missing_series_train_window,raw,,0.0,,,,,no_upstream_mapping,,,
1015630,산장제1교,1015,1015620,가평군(대보교),1015611,가평군(신상교),2023-03-01,2024-08-31,1H,ccf_demean_full_v1,0.0,False,,0.0,missing_series_train_window,raw,,0.0,0.0,False,,0.0,missing_series_train_window,raw,,0.0
1015636,가평군(선촌2교),1015,1015630,산장제1교,1015620,가평군(대보교),2023-03-01,2024-08-31,1H,ccf_demean_full_v1,0.0,False,,0.0,missing_series_train_window,raw,,0.0,0.0,False,,0.0,missing_series_train_window,raw,,0.0
1015640,가평군(청평댐),1015,1015636,가평군(선촌2교),1015630,산장제1교,2023-03-01,2024-08-31,1H,ccf_demean_full_v1,0.0,False,,0.0,missing_series_train_window,raw,,0.0,0.0,False,,0.0,missing_series_train_window,raw,,0.0
1015644,가평군(청평교),1015,1015640,가평군(청평댐),1015636,가평군(선촌2교),2023-03-01,2024-08-31,1H,ccf_demean_full_v1,0.0,False,,0.0,missing_series_train_window,raw,,0.0,0.0,False,,0.0,missing_series_train_window,raw,,0.0
1015645,가평군(신청평대교),1015,1015644,가평군(청평교),1015640,가평군(청평댐),2023-03-01,2024-08-31,1H,ccf_demean_full_v1,0.0,False,,0.0,missing_series_train_window,raw,,0.0,0.0,False,,0.0,missing_series_train_window,raw,,0.0
1015655,가평군(오류동교),1015,1015645,가평군(신청평대교),1015644,가평군(청평교),2023-03-01,2024-08-31,1H,ccf_demean_full_v1,0.0,False,,0.0,missing_series_train_window,raw,,0.0,0.0,False,,0.0,missing_series_train_window,raw,,0.0
1015680,남양주시(삼봉리),1015,1015655,가평군(오류동교),1015645,가평군(신청평대교),2023-03-01,2024-08-31,1H,ccf_demean_full_v1,0.0,False,,0.0,missing_series_train_window,raw,,0.0,0.0,False,,0.0,missing_series_train_window,raw,,0.0
1016601,용인시(마전교),1016,,,,,2023-03-01,2024-08-31,1H,ccf_demean_full_v1,,,,,no_upstream_mapping,,,,,,,,no_upstream_mapping,,,
1016606,광주시(동림3교),1016,1016601,용인시(마전교),,,2023-03-01,2024-08-31,1H,ccf_demean_full_v1,0.0,False,,0.0,missing_series_train_window,raw,,0.0,,,,,no_upstream_mapping,,,
1016607,용인시(월촌교),1016,1016606,광주시(동림3교),1016601,용인시(마전교),2023-03-01,2024-08-31,1H,ccf_demean_full_v1,0.0,False,,0.0,missing_series_train_window,raw,,0.0,0.0,False,,0.0,missing_series_train_window,raw,,0.0
1016645,광주시(오포대교),1016,1016607,용인시(월촌교),1016606,광주시(동림3교),2023-03-01,2024-08-31,1H,ccf_demean_full_v1,0.0,False,,0.0,missing_series_train_window,raw,,0.0,0.0,False,,0.0,missing_series_train_window,raw,,0.0
1016650,광주시(경안교),1016,1016645,광주시(오포대교),1016607,용인시(월촌교),2023-03-01,2024-08-31,1H,ccf_demean_full_v1,0.0,False,,0.0,missing_series_train_window,raw,,0.0,0.0,False,,0.0,missing_series_train_window,raw,,0.0
1016651,광주시(파발교),1016,1016650,광주시(경안교),1016645,광주시(오포대교),2023-03-01,2024-08-31,1H,ccf_demean_full_v1,0.0,False,,0.0,missing_series_train_window,raw,,0.0,0.0,False,,0.0,missing_series_train_window,raw,,0.0
1016655,경안교,1016,1016651,광주시(파발교),1016650,광주시(경안교),2023-03-01,2024-08-31,1H,ccf_demean_full_v1,0.0,False,,0.0,missing_series_train_window,raw,,0.0,0.0,False,,0.0,missing_series_train_window,raw,,0.0
1016657,광주시(부항교),1016,1016655,경안교,1016651,광주시(파발교),2023-03-01,2024-08-31,1H,ccf_demean_full_v1,0.0,False,,0.0,missing_series_train_window,raw,,0.0,0.0,False,,0.0,missing_series_train_window,raw,,0.0
1016660,광주시(섬뜰교),1016,1016657,광주시(부항교),1016655,경안교,2023-03-01,2024-08-31,1H,ccf_demean_full_v1,0.0,False,,0.0,missing_series_train_window,raw,,0.0,0.0,False,,0.0,missing_series_train_window,raw,,0.0
1016670,광주시(서하교),1016,1016660,광주시(섬뜰교),1016657,광주시(부항교),2023-03-01,2024-08-31,1H,ccf_demean_full_v1,0.0,False,,0.0,missing_series_train_window,raw,,0.0,0.0,False,,0.0,missing_series_train_window,raw,,0.0
1016695,광주시(광동교),1016,1016670,광주시(서하교),1016660,광주시(섬뜰교),2023-03-01,2024-08-31,1H,ccf_demean_full_v1,0.0,False,,0.0,missing_series_train_window,raw,,0.0,0.0,False,,0.0,missing_series_train_window,raw,,0.0
1017690,남양주시(팔당댐),1017,,,,,2023-03-01,2024-08-31,1H,ccf_demean_full_v1,,,,,no_upstream_mapping,,,,,,,,no_upstream_mapping,,,
1018610,남양주시(팔당대교),1018,1017690,남양주시(팔당댐),,,2023-03-01,2024-08-31,1H,ccf_demean_full_v1,0.0,False,,0.0,missing_series_train_window,raw,,0.0,,,,,no_upstream_mapping,,,
1018619,포천시(마명1교),1018,,,,,2023-03-01,2024-08-31,1H,ccf_demean_full_v1,,,,,no_upstream_mapping,,,,,,,,no_upstream_mapping,,,
1018620,남양주시(부평교),1018,,,,,2023-03-01,2024-08-31,1H,ccf_demean_full_v1,,,,,no_upstream_mapping,,,,,,,,no_upstream_mapping,,,
1018623,남양주시(연평대교),1018,1018620,남양주시(부평교),1018619,포천시(마명1교),2023-03-01,2024-08-31,1H,ccf_demean_full_v1,0.0,False,,0.0,missing_series_train_window,raw,,0.0,0.0,False,,0.0,missing_series_train_window,raw,,0.0
1018625,남양주시(내곡교),1018,1018623,남양주시(연평대교),1018620,남양주시(부평교),2023-03-01,2024-08-31,1H,ccf_demean_full_v1,0.0,False,,0.0,missing_series_train_window,raw,,0.0,0.0,False,,0.0,missing_series_train_window,raw,,0.0
1018630,남양주시(진관교),1018,1018625,남양주시(내곡교),1018623,남양주시(연평대교),2023-03-01,2024-08-31,1H,ccf_demean_full_v1,0.0,False,,0.0,missing_series_train_window,raw,,0.0,0.0,False,,0.0,missing_series_train_window,raw,,0.0
1018635,남양주시(퇴계원리),1018,1018630,남양주시(진관교),1018625,남양주시(내곡교),2023-03-01,2024-08-31,1H,ccf_demean_full_v1,0.0,False,,0.0,missing_series_train_window,raw,,0.0,0.0,False,,0.0,missing_series_train_window,raw,,0.0
1018638,남양주시(왕숙교),1018,1018635,남양주시(퇴계원리),1018630,남양주시(진관교),2023-03-01,2024-08-31,1H,ccf_demean_full_v1,0.0,False,,0.0,missing_series_train_window,raw,,0.0,0.0,False,,0.0,missing_series_train_window,raw,,0.0
1018640,서울시(광진교),1018,1018638,남양주시(왕숙교),1018635,남양주시(퇴계원리),2023-03-01,2024-08-31,1H,ccf_demean_full_v1,0.0,False,,0.0,missing_series_train_window,raw,,0.0,0.0,False,,0.0,missing_series_train_window,raw,,0.0
1018650,성남시(궁내교),1018,,,,,2023-03-01,2024-08-31,1H,ccf_demean_full_v1,,,,,no_upstream_mapping,,,,,,,,no_upstream_mapping,,,
1018653,성남시(둔전교),1018,1018650,성남시(궁내교),1018640,서울시(광진교),2023-03-01,2024-08-31,1H,ccf_demean_full_v1,0.0,False,,0.0,missing_series_train_window,raw,,0.0,0.0,False,,0.0,missing_series_train_window,raw,,0.0
1018655,서울시(대곡교),1018,1018653,성남시(둔전교),1018650,성남시(궁내교),2023-03-01,2024-08-31,1H,ccf_demean_full_v1,0.0,False,,0.0,missing_series_train_window,raw,,0.0,0.0,False,,0.0,missing_series_train_window,raw,,0.0
1018658,서울시(대치교),1018,1018655,서울시(대곡교),1018653,성남시(둔전교),2023-03-01,2024-08-31,1H,ccf_demean_full_v1,0.0,False,,0.0,missing_series_train_window,raw,,0.0,0.0,False,,0.0,missing_series_train_window,raw,,0.0
1018661,양주시(마전3교),1018,,,,,2023-03-01,2024-08-31,1H,ccf_demean_full_v1,,,,,no_upstream_mapping,,,,,,,,no_upstream_mapping,,,
1018662,서울시(청담대교),1018,,,1018658,서울시(대치교),2023-03-01,2024-08-31,1H,ccf_demean_full_v1,,,,,no_upstream_mapping,,,,0.0,False,,0.0,missing_series_train_window,raw,,0.0
1018665,의정부시(신곡교),1018,,,,,2023-03-01,2024-08-31,1H,ccf_demean_full_v1,,,,,no_upstream_mapping,,,,,,,,no_upstream_mapping,,,
1018666,의정부시(금신교),1018,1018665,의정부시(신곡교),1018662,서울시(청담대교),2023-03-01,2024-08-31,1H,ccf_demean_full_v1,0.0,False,,0.0,missing_series_train_window,raw,,0.0,0.0,False,,0.0,missing_series_train_window,raw,,0.0
1018669,서울시(창동교),1018,1018666,의정부시(금신교),1018665,의정부시(신곡교),2023-03-01,2024-08-31,1H,ccf_demean_full_v1,0.0,False,,0.0,missing_series_train_window,raw,,0.0,0.0,False,,0.0,missing_series_train_window,raw,,0.0
1018670,서울시(월계2교),1018,1018669,서울시(창동교),1018666,의정부시(금신교),2023-03-01,2024-08-31,1H,ccf_demean_full_v1,0.0,False,,0.0,missing_series_train_window,raw,,0.0,0.0,False,,0.0,missing_series_train_window,raw,,0.0
1018675,서울시(중랑교),1018,1018670,서울시(월계2교),1018669,서울시(창동교),2023-03-01,2024-08-31,1H,ccf_demean_full_v1,0.0,False,,0.0,missing_series_train_window,raw,,0.0,0.0,False,,0.0,missing_series_train_window,raw,,0.0
1018680,서울시(잠수교),1018,1018675,서울시(중랑교),1018670,서울시(월계2교),2023-03-01,2024-08-31,1H,ccf_demean_full_v1,0.0,False,,0.0,missing_series_train_window,raw,,0.0,0.0,False,,0.0,missing_series_train_window,raw,,0.0
1018683,서울시(한강대교),1018,1018680,서울시(잠수교),1018675,서울시(중랑교),2023-03-01,2024-08-31,1H,ccf_demean_full_v1,0.0,False,,0.0,missing_series_train_window,raw,,0.0,0.0,False,,0.0,missing_series_train_window,raw,,0.0
1018685,구용산,1018,1018683,서울시(한강대교),1018680,서울시(잠수교),2023-03-01,2024-08-31,1H,ccf_demean_full_v1,0.0,False,,0.0,missing_series_train_window,raw,,0.0,0.0,False,,0.0,missing_series_train_window,raw,,0.0
1018686,서울시(홍남교),1018,1018685,구용산,1018683,서울시(한강대교),2023-03-01,2024-08-31,1H,ccf_demean_full_v1,0.0,False,,0.0,missing_series_train_window,raw,,0.0,0.0,False,,0.0,missing_series_train_window,raw,,0.0
1018690,안양시(충훈1교),1018,,,,,2023-03-01,2024-08-31,1H,ccf_demean_full_v1,,,,,no_upstream_mapping,,,,,,,,no_upstream_mapping,,,
1018692,서울시(신림5교),1018,1018690,안양시(충훈1교),,,2023-03-01,2024-08-31,1H,ccf_demean_full_v1,0.0,False,,0.0,missing_series_train_window,raw,,0.0,,,,,no_upstream_mapping,,,
1018693,광명시(시흥대교),1018,1018692,서울시(신림5교),1018690,안양시(충훈1교),2023-03-01,2024-08-31,1H,ccf_demean_full_v1,0.0,False,,0.0,missing_series_train_window,raw,,0.0,0.0,False,,0.0,missing_series_train_window,raw,,0.0
1018695,서울시(너부대교),1018,1018693,광명시(시흥대교),1018692,서울시(신림5교),2023-03-01,2024-08-31,1H,ccf_demean_full_v1,0.0,False,,0.0,missing_series_train_window,raw,,0.0,0.0,False,,0.0,missing_series_train_window,raw,,0.0
1018697,서울시(오금교),1018,1018695,서울시(너부대교),1018693,광명시(시흥대교),2023-03-01,2024-08-31,1H,ccf_demean_full_v1,0.0,False,,0.0,missing_series_train_window,raw,,0.0,0.0,False,,0.0,missing_series_train_window,raw,,0.0
1018698,서울시(신대방1교),1018,1018697,서울시(오금교),1018695,서울시(너부대교),2023-03-01,2024-08-31,1H,ccf_demean_full_v1,0.0,False,,0.0,missing_series_train_window,raw,,0.0,0.0,False,,0.0,missing_series_train_window,raw,,0.0
1019606,고양시(은덕교),1019,,,,,2023-03-01,2024-08-31,1H,ccf_demean_full_v1,,,,,no_upstream_mapping,,,,,,,,no_upstream_mapping,,,
1019612,인천시(굴포1교),1019,1019606,고양시(은덕교),,,2023-03-01,2024-08-31,1H,ccf_demean_full_v1,0.0,False,,0.0,missing_series_train_window,raw,,0.0,,,,,no_upstream_mapping,,,
1019620,부천시(도두리2교),1019,1019612,인천시(굴포1교),1019606,고양시(은덕교),2023-03-01,2024-08-31,1H,ccf_demean_full_v1,0.0,False,,0.0,missing_series_train_window,raw,,0.0,0.0,False,,0.0,missing_series_train_window,raw,,0.0
1019630,서울시(행주대교),1019,1019620,부천시(도두리2교),1019612,인천시(굴포1교),2023-03-01,2024-08-31,1H,ccf_demean_full_v1,0.0,False,,0.0,missing_series_train_window,raw,,0.0,0.0,False,,0.0,missing_series_train_window,raw,,0.0
1019635,아라한강갑문(내),1019,1019630,서울시(행주대교),1019620,부천시(도두리2교),2023-03-01,2024-08-31,1H,ccf_demean_full_v1,0.0,False,,0.0,missing_series_train_window,raw,,0.0,0.0,False,,0.0,missing_series_train_window,raw,,0.0
1019636,아라한강갑실,1019,,,,,2023-03-01,2024-08-31,1H,ccf_demean_full_v1,,,,,no_upstream_mapping,,,,,,,,no_upstream_mapping,,,
1019637,아라한강갑문(외),1019,,,,,2023-03-01,2024-08-31,1H,ccf_demean_full_v1,,,,,no_upstream_mapping,,,,,,,,no_upstream_mapping,,,
1019647,박촌1교,1019,,,,,2023-03-01,2024-08-31,1H,ccf_demean_full_v1,,,,,no_upstream_mapping,,,,,,,,no_upstream_mapping,,,
1019648,계양대교,1019,1019647,박촌1교,,,2023-03-01,2024-08-31,1H,ccf_demean_full_v1,0.0,False,,0.0,missing_series_train_window,raw,,0.0,,,,,no_upstream_mapping,,,
1019651,귤현보(상),1019,1019648,계양대교,1019647,박촌1교,2023-03-01,2024-08-31,1H,ccf_demean_full_v1,0.0,False,,0.0,missing_series_train_window,raw,,0.0,0.0,False,,0.0,missing_series_train_window,raw,,0.0
1019652,귤현보(하),1019,1019651,귤현보(상),1019648,계양대교,2023-03-01,2024-08-31,1H,ccf_demean_full_v1,0.0,False,,0.0,missing_series_train_window,raw,,0.0,0.0,False,,0.0,missing_series_train_window,raw,,0.0
1019653,벌말교,1019,1019652,귤현보(하),1019651,귤현보(상),2023-03-01,2024-08-31,1H,ccf_demean_full_v1,0.0,False,,0.0,missing_series_train_window,raw,,0.0,0.0,False,,0.0,missing_series_train_window,raw,,0.0
1019657,인천시(상야교),1019,1019653,벌말교,1019652,귤현보(하),2023-03-01,2024-08-31,1H,ccf_demean_full_v1,0.0,False,,0.0,missing_series_train_window,raw,,0.0,0.0,False,,0.0,missing_series_train_window,raw,,0.0
1019661,김포시(사우교),1019,1019657,인천시(상야교),1019653,벌말교,2023-03-01,2024-08-31,1H,ccf_demean_full_v1,0.0,False,,0.0,missing_series_train_window,raw,,0.0,0.0,False,,0.0,missing_series_train_window,raw,,0.0
1019663,양주시(제궁교),1019,,,,,2023-03-01,2024-08-31,1H,ccf_demean_full_v1,,,,,no_upstream_mapping,,,,,,,,no_upstream_mapping,,,
1019667,고양시(원당교),1019,,,1019661,김포시(사우교),2023-03-01,2024-08-31,1H,ccf_demean_full_v1,,,,,no_upstream_mapping,,,,0.0,False,,0.0,missing_series_train_window,raw,,0.0
1019675,김포시(전류리),1019,1019667,고양시(원당교),1019663,양주시(제궁교),2023-03-01,2024-08-31,1H,ccf_demean_full_v1,0.0,False,,0.0,missing_series_train_window,raw,,0.0,0.0,False,,0.0,missing_series_train_window,raw,,0.0
1019680,파주시(교하교),1019,1019675,김포시(전류리),1019667,고양시(원당교),2023-03-01,2024-08-31,1H,ccf_demean_full_v1,0.0,False,,0.0,missing_series_train_window,raw,,0.0,0.0,False,,0.0,missing_series_train_window,raw,,0.0
1021628,철원군(백마교),1021,,,,,2023-03-01,2024-08-31,1H,ccf_demean_full_v1,,,,,no_upstream_mapping,,,,,,,,no_upstream_mapping,,,
1021630,철원군(대마리),1021,1021628,철원군(백마교),,,2023-03-01,2024-08-31,1H,ccf_demean_full_v1,0.0,False,,0.0,missing_series_train_window,raw,,0.0,,,,,no_upstream_mapping,,,
1021650,연천군(필승교),1021,1021630,철원군(대마리),1021628,철원군(백마교),2023-03-01,2024-08-31,1H,ccf_demean_full_v1,0.0,False,,0.0,missing_series_train_window,raw,,0.0,0.0,False,,0.0,missing_series_train_window,raw,,0.0
1021680,연천군(임진교),1021,1021650,연천군(필승교),1021630,철원군(대마리),2023-03-01,2024-08-31,1H,ccf_demean_full_v1,0.0,False,,0.0,missing_series_train_window,raw,,0.0,0.0,False,,0.0,missing_series_train_window,raw,,0.0
1022620,철원군(암정교),1022,,,,,2023-03-01,2024-08-31,1H,ccf_demean_full_v1,,,,,no_upstream_mapping,,,,,,,,no_upstream_mapping,,,
1022626,철원군(장수대교),1022,1022620,철원군(암정교),,,2023-03-01,2024-08-31,1H,ccf_demean_full_v1,0.0,False,,0.0,missing_series_train_window,raw,,0.0,,,,,no_upstream_mapping,,,
1022630,철원군(삼합교),1022,1022626,철원군(장수대교),1022620,철원군(암정교),2023-03-01,2024-08-31,1H,ccf_demean_full_v1,0.0,False,,0.0,missing_series_train_window,raw,,0.0,0.0,False,,0.0,missing_series_train_window,raw,,0.0
1022631,토교,1022,1022630,철원군(삼합교),1022626,철원군(장수대교),2023-03-01,2024-08-31,1H,ccf_demean_full_v1,0.0,False,,0.0,missing_series_train_window,raw,,0.0,0.0,False,,0.0,missing_series_train_window,raw,,0.0
1022635,철원군(한탄대교),1022,1022631,토교,1022630,철원군(삼합교),2023-03-01,2024-08-31,1H,ccf_demean_full_v1,0.0,False,,0.0,missing_series_train_window,raw,,0.0,0.0,False,,0.0,missing_series_train_window,raw,,0.0
1022638,철원군(군탄교),1022,1022635,철원군(한탄대교),1022631,토교,2023-03-01,2024-08-31,1H,ccf_demean_full_v1,0.0,False,,0.0,missing_series_train_window,raw,,0.0,0.0,False,,0.0,missing_series_train_window,raw,,0.0
1022640,포천시(용담교),1022,1022638,철원군(군탄교),1022635,철원군(한탄대교),2023-03-01,2024-08-31,1H,ccf_demean_full_v1,0.0,False,,0.0,missing_series_train_window,raw,,0.0,0.0,False,,0.0,missing_series_train_window,raw,,0.0
1022641,포천시(제1도평교),1022,1022640,포천시(용담교),1022638,철원군(군탄교),2023-03-01,2024-08-31,1H,ccf_demean_full_v1,0.0,False,,0.0,missing_series_train_window,raw,,0.0,0.0,False,,0.0,missing_series_train_window,raw,,0.0
1022642,포천시(대회산교),1022,1022641,포천시(제1도평교),1022640,포천시(용담교),2023-03-01,2024-08-31,1H,ccf_demean_full_v1,0.0,False,,0.0,missing_series_train_window,raw,,0.0,0.0,False,,0.0,missing_series_train_window,raw,,0.0
1022643,포천시(영로대교),1022,1022642,포천시(대회산교),1022641,포천시(제1도평교),2023-03-01,2024-08-31,1H,ccf_demean_full_v1,0.0,False,,0.0,missing_series_train_window,raw,,0.0,0.0,False,,0.0,missing_series_train_window,raw,,0.0
1022644,연천군(한탄강댐),1022,1022643,포천시(영로대교),1022642,포천시(대회산교),2023-03-01,2024-08-31,1H,ccf_demean_full_v1,0.0,False,,0.0,missing_series_train_window,raw,,0.0,0.0,False,,0.0,missing_series_train_window,raw,,0.0
1022645,연천군(한여울교),1022,1022644,연천군(한탄강댐),1022643,포천시(영로대교),2023-03-01,2024-08-31,1H,ccf_demean_full_v1,0.0,False,,0.0,missing_series_train_window,raw,,0.0,0.0,False,,0.0,missing_series_train_window,raw,,0.0
1022646,포천시(낭유대교),1022,1022645,연천군(한여울교),1022644,연천군(한탄강댐),2023-03-01,2024-08-31,1H,ccf_demean_full_v1,0.0,False,,0.0,missing_series_train_window,raw,,0.0,0.0,False,,0.0,missing_series_train_window,raw,,0.0
1022647,포천시(포천대교),1022,1022646,포천시(낭유대교),1022645,연천군(한여울교),2023-03-01,2024-08-31,1H,ccf_demean_full_v1,0.0,False,,0.0,missing_series_train_window,raw,,0.0,0.0,False,,0.0,missing_series_train_window,raw,,0.0
1022648,포천시(은현교),1022,1022647,포천시(포천대교),1022646,포천시(낭유대교),2023-03-01,2024-08-31,1H,ccf_demean_full_v1,0.0,False,,0.0,missing_series_train_window,raw,,0.0,0.0,False,,0.0,missing_series_train_window,raw,,0.0
1022649,포천시(지현교),1022,1022648,포천시(은현교),1022647,포천시(포천대교),2023-03-01,2024-08-31,1H,ccf_demean_full_v1,0.0,False,,0.0,missing_series_train_window,raw,,0.0,0.0,False,,0.0,missing_series_train_window,raw,,0.0
1022650,포천시(영평교),1022,1022649,포천시(지현교),1022648,포천시(은현교),2023-03-01,2024-08-31,1H,ccf_demean_full_v1,0.0,False,,0.0,missing_series_train_window,raw,,0.0,0.0,False,,0.0,missing_series_train_window,raw,,0.0
1022651,포천시(가산교),1022,1022650,포천시(영평교),1022649,포천시(지현교),2023-03-01,2024-08-31,1H,ccf_demean_full_v1,0.0,False,,0.0,missing_series_train_window,raw,,0.0,0.0,False,,0.0,missing_series_train_window,raw,,0.0
1022655,포천시(신백의교),1022,1022651,포천시(가산교),1022650,포천시(영평교),2023-03-01,2024-08-31,1H,ccf_demean_full_v1,0.0,False,,0.0,missing_series_train_window,raw,,0.0,0.0,False,,0.0,missing_series_train_window,raw,,0.0
1022660,양주시(발운2교),1022,1022655,포천시(신백의교),1022651,포천시(가산교),2023-03-01,2024-08-31,1H,ccf_demean_full_v1,0.0,False,,0.0,missing_series_train_window,raw,,0.0,0.0,False,,0.0,missing_series_train_window,raw,,0.0
1022661,연천군(보막교),1022,1022660,양주시(발운2교),1022655,포천시(신백의교),2023-03-01,2024-08-31,1H,ccf_demean_full_v1,0.0,False,,0.0,missing_series_train_window,raw,,0.0,0.0,False,,0.0,missing_series_train_window,raw,,0.0
1022662,연천군(차탄교),1022,1022661,연천군(보막교),1022660,양주시(발운2교),2023-03-01,2024-08-31,1H,ccf_demean_full_v1,0.0,False,,0.0,missing_series_train_window,raw,,0.0,0.0,False,,0.0,missing_series_train_window,raw,,0.0
1022664,궁신교,1022,1022662,연천군(차탄교),1022661,연천군(보막교),2023-03-01,2024-08-31,1H,ccf_demean_full_v1,0.0,False,,0.0,missing_series_train_window,raw,,0.0,0.0,False,,0.0,missing_series_train_window,raw,,0.0
1022666,연천군(고탄교),1022,1022664,궁신교,1022662,연천군(차탄교),2023-03-01,2024-08-31,1H,ccf_demean_full_v1,0.0,False,,0.0,missing_series_train_window,raw,,0.0,0.0,False,,0.0,missing_series_train_window,raw,,0.0
1022668,동두천시(송천교),1022,1022666,연천군(고탄교),1022664,궁신교,2023-03-01,2024-08-31,1H,ccf_demean_full_v1,0.0,False,,0.0,missing_series_train_window,raw,,0.0,0.0,False,,0.0,missing_series_train_window,raw,,0.0
1022670,연천군(신천교),1022,1022668,동두천시(송천교),1022666,연천군(고탄교),2023-03-01,2024-08-31,1H,ccf_demean_full_v1,0.0,False,,0.0,missing_series_train_window,raw,,0.0,0.0,False,,0.0,missing_series_train_window,raw,,0.0
1022680,연천군(사랑교),1022,1022670,연천군(신천교),1022668,동두천시(송천교),2023-03-01,2024-08-31,1H,ccf_demean_full_v1,0.0,False,,0.0,missing_series_train_window,raw,,0.0,0.0,False,,0.0,missing_series_train_window,raw,,0.0
1023635,파주시(덕천교),1023,,,,,2023-03-01,2024-08-31,1H,ccf_demean_full_v1,,,,,no_upstream_mapping,,,,,,,,no_upstream_mapping,,,
1023640,연천군(삼화교),1023,,,,,2023-03-01,2024-08-31,1H,ccf_demean_full_v1,,,,,no_upstream_mapping,,,,,,,,no_upstream_mapping,,,
1023660,파주시(비룡대교),1023,1023640,연천군(삼화교),1023635,파주시(덕천교),2023-03-01,2024-08-31,1H,ccf_demean_full_v1,0.0,False,,0.0,missing_series_train_window,raw,,0.0,0.0,False,,0.0,missing_series_train_window,raw,,0.0
1023662,연천군(사미천교),1023,1023660,파주시(비룡대교),1023640,연천군(삼화교),2023-03-01,2024-08-31,1H,ccf_demean_full_v1,0.0,False,,0.0,missing_series_train_window,raw,,0.0,0.0,False,,0.0,missing_series_train_window,raw,,0.0
1023667,파주시(전진교),1023,1023662,연천군(사미천교),1023660,파주시(비룡대교),2023-03-01,2024-08-31,1H,ccf_demean_full_v1,0.0,False,,0.0,missing_series_train_window,raw,,0.0,0.0,False,,0.0,missing_series_train_window,raw,,0.0
1023670,파주시(통일대교),1023,1023667,파주시(전진교),1023662,연천군(사미천교),2023-03-01,2024-08-31,1H,ccf_demean_full_v1,0.0,False,,0.0,missing_series_train_window,raw,,0.0,0.0,False,,0.0,missing_series_train_window,raw,,0.0
1023671,파주시(신우교),1023,1023670,파주시(통일대교),1023667,파주시(전진교),2023-03-01,2024-08-31,1H,ccf_demean_full_v1,0.0,False,,0.0,missing_series_train_window,raw,,0.0,0.0,False,,0.0,missing_series_train_window,raw,,0.0
1023674,파주시(만장교),1023,1023671,파주시(신우교),1023670,파주시(통일대교),2023-03-01,2024-08-31,1H,ccf_demean_full_v1,0.0,False,,0.0,missing_series_train_window,raw,,0.0,0.0,False,,0.0,missing_series_train_window,raw,,0.0
1023677,파주시(주월교),1023,1023674,파주시(만장교),1023671,파주시(신우교),2023-03-01,2024-08-31,1H,ccf_demean_full_v1,0.0,False,,0.0,missing_series_train_window,raw,,0.0,0.0,False,,0.0,missing_series_train_window,raw,,0.0
1023680,파주시(아가메교),1023,1023677,파주시(주월교),1023674,파주시(만장교),2023-03-01,2024-08-31,1H,ccf_demean_full_v1,0.0,False,,0.0,missing_series_train_window,raw,,0.0,0.0,False,,0.0,missing_series_train_window,raw,,0.0
1101601,수원시(매세교),1101,,,,,2023-03-01,2024-08-31,1H,ccf_demean_full_v1,,,,,no_upstream_mapping,,,,,,,,no_upstream_mapping,,,
1101604,수원시(백년교),1101,1101601,수원시(매세교),,,2023-03-01,2024-08-31,1H,ccf_demean_full_v1,0.0,False,,0.0,missing_series_train_window,raw,,0.0,,,,,no_upstream_mapping,,,
1101605,화성시(화산교),1101,1101604,수원시(백년교),1101601,수원시(매세교),2023-03-01,2024-08-31,1H,ccf_demean_full_v1,0.0,False,,0.0,missing_series_train_window,raw,,0.0,0.0,False,,0.0,missing_series_train_window,raw,,0.0
1101606,안성시(현수교),1101,,,,,2023-03-01,2024-08-31,1H,ccf_demean_full_v1,,,,,no_upstream_mapping,,,,,,,,no_upstream_mapping,,,
1101609,금광,1101,1101606,안성시(현수교),1101605,화성시(화산교),2023-03-01,2024-08-31,1H,ccf_demean_full_v1,0.0,False,,0.0,missing_series_train_window,raw,,0.0,0.0,False,,0.0,missing_series_train_window,raw,,0.0
1101610,안성시(옥산대교),1101,1101609,금광,1101606,안성시(현수교),2023-03-01,2024-08-31,1H,ccf_demean_full_v1,0.0,False,,0.0,missing_series_train_window,raw,,0.0,0.0,False,,0.0,missing_series_train_window,raw,,0.0
1101611,안성시(평촌교),1101,1101610,안성시(옥산대교),1101609,금광,2023-03-01,2024-08-31,1H,ccf_demean_full_v1,0.0,False,,0.0,missing_series_train_window,raw,,0.0,0.0,False,,0.0,missing_series_train_window,raw,,0.0
1101615,고삼,1101,1101611,안성시(평촌교),1101610,안성시(옥산대교),2023-03-01,2024-08-31,1H,ccf_demean_full_v1,0.0,False,,0.0,missing_series_train_window,raw,,0.0,0.0,False,,0.0,missing_series_train_window,raw,,0.0
1101616,안성시(고지교),1101,1101615,고삼,1101611,안성시(평촌교),2023-03-01,2024-08-31,1H,ccf_demean_full_v1,0.0,False,,0.0,missing_series_train_window,raw,,0.0,0.0,False,,0.0,missing_series_train_window,raw,,0.0
1101618,안성시(한천교),1101,1101616,안성시(고지교),1101615,고삼,2023-03-01,2024-08-31,1H,ccf_demean_full_v1,0.0,False,,0.0,missing_series_train_window,raw,,0.0,0.0,False,,0.0,missing_series_train_window,raw,,0.0
1101620,안성시(건천리),1101,1101618,안성시(한천교),1101616,안성시(고지교),2023-03-01,2024-08-31,1H,ccf_demean_full_v1,0.0,False,,0.0,missing_series_train_window,raw,,0.0,0.0,False,,0.0,missing_series_train_window,raw,,0.0
1101621,용인시(덕성1교),1101,1101620,안성시(건천리),1101618,안성시(한천교),2023-03-01,2024-08-31,1H,ccf_demean_full_v1,0.0,False,,0.0,missing_series_train_window,raw,,0.0,0.0,False,,0.0,missing_series_train_window,raw,,0.0
1101625,이동,1101,1101621,용인시(덕성1교),1101620,안성시(건천리),2023-03-01,2024-08-31,1H,ccf_demean_full_v1,0.0,False,,0.0,missing_series_train_window,raw,,0.0,0.0,False,,0.0,missing_series_train_window,raw,,0.0
1101628,천안시(안궁교),1101,1101625,이동,1101621,용인시(덕성1교),2023-03-01,2024-08-31,1H,ccf_demean_full_v1,0.0,False,,0.0,missing_series_train_window,raw,,0.0,0.0,False,,0.0,missing_series_train_window,raw,,0.0
1101630,천안시(안성천교),1101,1101628,천안시(안궁교),1101625,이동,2023-03-01,2024-08-31,1H,ccf_demean_full_v1,0.0,False,,0.0,missing_series_train_window,raw,,0.0,0.0,False,,0.0,missing_series_train_window,raw,,0.0
1101631,천안시(장천교),1101,1101630,천안시(안성천교),1101628,천안시(안궁교),2023-03-01,2024-08-31,1H,ccf_demean_full_v1,0.0,False,,0.0,missing_series_train_window,raw,,0.0,0.0,False,,0.0,missing_series_train_window,raw,,0.0
1101635,평택시(군문교),1101,1101631,천안시(장천교),1101630,천안시(안성천교),2023-03-01,2024-08-31,1H,ccf_demean_full_v1,0.0,False,,0.0,missing_series_train_window,raw,,0.0,0.0,False,,0.0,missing_series_train_window,raw,,0.0
1101645,오산시(탑동대교),1101,,,,,2023-03-01,2024-08-31,1H,ccf_demean_full_v1,,,,,no_upstream_mapping,,,,,,,,no_upstream_mapping,,,
1101650,화성시(수직교),1101,1101645,오산시(탑동대교),1101635,평택시(군문교),2023-03-01,2024-08-31,1H,ccf_demean_full_v1,0.0,False,,0.0,missing_series_train_window,raw,,0.0,0.0,False,,0.0,missing_series_train_window,raw,,0.0
1101656,용인시(전궁교),1101,1101650,화성시(수직교),1101645,오산시(탑동대교),2023-03-01,2024-08-31,1H,ccf_demean_full_v1,0.0,False,,0.0,missing_series_train_window,raw,,0.0,0.0,False,,0.0,missing_series_train_window,raw,,0.0
1101663,평택시(진위1교),1101,1101656,용인시(전궁교),1101650,화성시(수직교),2023-03-01,2024-08-31,1H,ccf_demean_full_v1,0.0,False,,0.0,missing_series_train_window,raw,,0.0,0.0,False,,0.0,missing_series_train_window,raw,,0.0
1101665,평택시(회화리),1101,1101663,평택시(진위1교),1101656,용인시(전궁교),2023-03-01,2024-08-31,1H,ccf_demean_full_v1,0.0,False,,0.0,missing_series_train_window,raw,,0.0,0.0,False,,0.0,missing_series_train_window,raw,,0.0
1101670,평택시(동연교),1101,1101665,평택시(회화리),1101663,평택시(진위1교),2023-03-01,2024-08-31,1H,ccf_demean_full_v1,0.0,False,,0.0,missing_series_train_window,raw,,0.0,0.0,False,,0.0,missing_series_train_window,raw,,0.0
1101680,평택시(팽성대교),1101,1101670,평택시(동연교),1101665,평택시(회화리),2023-03-01,2024-08-31,1H,ccf_demean_full_v1,0.0,False,,0.0,missing_series_train_window,raw,,0.0,0.0,False,,0.0,missing_series_train_window,raw,,0.0
1101688,아산시(운교교),1101,1101680,평택시(팽성대교),1101670,평택시(동연교),2023-03-01,2024-08-31,1H,ccf_demean_full_v1,0.0,False,,0.0,missing_series_train_window,raw,,0.0,0.0,False,,0.0,missing_series_train_window,raw,,0.0
1101695,아산만(내),1101,1101688,아산시(운교교),1101680,평택시(팽성대교),2023-03-01,2024-08-31,1H,ccf_demean_full_v1,0.0,False,,0.0,missing_series_train_window,raw,,0.0,0.0,False,,0.0,missing_series_train_window,raw,,0.0
1101696,아산만(외),1101,,,,,2023-03-01,2024-08-31,1H,ccf_demean_full_v1,,,,,no_upstream_mapping,,,,,,,,no_upstream_mapping,,,
1201620,강화군(강화대교),1201,,,,,2023-03-01,2024-08-31,1H,ccf_demean_full_v1,,,,,no_upstream_mapping,,,,,,,,no_upstream_mapping,,,
1201651,아라서해갑문(내),1201,1201620,강화군(강화대교),,,2023-03-01,2024-08-31,1H,ccf_demean_full_v1,0.0,False,,0.0,missing_series_train_window,raw,,0.0,,,,,no_upstream_mapping,,,
1201652,아라서해갑실(남),1201,,,1201620,강화군(강화대교),2023-03-01,2024-08-31,1H,ccf_demean_full_v1,,,,,no_upstream_mapping,,,,0.0,False,,0.0,missing_series_train_window,raw,,0.0
1201653,아라서해갑문(외),1201,,,,,2023-03-01,2024-08-31,1H,ccf_demean_full_v1,,,,,no_upstream_mapping,,,,,,,,no_upstream_mapping,,,
1201654,아라서해갑실(북),1201,,,,,2023-03-01,2024-08-31,1H,ccf_demean_full_v1,,,,,no_upstream_mapping,,,,,,,,no_upstream_mapping,,,
1201660,인천시(연수교),1201,,,,,2023-03-01,2024-08-31,1H,ccf_demean_full_v1,,,,,no_upstream_mapping,,,,,,,,no_upstream_mapping,,,
1202650,안산시(안산10교),1202,,,,,2023-03-01,2024-08-31,1H,ccf_demean_full_v1,,,,,no_upstream_mapping,,,,,,,,no_upstream_mapping,,,
1202668,화성시(발안천2교),1202,1202650,안산시(안산10교),,,2023-03-01,2024-08-31,1H,ccf_demean_full_v1,0.0,False,,0.0,missing_series_train_window,raw,,0.0,,,,,no_upstream_mapping,,,
1301625,속초시(도문교),1301,,,,,2023-03-01,2024-08-31,1H,ccf_demean_full_v1,,,,,no_upstream_mapping,,,,,,,,no_upstream_mapping,,,
1301630,양양군(용천2교),1301,,,,,2023-03-01,2024-08-31,1H,ccf_demean_full_v1,,,,,no_upstream_mapping,,,,,,,,no_upstream_mapping,,,
1301632,양양군(북평교),1301,,,,,2023-03-01,2024-08-31,1H,ccf_demean_full_v1,,,,,no_upstream_mapping,,,,,,,,no_upstream_mapping,,,
1301658,양양군(양양대교),1301,,,1301630,양양군(용천2교),2023-03-01,2024-08-31,1H,ccf_demean_full_v1,,,,,no_upstream_mapping,,,,0.0,False,,0.0,missing_series_train_window,raw,,0.0
1302645,오봉,1302,,,,,2023-03-01,2024-08-31,1H,ccf_demean_full_v1,,,,,no_upstream_mapping,,,,,,,,no_upstream_mapping,,,
1302646,강릉시(오봉교),1302,,,,,2023-03-01,2024-08-31,1H,ccf_demean_full_v1,,,,,no_upstream_mapping,,,,,,,,no_upstream_mapping,,,
1302648,강릉시(회산교),1302,1302646,강릉시(오봉교),,,2023-03-01,2024-08-31,1H,ccf_demean_full_v1,0.0,False,,0.0,missing_series_train_window,raw,,0.0,,,,,no_upstream_mapping,,,
1302665,동해시(원평교),1302,,,,,2023-03-01,2024-08-31,1H,ccf_demean_full_v1,,,,,no_upstream_mapping,,,,,,,,no_upstream_mapping,,,
1302668,동해시(북평교),1302,1302665,동해시(원평교),,,2023-03-01,2024-08-31,1H,ccf_demean_full_v1,0.0,False,,0.0,missing_series_train_window,raw,,0.0,,,,,no_upstream_mapping,,,
1302670,강릉시(송림교),1302,,,,,2023-03-01,2024-08-31,1H,ccf_demean_full_v1,,,,,no_upstream_mapping,,,,,,,,no_upstream_mapping,,,
1303610,삼척시(남양촌교),1303,,,,,2023-03-01,2024-08-31,1H,ccf_demean_full_v1,,,,,no_upstream_mapping,,,,,,,,no_upstream_mapping,,,
1303640,삼척시(전두3교),1303,,,,,2023-03-01,2024-08-31,1H,ccf_demean_full_v1,,,,,no_upstream_mapping,,,,,,,,no_upstream_mapping,,,
1303645,삼척시(마차교),1303,1303640,삼척시(전두3교),,,2023-03-01,2024-08-31,1H,ccf_demean_full_v1,0.0,False,,0.0,missing_series_train_window,raw,,0.0,,,,,no_upstream_mapping,,,
1303650,삼척시(상정교),1303,1303645,삼척시(마차교),1303640,삼척시(전두3교),2023-03-01,2024-08-31,1H,ccf_demean_full_v1,0.0,False,,0.0,missing_series_train_window,raw,,0.0,0.0,False,,0.0,missing_series_train_window,raw,,0.0
1303680,삼척시(오십천교),1303,1303650,삼척시(상정교),1303645,삼척시(마차교),2023-03-01,2024-08-31,1H,ccf_demean_full_v1,0.0,False,,0.0,missing_series_train_window,raw,,0.0,0.0,False,,0.0,missing_series_train_window,raw,,0.0
