watershed4,obscd_a,korObs_a,obscd_b,korObs_b,mean_lag_h,std_lag_h,n_events
1001,1001690,영월군(영월대교),1001695,영월군(신촌교),-60.0,0.0,1
1001,1001670,영월군(거운교),1001695,영월군(신촌교),-59.0,0.0,1
1001,1001622,정선군(혈천교),1001695,영월군(신촌교),-54.0,0.0,1
1001,1001622,정선군(혈천교),1001650,정선군(삼거리교),-47.0,0.0,1
1001,1001623,정선군(오장2교),1001645,정선군(와평교),-47.0,0.0,1
1001,1001625,정선군(송천교),1001695,영월군(신촌교),-47.0,0.0,1
1001,1001623,정선군(오장2교),1001649,정선군(애산교),-46.0,0.0,1
1001,1001623,정선군(오장2교),1001695,영월군(신촌교),-46.0,0.0,1
1001,1001658,정선군(광하교),1001695,영월군(신촌교),-45.0,0.0,1
1001,1001622,정선군(혈천교),1001665,평창군(마하교),-44.0,0.0,1
1001,1001655,정선군(정선제1교),1001695,영월군(신촌교),-41.0,0.0,1
1001,1001625,정선군(송천교),1001650,정선군(삼거리교),-40.0,0.0,1
1001,1001623,정선군(오장2교),1001650,정선군(삼거리교),-39.0,0.0,1
1001,1001625,정선군(송천교),1001665,평창군(마하교),-37.0,0.0,1
1001,1001623,정선군(오장2교),1001665,평창군(마하교),-36.0,0.0,1
1001,1001658,정선군(광하교),1001665,평창군(마하교),-35.0,0.0,1
1001,1001630,정선군(나전교),1001695,영월군(신촌교),-34.0,0.0,1
1001,1001655,정선군(정선제1교),1001665,평창군(마하교),-31.0,0.0,1
1001,1001623,정선군(오장2교),1001660,정선군(낙동교),-29.0,0.0,1
1001,1001641,정선군(각희교),1001645,정선군(와평교),-28.0,0.0,1
1001,1001622,정선군(혈천교),1001641,정선군(각희교),-27.0,0.0,1
1001,1001630,정선군(나전교),1001650,정선군(삼거리교),-27.0,0.0,1
1001,1001641,정선군(각희교),1001649,정선군(애산교),-27.0,0.0,1
1001,1001641,정선군(각희교),1001695,영월군(신촌교),-27.0,0.0,1
1001,1001602,평창군(송정교),1001695,영월군(신촌교),-25.0,0.0,1
1001,1001626,정선군(제1여량교),1001695,영월군(신촌교),-24.0,0.0,1
1001,1001630,정선군(나전교),1001665,평창군(마하교),-24.0,0.0,1
1001,1001625,정선군(송천교),1001626,정선군(제1여량교),-23.8,26.84,5
1001,1001623,정선군(오장2교),1001629,정선군(남평대교),-23.0,0.0,1
1001,1001629,정선군(남평대교),1001695,영월군(신촌교),-23.0,0.0,1
1001,1001623,정선군(오장2교),1001626,정선군(제1여량교),-22.0,0.0,1
1001,1001625,정선군(송천교),1001641,정선군(각희교),-20.0,0.0,1
1001,1001641,정선군(각희교),1001650,정선군(삼거리교),-20.0,0.0,1
1001,1001620,정선군(송계교),1001695,영월군(신촌교),-19.0,0.0,1
1001,1001623,정선군(오장2교),1001641,정선군(각희교),-19.0,0.0,1
1001,1001602,평창군(송정교),1001650,정선군(삼거리교),-18.0,0.0,1
1001,1001622,정선군(혈천교),1001626,정선군(제1여량교),-17.2,22.31,5
1001,1001626,정선군(제1여량교),1001650,정선군(삼거리교),-17.0,0.0,1
1001,1001641,정선군(각희교),1001665,평창군(마하교),-17.0,0.0,1
1001,1001660,정선군(낙동교),1001695,영월군(신촌교),-17.0,0.0,1
1001,1001629,정선군(남평대교),1001650,정선군(삼거리교),-16.0,0.0,1
1001,1001602,평창군(송정교),1001626,정선군(제1여량교),-15.4,28.01,5
1001,1001602,평창군(송정교),1001665,평창군(마하교),-15.0,0.0,1
1001,1001620,정선군(송계교),1001626,정선군(제1여량교),-15.0,29.07,5
1001,1001626,정선군(제1여량교),1001665,평창군(마하교),-14.0,0.0,1
1001,1001629,정선군(남평대교),1001665,평창군(마하교),-13.0,0.0,1
1001,1001620,정선군(송계교),1001650,정선군(삼거리교),-12.0,0.0,1
1001,1001623,정선군(오장2교),1001630,정선군(나전교),-12.0,0.0,1
1001,1001645,정선군(와평교),1001655,정선군(정선제1교),-11.0,32.53,5
1001,1001649,정선군(애산교),1001655,정선군(정선제1교),-11.0,32.2,5
1001,1001641,정선군(각희교),1001660,정선군(낙동교),-10.0,0.0,1
1001,1001665,평창군(마하교),1001695,영월군(신촌교),-10.0,0.0,1
1001,1001645,정선군(와평교),1001658,정선군(광하교),-9.2,33.83,5
1001,1001649,정선군(애산교),1001658,정선군(광하교),-9.2,33.5,5
1001,1001620,정선군(송계교),1001665,평창군(마하교),-9.0,0.0,1
1001,1001622,정선군(혈천교),1001623,정선군(오장2교),-8.0,0.0,1
1001,1001630,정선군(나전교),1001641,정선군(각희교),-7.0,0.0,1
1001,1001650,정선군(삼거리교),1001695,영월군(신촌교),-7.0,0.0,1
1001,1001660,정선군(낙동교),1001665,평창군(마하교),-7.0,0.0,1
1001,1001629,정선군(남평대교),1001630,정선군(나전교),-5.6,9.29,5
1001,1001623,정선군(오장2교),1001655,정선군(정선제1교),-5.0,0.0,1
1001,1001625,정선군(송천교),1001630,정선군(나전교),-4.2,4.92,5
1001,1001670,영월군(거운교),1001690,영월군(영월대교),-2.0,2.74,5
1001,1001645,정선군(와평교),1001660,정선군(낙동교),-1.4,10.92,5
1001,1001649,정선군(애산교),1001660,정선군(낙동교),-1.4,10.43,5
1001,1001623,정선군(오장2교),1001658,정선군(광하교),-1.0,0.0,1
1001,1001629,정선군(남평대교),1001655,정선군(정선제1교),-0.8,10.55,5
1001,1001602,평창군(송정교),1001620,정선군(송계교),-0.4,3.13,5
1001,1001645,정선군(와평교),1001649,정선군(애산교),0.0,0.71,5
1001,1001649,정선군(애산교),1001695,영월군(신촌교),0.0,0.0,1
1001,1001625,정선군(송천교),1001655,정선군(정선제1교),0.6,3.71,5
1001,1001623,정선군(오장2교),1001625,정선군(송천교),1.0,0.0,1
1001,1001629,정선군(남평대교),1001658,정선군(광하교),1.0,11.81,5
1001,1001645,정선군(와평교),1001695,영월군(신촌교),1.0,0.0,1
1001,1001625,정선군(송천교),1001629,정선군(남평대교),1.4,14.21,5
1001,1001602,평창군(송정교),1001622,정선군(혈천교),1.8,37.22,5
1001,1001655,정선군(정선제1교),1001658,정선군(광하교),1.8,1.3,5
1001,1001602,평창군(송정교),1001641,정선군(각희교),2.0,0.0,1
1001,1001620,정선군(송계교),1001622,정선군(혈천교),2.2,38.61,5
1001,1001622,정선군(혈천교),1001630,정선군(나전교),2.4,36.21,5
1001,1001625,정선군(송천교),1001658,정선군(광하교),2.4,2.61,5
1001,1001626,정선군(제1여량교),1001641,정선군(각희교),3.0,0.0,1
1001,1001650,정선군(삼거리교),1001665,평창군(마하교),3.0,0.0,1
1001,1001629,정선군(남평대교),1001641,정선군(각희교),4.0,0.0,1
1001,1001602,평창군(송정교),1001630,정선군(나전교),4.2,2.68,5
1001,1001620,정선군(송계교),1001630,정선군(나전교),4.6,5.81,5
1001,1001630,정선군(나전교),1001655,정선군(정선제1교),4.8,1.3,5
1001,1001622,정선군(혈천교),1001625,정선군(송천교),6.6,34.82,5
1001,1001630,정선군(나전교),1001658,정선군(광하교),6.6,2.61,5
1001,1001649,정선군(애산교),1001650,정선군(삼거리교),7.0,0.0,1
1001,1001622,정선군(혈천교),1001655,정선군(정선제1교),7.2,35.69,5
1001,1001645,정선군(와평교),1001690,영월군(영월대교),7.4,30.41,5
1001,1001649,정선군(애산교),1001690,영월군(영월대교),7.4,29.94,5
1001,1001658,정선군(광하교),1001660,정선군(낙동교),7.8,23.63,5
1001,1001620,정선군(송계교),1001641,정선군(각희교),8.0,0.0,1
1001,1001622,정선군(혈천교),1001629,정선군(남평대교),8.0,40.48,5
1001,1001645,정선군(와평교),1001650,정선군(삼거리교),8.0,0.0,1
1001,1001602,평창군(송정교),1001625,정선군(송천교),8.4,7.6,5
1001,1001620,정선군(송계교),1001625,정선군(송천교),8.8,10.73,5
1001,1001629,정선군(남평대교),1001660,정선군(낙동교),8.8,13.97,5
1001,1001660,정선군(낙동교),1001690,영월군(영월대교),8.8,19.51,5
1001,1001602,평창군(송정교),1001655,정선군(정선제1교),9.0,3.94,5
1001,1001622,정선군(혈천교),1001658,정선군(광하교),9.0,35.21,5
1001,1001620,정선군(송계교),1001655,정선군(정선제1교),9.4,7.06,5
1001,1001645,정선군(와평교),1001670,영월군(거운교),9.4,28.45,5
1001,1001649,정선군(애산교),1001670,영월군(거운교),9.4,27.94,5
1001,1001655,정선군(정선제1교),1001660,정선군(낙동교),9.6,22.36,5
1001,1001602,평창군(송정교),1001629,정선군(남평대교),9.8,6.61,5
1001,1001649,정선군(애산교),1001665,평창군(마하교),10.0,0.0,1
1001,1001650,정선군(삼거리교),1001660,정선군(낙동교),10.0,0.0,1
1001,1001620,정선군(송계교),1001629,정선군(남평대교),10.2,3.49,5
1001,1001625,정선군(송천교),1001660,정선군(낙동교),10.2,25.33,5
1001,1001629,정선군(남평대교),1001645,정선군(와평교),10.2,22.87,5
1001,1001629,정선군(남평대교),1001649,정선군(애산교),10.2,22.65,5
1001,1001602,평창군(송정교),1001658,정선군(광하교),10.8,5.22,5
1001,1001660,정선군(낙동교),1001670,영월군(거운교),10.8,17.53,5
1001,1001645,정선군(와평교),1001665,평창군(마하교),11.0,0.0,1
1001,1001620,정선군(송계교),1001658,정선군(광하교),11.2,8.32,5
1001,1001625,정선군(송천교),1001645,정선군(와평교),11.6,35.76,5
1001,1001625,정선군(송천교),1001649,정선군(애산교),11.6,35.4,5
1001,1001623,정선군(오장2교),1001670,영월군(거운교),13.0,0.0,1
1001,1001623,정선군(오장2교),1001690,영월군(영월대교),14.0,0.0,1
1001,1001641,정선군(각희교),1001655,정선군(정선제1교),14.0,0.0,1
1001,1001630,정선군(나전교),1001660,정선군(낙동교),14.4,21.09,5
1001,1001630,정선군(나전교),1001645,정선군(와평교),15.8,31.23,5
1001,1001630,정선군(나전교),1001649,정선군(애산교),15.8,30.91,5
1001,1001658,정선군(광하교),1001690,영월군(영월대교),16.6,8.71,5
1001,1001622,정선군(혈천교),1001660,정선군(낙동교),16.8,49.25,5
1001,1001629,정선군(남평대교),1001690,영월군(영월대교),17.6,13.11,5
1001,1001641,정선군(각희교),1001658,정선군(광하교),18.0,0.0,1
1001,1001622,정선군(혈천교),1001645,정선군(와평교),18.2,57.03,5
1001,1001622,정선군(혈천교),1001649,정선군(애산교),18.2,56.81,5
1001,1001655,정선군(정선제1교),1001690,영월군(영월대교),18.4,8.23,5
1001,1001602,평창군(송정교),1001660,정선군(낙동교),18.6,18.92,5
1001,1001658,정선군(광하교),1001670,영월군(거운교),18.6,11.13,5
1001,1001620,정선군(송계교),1001660,정선군(낙동교),19.0,16.57,5
1001,1001625,정선군(송천교),1001690,영월군(영월대교),19.0,8.49,5
1001,1001626,정선군(제1여량교),1001630,정선군(나전교),19.6,27.36,5
1001,1001629,정선군(남평대교),1001670,영월군(거운교),19.6,13.22,5
1001,1001602,평창군(송정교),1001645,정선군(와평교),20.0,28.81,5
1001,1001602,평창군(송정교),1001649,정선군(애산교),20.0,28.51,5
1001,1001620,정선군(송계교),1001645,정선군(와평교),20.4,26.05,5
1001,1001620,정선군(송계교),1001649,정선군(애산교),20.4,25.79,5
1001,1001655,정선군(정선제1교),1001670,영월군(거운교),20.4,10.48,5
1001,1001602,평창군(송정교),1001623,정선군(오장2교),21.0,0.0,1
1001,1001625,정선군(송천교),1001670,영월군(거운교),21.0,11.16,5
1001,1001630,정선군(나전교),1001690,영월군(영월대교),23.2,7.95,5
1001,1001626,정선군(제1여량교),1001655,정선군(정선제1교),24.4,26.82,5
1001,1001626,정선군(제1여량교),1001629,정선군(남평대교),25.2,30.87,5
1001,1001630,정선군(나전교),1001670,영월군(거운교),25.2,9.96,5
1001,1001622,정선군(혈천교),1001690,영월군(영월대교),25.6,38.58,5
1001,1001626,정선군(제1여량교),1001658,정선군(광하교),26.2,26.33,5
1001,1001620,정선군(송계교),1001623,정선군(오장2교),27.0,0.0,1
1001,1001602,평창군(송정교),1001690,영월군(영월대교),27.4,8.88,5
1001,1001622,정선군(혈천교),1001670,영월군(거운교),27.6,40.11,5
1001,1001620,정선군(송계교),1001690,영월군(영월대교),27.8,10.73,5
1001,1001602,평창군(송정교),1001670,영월군(거운교),29.4,10.29,5
1001,1001620,정선군(송계교),1001670,영월군(거운교),29.8,11.48,5
1001,1001641,정선군(각희교),1001670,영월군(거운교),32.0,0.0,1
1001,1001641,정선군(각희교),1001690,영월군(영월대교),33.0,0.0,1
1001,1001626,정선군(제1여량교),1001660,정선군(낙동교),34.0,43.22,5
1001,1001650,정선군(삼거리교),1001655,정선군(정선제1교),34.0,0.0,1
1001,1001626,정선군(제1여량교),1001645,정선군(와평교),35.4,50.68,5
1001,1001626,정선군(제1여량교),1001649,정선군(애산교),35.4,50.6,5
1001,1001650,정선군(삼거리교),1001658,정선군(광하교),38.0,0.0,1
1001,1001626,정선군(제1여량교),1001690,영월군(영월대교),42.8,33.45,5
1001,1001626,정선군(제1여량교),1001670,영월군(거운교),44.8,35.54,5
1001,1001665,평창군(마하교),1001670,영월군(거운교),49.0,0.0,1
1001,1001665,평창군(마하교),1001690,영월군(영월대교),50.0,0.0,1
1001,1001650,정선군(삼거리교),1001670,영월군(거운교),52.0,0.0,1
1001,1001650,정선군(삼거리교),1001690,영월군(영월대교),53.0,0.0,1
1002,1002691,영월군(화병교),1002693,영월군(농공단지교),-36.0,0.0,1
1002,1002625,평창군(선애교),1002626,평창군(바이오교),-20.0,0.0,1
1002,1002625,평창군(선애교),1002636,평창군(하방림교),-19.0,0.0,1
1002,1002610,평창군(장평교),1002626,평창군(바이오교),-17.0,0.0,1
1002,1002615,평창군(진전교),1002626,평창군(바이오교),-17.0,0.0,1
1002,1002610,평창군(장평교),1002636,평창군(하방림교),-16.0,0.0,1
1002,1002615,평창군(진전교),1002636,평창군(하방림교),-16.0,0.0,1
1002,1002605,평창군(이목정교),1002626,평창군(바이오교),-15.0,0.0,1
1002,1002605,평창군(이목정교),1002636,평창군(하방림교),-14.0,0.0,1
1002,1002670,횡성군(둔방내리),1002693,영월군(농공단지교),-14.0,0.0,1
1002,1002670,횡성군(둔방내리),1002685,영월군(주천교),-12.0,0.0,1
1002,1002650,평창군(평창교),1002670,횡성군(둔방내리),-9.0,0.0,1
1002,1002670,횡성군(둔방내리),1002687,영월군(신천교),-6.0,0.0,1
1002,1002640,평창군(상방림교),1002670,횡성군(둔방내리),-5.0,0.0,1
1002,1002687,영월군(신천교),1002693,영월군(농공단지교),-3.4,2.88,5
1002,1002625,평창군(선애교),1002635,평창군(사초교),-3.0,7.87,5
1002,1002625,평창군(선애교),1002670,횡성군(둔방내리),-3.0,0.0,1
1002,1002650,평창군(평창교),1002675,횡성군(안흥교),-2.6,0.89,5
1002,1002635,평창군(사초교),1002636,평창군(하방림교),-2.0,0.0,1
1002,1002610,평창군(장평교),1002635,평창군(사초교),-1.0,7.28,5
1002,1002640,평창군(상방림교),1002675,횡성군(안흥교),-0.8,1.1,5
1002,1002685,영월군(주천교),1002693,영월군(농공단지교),-0.8,1.1,5
1002,1002615,평창군(진전교),1002635,평창군(사초교),-0.6,7.6,5
1002,1002605,평창군(이목정교),1002635,평창군(사초교),-0.4,6.54,5
1002,1002610,평창군(장평교),1002615,평창군(진전교),-0.4,0.89,5
1002,1002625,평창군(선애교),1002675,횡성군(안흥교),-0.4,1.95,5
1002,1002610,평창군(장평교),1002670,횡성군(둔방내리),0.0,0.0,1
1002,1002615,평창군(진전교),1002670,횡성군(둔방내리),0.0,0.0,1
1002,1002605,평창군(이목정교),1002615,평창군(진전교),0.2,1.1,5
1002,1002625,평창군(선애교),1002640,평창군(상방림교),0.4,0.89,5
1002,1002605,평창군(이목정교),1002610,평창군(장평교),0.6,0.89,5
1002,1002650,평창군(평창교),1002680,영월군(두학교),0.8,1.79,5
1002,1002626,평창군(바이오교),1002636,평창군(하방림교),1.0,0.0,1
1002,1002610,평창군(장평교),1002675,횡성군(안흥교),1.6,2.61,5
1002,1002640,평창군(상방림교),1002650,평창군(평창교),1.8,1.3,5
1002,1002605,평창군(이목정교),1002670,횡성군(둔방내리),2.0,0.0,1
1002,1002610,평창군(장평교),1002625,평창군(선애교),2.0,0.71,5
1002,1002615,평창군(진전교),1002675,횡성군(안흥교),2.0,2.24,5
1002,1002636,평창군(하방림교),1002693,영월군(농공단지교),2.0,0.0,1
1002,1002605,평창군(이목정교),1002675,횡성군(안흥교),2.2,3.27,5
1002,1002625,평창군(선애교),1002650,평창군(평창교),2.2,2.17,5
1002,1002610,평창군(장평교),1002640,평창군(상방림교),2.4,1.52,5
1002,1002615,평창군(진전교),1002625,평창군(선애교),2.4,0.55,5
1002,1002605,평창군(이목정교),1002625,평창군(선애교),2.6,1.34,5
1002,1002635,평창군(사초교),1002675,횡성군(안흥교),2.6,9.81,5
1002,1002640,평창군(상방림교),1002680,영월군(두학교),2.6,2.61,5
1002,1002685,영월군(주천교),1002687,영월군(신천교),2.6,1.95,5
1002,1002615,평창군(진전교),1002640,평창군(상방림교),2.8,1.3,5
1002,1002605,평창군(이목정교),1002640,평창군(상방림교),3.0,2.24,5
1002,1002625,평창군(선애교),1002680,영월군(두학교),3.0,3.46,5
1002,1002626,평창군(바이오교),1002635,평창군(사초교),3.0,0.0,1
1002,1002626,평창군(바이오교),1002693,영월군(농공단지교),3.0,0.0,1
1002,1002691,영월군(화병교),1002698,영월군(팔괴교),3.0,0.0,1
1002,1002635,평창군(사초교),1002640,평창군(상방림교),3.4,8.76,5
1002,1002675,횡성군(안흥교),1002680,영월군(두학교),3.4,1.52,5
1002,1002636,평창군(하방림교),1002685,영월군(주천교),4.0,0.0,1
1002,1002610,평창군(장평교),1002650,평창군(평창교),4.2,2.68,5
1002,1002615,평창군(진전교),1002650,평창군(평창교),4.6,2.61,5
1002,1002605,평창군(이목정교),1002650,평창군(평창교),4.8,3.49,5
1002,1002610,평창군(장평교),1002680,영월군(두학교),5.0,4.12,5
1002,1002626,평창군(바이오교),1002685,영월군(주천교),5.0,0.0,1
1002,1002635,평창군(사초교),1002650,평창군(평창교),5.2,9.96,5
1002,1002615,평창군(진전교),1002680,영월군(두학교),5.4,3.71,5
1002,1002605,평창군(이목정교),1002680,영월군(두학교),5.6,4.77,5
1002,1002635,평창군(사초교),1002680,영월군(두학교),6.0,11.31,5
1002,1002670,횡성군(둔방내리),1002675,횡성군(안흥교),6.0,0.0,1
1002,1002687,영월군(신천교),1002698,영월군(팔괴교),9.2,12.26,5
1002,1002636,평창군(하방림교),1002687,영월군(신천교),10.0,0.0,1
1002,1002680,영월군(두학교),1002691,영월군(화병교),10.0,0.0,1
1002,1002680,영월군(두학교),1002693,영월군(농공단지교),10.4,22.47,5
1002,1002626,평창군(바이오교),1002687,영월군(신천교),11.0,0.0,1
1002,1002650,평창군(평창교),1002693,영월군(농공단지교),11.2,21.97,5
1002,1002680,영월군(두학교),1002685,영월군(주천교),11.2,22.25,5
1002,1002685,영월군(주천교),1002698,영월군(팔괴교),11.8,14.11,5
1002,1002650,평창군(평창교),1002685,영월군(주천교),12.0,21.84,5
1002,1002670,횡성군(둔방내리),1002680,영월군(두학교),12.0,0.0,1
1002,1002693,영월군(농공단지교),1002698,영월군(팔괴교),12.6,14.76,5
1002,1002640,평창군(상방림교),1002693,영월군(농공단지교),13.0,20.69,5
1002,1002650,평창군(평창교),1002691,영월군(화병교),13.0,0.0,1
1002,1002625,평창군(선애교),1002693,영월군(농공단지교),13.4,19.92,5
1002,1002640,평창군(상방림교),1002685,영월군(주천교),13.8,20.57,5
1002,1002675,횡성군(안흥교),1002693,영월군(농공단지교),13.8,21.36,5
1002,1002680,영월군(두학교),1002687,영월군(신천교),13.8,20.81,5
1002,1002635,평창군(사초교),1002670,횡성군(둔방내리),14.0,0.0,1
1002,1002625,평창군(선애교),1002685,영월군(주천교),14.2,19.83,5
1002,1002650,평창군(평창교),1002687,영월군(신천교),14.6,20.51,5
1002,1002675,횡성군(안흥교),1002685,영월군(주천교),14.6,21.2,5
1002,1002610,평창군(장평교),1002693,영월군(농공단지교),15.4,19.68,5
1002,1002615,평창군(진전교),1002693,영월군(농공단지교),15.8,19.41,5
1002,1002605,평창군(이목정교),1002693,영월군(농공단지교),16.0,18.79,5
1002,1002636,평창군(하방림교),1002670,횡성군(둔방내리),16.0,0.0,1
1002,1002675,횡성군(안흥교),1002691,영월군(화병교),16.0,0.0,1
1002,1002610,평창군(장평교),1002685,영월군(주천교),16.2,19.63,5
1002,1002635,평창군(사초교),1002693,영월군(농공단지교),16.4,14.52,5
1002,1002640,평창군(상방림교),1002687,영월군(신천교),16.4,19.27,5
1002,1002615,평창군(진전교),1002685,영월군(주천교),16.6,19.31,5
1002,1002605,평창군(이목정교),1002685,영월군(주천교),16.8,18.74,5
1002,1002625,평창군(선애교),1002687,영월군(신천교),16.8,18.57,5
1002,1002626,평창군(바이오교),1002670,횡성군(둔방내리),17.0,0.0,1
1002,1002640,평창군(상방림교),1002691,영월군(화병교),17.0,0.0,1
1002,1002635,평창군(사초교),1002685,영월군(주천교),17.2,14.81,5
1002,1002675,횡성군(안흥교),1002687,영월군(신천교),17.2,19.83,5
1002,1002610,평창군(장평교),1002687,영월군(신천교),18.8,18.42,5
1002,1002625,평창군(선애교),1002691,영월군(화병교),19.0,0.0,1
1002,1002615,평창군(진전교),1002687,영월군(신천교),19.2,18.03,5
1002,1002605,평창군(이목정교),1002687,영월군(신천교),19.4,17.54,5
1002,1002635,평창군(사초교),1002687,영월군(신천교),19.8,14.18,5
1002,1002636,평창군(하방림교),1002640,평창군(상방림교),21.0,0.0,1
1002,1002610,평창군(장평교),1002691,영월군(화병교),22.0,0.0,1
1002,1002615,평창군(진전교),1002691,영월군(화병교),22.0,0.0,1
1002,1002626,평창군(바이오교),1002640,평창군(상방림교),22.0,0.0,1
1002,1002636,평창군(하방림교),1002675,횡성군(안흥교),22.0,0.0,1
1002,1002670,횡성군(둔방내리),1002691,영월군(화병교),22.0,0.0,1
1002,1002626,평창군(바이오교),1002675,횡성군(안흥교),23.0,0.0,1
1002,1002680,영월군(두학교),1002698,영월군(팔괴교),23.0,11.05,5
1002,1002650,평창군(평창교),1002698,영월군(팔괴교),23.8,11.67,5
1002,1002605,평창군(이목정교),1002691,영월군(화병교),24.0,0.0,1
1002,1002636,평창군(하방림교),1002650,평창군(평창교),25.0,0.0,1
1002,1002670,횡성군(둔방내리),1002698,영월군(팔괴교),25.0,0.0,1
1002,1002640,평창군(상방림교),1002698,영월군(팔괴교),25.6,10.85,5
1002,1002625,평창군(선애교),1002698,영월군(팔괴교),26.0,10.63,5
1002,1002626,평창군(바이오교),1002650,평창군(평창교),26.0,0.0,1
1002,1002675,횡성군(안흥교),1002698,영월군(팔괴교),26.4,10.78,5
1002,1002610,평창군(장평교),1002698,영월군(팔괴교),28.0,10.95,5
1002,1002636,평창군(하방림교),1002680,영월군(두학교),28.0,0.0,1
1002,1002687,영월군(신천교),1002691,영월군(화병교),28.0,0.0,1
1002,1002615,평창군(진전교),1002698,영월군(팔괴교),28.4,10.14,5
1002,1002605,평창군(이목정교),1002698,영월군(팔괴교),28.6,10.43,5
1002,1002626,평창군(바이오교),1002680,영월군(두학교),29.0,0.0,1
1002,1002635,평창군(사초교),1002698,영월군(팔괴교),29.0,12.57,5
1002,1002685,영월군(주천교),1002691,영월군(화병교),34.0,0.0,1
1002,1002635,평창군(사초교),1002691,영월군(화병교),36.0,0.0,1
1002,1002636,평창군(하방림교),1002691,영월군(화병교),38.0,0.0,1
1002,1002626,평창군(바이오교),1002691,영월군(화병교),39.0,0.0,1
1002,1002636,평창군(하방림교),1002698,영월군(팔괴교),41.0,0.0,1
1002,1002626,평창군(바이오교),1002698,영월군(팔괴교),42.0,0.0,1
1003,1003642,단양군(덕천교),1003654,제천시(송계교),-94.0,0.0,1
1003,1003636,단양군(가대교),1003654,제천시(송계교),-93.0,0.0,1
1003,1003625,영월군(각동교),1003654,제천시(송계교),-88.0,0.0,1
1003,1003645,단양군(단양1교),1003654,제천시(송계교),-63.0,0.0,1
1003,1003625,영월군(각동교),1003626,단양군(들골교),-60.0,0.0,1
1003,1003625,영월군(각동교),1003657,제천시(강저3교),-58.0,0.0,1
1003,1003625,영월군(각동교),1003661,제천시(구곡교),-56.0,0.0,1
1003,1003625,영월군(각동교),1003658,제천시(부수동교),-55.0,0.0,1
1003,1003625,영월군(각동교),1003660,제천시(팔송교),-53.0,0.0,1
1003,1003642,단양군(덕천교),1003652,제천시(덕동교),-53.0,0.0,1
1003,1003642,단양군(덕천교),1003667,제천시(용암교),-53.0,0.0,1
1003,1003636,단양군(가대교),1003652,제천시(덕동교),-52.0,0.0,1
1003,1003636,단양군(가대교),1003667,제천시(용암교),-52.0,0.0,1
1003,1003625,영월군(각동교),1003652,제천시(덕동교),-47.0,0.0,1
1003,1003625,영월군(각동교),1003667,제천시(용암교),-47.0,0.0,1
1003,1003601,영월군(주채교),1003605,영월군(충혼교),-42.0,0.0,1
1003,1003601,영월군(주채교),1003620,영월군(옥동교),-42.0,0.0,1
1003,1003601,영월군(주채교),1003654,제천시(송계교),-42.0,0.0,1
1003,1003603,영월군(내리2교),1003605,영월군(충혼교),-42.0,0.0,1
1003,1003603,영월군(내리2교),1003620,영월군(옥동교),-42.0,0.0,1
1003,1003603,영월군(내리2교),1003654,제천시(송계교),-42.0,0.0,1
1003,1003652,제천시(덕동교),1003654,제천시(송계교),-41.0,0.0,1
1003,1003642,단양군(덕천교),1003645,단양군(단양1교),-39.6,34.48,5
1003,1003636,단양군(가대교),1003645,단양군(단양1교),-38.6,34.48,5
1003,1003626,단양군(들골교),1003654,제천시(송계교),-28.0,0.0,1
1003,1003625,영월군(각동교),1003645,단양군(단양1교),-25.0,0.0,1
1003,1003642,단양군(덕천교),1003657,제천시(강저3교),-22.6,23.15,5
1003,1003642,단양군(덕천교),1003658,제천시(부수동교),-22.0,21.81,5
1003,1003645,단양군(단양1교),1003652,제천시(덕동교),-22.0,0.0,1
1003,1003645,단양군(단양1교),1003667,제천시(용암교),-22.0,0.0,1
1003,1003636,단양군(가대교),1003657,제천시(강저3교),-21.6,23.15,5
1003,1003636,단양군(가대교),1003658,제천시(부수동교),-21.0,21.81,5
1003,1003642,단양군(덕천교),1003661,제천시(구곡교),-20.8,23.05,5
1003,1003642,단양군(덕천교),1003660,제천시(팔송교),-20.4,21.62,5
1003,1003636,단양군(가대교),1003661,제천시(구곡교),-19.8,23.05,5
1003,1003636,단양군(가대교),1003660,제천시(팔송교),-19.4,21.62,5
1003,1003601,영월군(주채교),1003626,단양군(들골교),-14.0,0.0,1
1003,1003603,영월군(내리2교),1003626,단양군(들골교),-14.0,0.0,1
1003,1003601,영월군(주채교),1003657,제천시(강저3교),-12.0,0.0,1
1003,1003603,영월군(내리2교),1003657,제천시(강저3교),-12.0,0.0,1
1003,1003652,제천시(덕동교),1003657,제천시(강저3교),-11.0,0.0,1
1003,1003601,영월군(주채교),1003661,제천시(구곡교),-10.0,0.0,1
1003,1003603,영월군(내리2교),1003661,제천시(구곡교),-10.0,0.0,1
1003,1003601,영월군(주채교),1003658,제천시(부수동교),-9.0,0.0,1
1003,1003603,영월군(내리2교),1003658,제천시(부수동교),-9.0,0.0,1
1003,1003652,제천시(덕동교),1003661,제천시(구곡교),-9.0,0.0,1
1003,1003652,제천시(덕동교),1003658,제천시(부수동교),-8.0,0.0,1
1003,1003601,영월군(주채교),1003660,제천시(팔송교),-7.0,0.0,1
1003,1003603,영월군(내리2교),1003660,제천시(팔송교),-7.0,0.0,1
1003,1003652,제천시(덕동교),1003660,제천시(팔송교),-6.0,0.0,1
1003,1003601,영월군(주채교),1003652,제천시(덕동교),-1.0,0.0,1
1003,1003601,영월군(주채교),1003667,제천시(용암교),-1.0,0.0,1
1003,1003603,영월군(내리2교),1003652,제천시(덕동교),-1.0,0.0,1
1003,1003603,영월군(내리2교),1003667,제천시(용암교),-1.0,0.0,1
1003,1003660,제천시(팔송교),1003661,제천시(구곡교),-0.4,1.52,5
1003,1003601,영월군(주채교),1003603,영월군(내리2교),0.0,0.0,1
1003,1003605,영월군(충혼교),1003654,제천시(송계교),0.0,0.0,1
1003,1003620,영월군(옥동교),1003654,제천시(송계교),0.0,0.0,1
1003,1003652,제천시(덕동교),1003667,제천시(용암교),0.0,0.0,1
1003,1003605,영월군(충혼교),1003620,영월군(옥동교),0.2,0.45,5
1003,1003657,제천시(강저3교),1003658,제천시(부수동교),0.6,1.34,5
1003,1003636,단양군(가대교),1003642,단양군(덕천교),1.0,0.0,5
1003,1003658,제천시(부수동교),1003661,제천시(구곡교),1.2,1.3,5
1003,1003658,제천시(부수동교),1003660,제천시(팔송교),1.6,0.89,5
1003,1003657,제천시(강저3교),1003661,제천시(구곡교),1.8,0.45,5
1003,1003626,단양군(들골교),1003657,제천시(강저3교),2.0,0.0,1
1003,1003657,제천시(강저3교),1003660,제천시(팔송교),2.2,1.79,5
1003,1003626,단양군(들골교),1003661,제천시(구곡교),4.0,0.0,1
1003,1003625,영월군(각동교),1003636,단양군(가대교),5.0,0.0,1
1003,1003626,단양군(들골교),1003658,제천시(부수동교),5.0,0.0,1
1003,1003625,영월군(각동교),1003642,단양군(덕천교),6.0,0.0,1
1003,1003660,제천시(팔송교),1003667,제천시(용암교),6.0,0.0,1
1003,1003626,단양군(들골교),1003660,제천시(팔송교),7.0,0.0,1
1003,1003658,제천시(부수동교),1003667,제천시(용암교),8.0,0.0,1
1003,1003661,제천시(구곡교),1003667,제천시(용암교),9.0,0.0,1
1003,1003657,제천시(강저3교),1003667,제천시(용암교),11.0,0.0,1
1003,1003626,단양군(들골교),1003652,제천시(덕동교),13.0,0.0,1
1003,1003626,단양군(들골교),1003667,제천시(용암교),13.0,0.0,1
1003,1003645,단양군(단양1교),1003657,제천시(강저3교),17.0,44.3,5
1003,1003645,단양군(단양1교),1003658,제천시(부수동교),17.6,43.47,5
1003,1003645,단양군(단양1교),1003661,제천시(구곡교),18.8,44.41,5
1003,1003645,단양군(단양1교),1003660,제천시(팔송교),19.2,43.7,5
1003,1003601,영월군(주채교),1003645,단양군(단양1교),21.0,0.0,1
1003,1003603,영월군(내리2교),1003645,단양군(단양1교),21.0,0.0,1
1003,1003620,영월군(옥동교),1003645,단양군(단양1교),21.4,28.59,5
1003,1003605,영월군(충혼교),1003645,단양군(단양1교),21.6,28.47,5
1003,1003605,영월군(충혼교),1003626,단양군(들골교),28.0,0.0,1
1003,1003620,영월군(옥동교),1003626,단양군(들골교),28.0,0.0,1
1003,1003654,제천시(송계교),1003657,제천시(강저3교),30.0,0.0,1
1003,1003654,제천시(송계교),1003661,제천시(구곡교),32.0,0.0,1
1003,1003654,제천시(송계교),1003658,제천시(부수동교),33.0,0.0,1
1003,1003626,단양군(들골교),1003645,단양군(단양1교),35.0,0.0,1
1003,1003654,제천시(송계교),1003660,제천시(팔송교),35.0,0.0,1
1003,1003620,영월군(옥동교),1003657,제천시(강저3교),38.4,29.89,5
1003,1003605,영월군(충혼교),1003657,제천시(강저3교),38.6,30.05,5
1003,1003620,영월군(옥동교),1003658,제천시(부수동교),39.0,29.71,5
1003,1003605,영월군(충혼교),1003658,제천시(부수동교),39.2,29.86,5
1003,1003620,영월군(옥동교),1003661,제천시(구곡교),40.2,30.24,5
1003,1003605,영월군(충혼교),1003661,제천시(구곡교),40.4,30.4,5
1003,1003620,영월군(옥동교),1003660,제천시(팔송교),40.6,30.44,5
1003,1003605,영월군(충혼교),1003660,제천시(팔송교),40.8,30.59,5
1003,1003605,영월군(충혼교),1003652,제천시(덕동교),41.0,0.0,1
1003,1003605,영월군(충혼교),1003667,제천시(용암교),41.0,0.0,1
1003,1003620,영월군(옥동교),1003652,제천시(덕동교),41.0,0.0,1
1003,1003620,영월군(옥동교),1003667,제천시(용암교),41.0,0.0,1
1003,1003654,제천시(송계교),1003667,제천시(용암교),41.0,0.0,1
1003,1003601,영월군(주채교),1003625,영월군(각동교),46.0,0.0,1
1003,1003603,영월군(내리2교),1003625,영월군(각동교),46.0,0.0,1
1003,1003601,영월군(주채교),1003636,단양군(가대교),51.0,0.0,1
1003,1003603,영월군(내리2교),1003636,단양군(가대교),51.0,0.0,1
1003,1003601,영월군(주채교),1003642,단양군(덕천교),52.0,0.0,1
1003,1003603,영월군(내리2교),1003642,단양군(덕천교),52.0,0.0,1
1003,1003620,영월군(옥동교),1003636,단양군(가대교),60.0,34.49,5
1003,1003605,영월군(충혼교),1003636,단양군(가대교),60.2,34.55,5
1003,1003620,영월군(옥동교),1003642,단양군(덕천교),61.0,34.49,5
1003,1003605,영월군(충혼교),1003642,단양군(덕천교),61.2,34.55,5
1003,1003626,단양군(들골교),1003636,단양군(가대교),65.0,0.0,1
1003,1003626,단양군(들골교),1003642,단양군(덕천교),66.0,0.0,1
1003,1003605,영월군(충혼교),1003625,영월군(각동교),88.0,0.0,1
1003,1003620,영월군(옥동교),1003625,영월군(각동교),88.0,0.0,1
1004,1004694,충주시(주덕교),1005605,충주시(탄금교),-44.0,0.0,1
1004,1004696,충주시(봉계교),1005605,충주시(탄금교),-43.0,0.0,1
1004,1004620,청주시(옥화1교),1004631,괴산군(월문교),-40.0,0.0,1
1004,1004616,청주시(청석굴교),1004631,괴산군(월문교),-38.0,0.0,1
1004,1004640,괴산군(적석교),1004670,괴산군(추산교),-32.0,0.0,1
1004,1004646,괴산군(비도교),1004680,충주시(문강교),-31.0,52.32,5
1004,1004646,괴산군(비도교),1004661,괴산군(제2괴산교),-29.2,48.67,5
1004,1004620,청주시(옥화1교),1004640,괴산군(적석교),-29.0,0.0,1
1004,1004646,괴산군(비도교),1004670,괴산군(추산교),-28.4,50.4,5
1004,1004620,청주시(옥화1교),1004680,충주시(문강교),-27.4,44.19,5
1004,1004616,청주시(청석굴교),1004640,괴산군(적석교),-27.0,0.0,1
1004,1004616,청주시(청석굴교),1004680,충주시(문강교),-26.2,44.05,5
1004,1004620,청주시(옥화1교),1004661,괴산군(제2괴산교),-25.6,32.55,5
1004,1004620,청주시(옥화1교),1004670,괴산군(추산교),-24.8,45.04,5
1004,1004616,청주시(청석굴교),1004661,괴산군(제2괴산교),-24.4,32.72,5
1004,1004645,괴산군(수전교),1004680,충주시(문강교),-24.2,46.31,5
1004,1004616,청주시(청석굴교),1004670,괴산군(추산교),-23.6,44.84,5
1004,1004640,괴산군(적석교),1004680,충주시(문강교),-23.0,0.0,1
1004,1004645,괴산군(수전교),1004661,괴산군(제2괴산교),-22.4,44.97,5
1004,1004645,괴산군(수전교),1004670,괴산군(추산교),-21.6,44.42,5
1004,1004631,괴산군(월문교),1004670,괴산군(추산교),-21.0,0.0,1
1004,1004640,괴산군(적석교),1005605,충주시(탄금교),-19.0,0.0,1
1004,1004646,괴산군(비도교),1004693,괴산군(목도교),-18.2,41.94,5
1004,1004646,괴산군(비도교),1005605,충주시(탄금교),-15.4,46.94,5
1004,1004620,청주시(옥화1교),1004693,괴산군(목도교),-14.6,36.83,5
1004,1004616,청주시(청석굴교),1004693,괴산군(목도교),-13.4,36.76,5
1004,1004631,괴산군(월문교),1004680,충주시(문강교),-12.0,0.0,1
1004,1004620,청주시(옥화1교),1005605,충주시(탄금교),-11.8,46.65,5
1004,1004645,괴산군(수전교),1004693,괴산군(목도교),-11.4,39.39,5
1004,1004646,괴산군(비도교),1004695,충주시(국원대교),-11.0,51.23,5
1004,1004616,청주시(청석굴교),1005605,충주시(탄금교),-10.6,46.46,5
1004,1004645,괴산군(수전교),1005605,충주시(탄금교),-8.6,44.12,5
1004,1004631,괴산군(월문교),1005605,충주시(탄금교),-8.0,0.0,1
1004,1004620,청주시(옥화1교),1004695,충주시(국원대교),-7.4,39.88,5
1004,1004616,청주시(청석굴교),1004695,충주시(국원대교),-6.2,39.92,5
1004,1004620,청주시(옥화1교),1004696,충주시(봉계교),-5.0,0.0,1
1004,1004695,충주시(국원대교),1005605,충주시(탄금교),-4.4,35.57,5
1004,1004645,괴산군(수전교),1004695,충주시(국원대교),-4.2,47.11,5
1004,1004620,청주시(옥화1교),1004694,충주시(주덕교),-4.0,0.0,1
1004,1004620,청주시(옥화1교),1004645,괴산군(수전교),-3.2,16.92,5
1004,1004616,청주시(청석굴교),1004696,충주시(봉계교),-3.0,0.0,1
1004,1004640,괴산군(적석교),1004645,괴산군(수전교),-3.0,0.0,1
1004,1004695,충주시(국원대교),1004696,충주시(봉계교),-3.0,0.0,1
1004,1004670,괴산군(추산교),1004680,충주시(문강교),-2.6,10.16,5
1004,1004616,청주시(청석굴교),1004645,괴산군(수전교),-2.0,16.49,5
1004,1004616,청주시(청석굴교),1004694,충주시(주덕교),-2.0,0.0,1
1004,1004661,괴산군(제2괴산교),1004680,충주시(문강교),-1.8,30.55,5
1004,1004661,괴산군(제2괴산교),1004696,충주시(봉계교),-1.0,0.0,1
1004,1004694,충주시(주덕교),1004696,충주시(봉계교),-1.0,0.0,1
1004,1004661,괴산군(제2괴산교),1004694,충주시(주덕교),0.0,0.0,1
1004,1004661,괴산군(제2괴산교),1004670,괴산군(추산교),0.8,35.84,5
1004,1004616,청주시(청석굴교),1004620,청주시(옥화1교),1.2,0.45,5
1004,1004694,충주시(주덕교),1004695,충주시(국원대교),2.0,0.0,1
1004,1004693,괴산군(목도교),1005605,충주시(탄금교),2.8,15.59,5
1004,1004640,괴산군(적석교),1004693,괴산군(목도교),3.0,0.0,1
1004,1004620,청주시(옥화1교),1004646,괴산군(비도교),3.6,18.05,5
1004,1004616,청주시(청석굴교),1004646,괴산군(비도교),4.8,17.7,5
1004,1004645,괴산군(수전교),1004646,괴산군(비도교),6.8,6.42,5
1004,1004640,괴산군(적석교),1004646,괴산군(비도교),7.0,0.0,1
1004,1004693,괴산군(목도교),1004695,충주시(국원대교),7.2,24.24,5
1004,1004631,괴산군(월문교),1004645,괴산군(수전교),8.0,0.0,1
1004,1004670,괴산군(추산교),1004693,괴산군(목도교),10.2,35.07,5
1004,1004631,괴산군(월문교),1004640,괴산군(적석교),11.0,0.0,1
1004,1004661,괴산군(제2괴산교),1004693,괴산군(목도교),11.0,36.12,5
1004,1004680,충주시(문강교),1004693,괴산군(목도교),12.8,40.03,5
1004,1004670,괴산군(추산교),1005605,충주시(탄금교),13.0,36.89,5
1004,1004661,괴산군(제2괴산교),1005605,충주시(탄금교),13.8,48.07,5
1004,1004631,괴산군(월문교),1004693,괴산군(목도교),14.0,0.0,1
1004,1004680,충주시(문강교),1005605,충주시(탄금교),15.6,44.55,5
1004,1004646,괴산군(비도교),1004696,충주시(봉계교),17.0,0.0,1
1004,1004670,괴산군(추산교),1004695,충주시(국원대교),17.4,25.97,5
1004,1004631,괴산군(월문교),1004646,괴산군(비도교),18.0,0.0,1
1004,1004646,괴산군(비도교),1004694,충주시(주덕교),18.0,0.0,1
1004,1004661,괴산군(제2괴산교),1004695,충주시(국원대교),18.2,22.37,5
1004,1004680,충주시(문강교),1004695,충주시(국원대교),20.0,25.62,5
1004,1004693,괴산군(목도교),1004696,충주시(봉계교),21.0,0.0,1
1004,1004693,괴산군(목도교),1004694,충주시(주덕교),22.0,0.0,1
1004,1004640,괴산군(적석교),1004696,충주시(봉계교),24.0,0.0,1
1004,1004640,괴산군(적석교),1004661,괴산군(제2괴산교),25.0,0.0,1
1004,1004640,괴산군(적석교),1004694,충주시(주덕교),25.0,0.0,1
1004,1004640,괴산군(적석교),1004695,충주시(국원대교),27.0,0.0,1
1004,1004645,괴산군(수전교),1004696,충주시(봉계교),27.0,0.0,1
1004,1004645,괴산군(수전교),1004694,충주시(주덕교),28.0,0.0,1
1004,1004631,괴산군(월문교),1004696,충주시(봉계교),35.0,0.0,1
1004,1004631,괴산군(월문교),1004661,괴산군(제2괴산교),36.0,0.0,1
1004,1004631,괴산군(월문교),1004694,충주시(주덕교),36.0,0.0,1
1004,1004631,괴산군(월문교),1004695,충주시(국원대교),38.0,0.0,1
1004,1004680,충주시(문강교),1004696,충주시(봉계교),47.0,0.0,1
1004,1004680,충주시(문강교),1004694,충주시(주덕교),48.0,0.0,1
1004,1004670,괴산군(추산교),1004696,충주시(봉계교),56.0,0.0,1
1004,1004670,괴산군(추산교),1004694,충주시(주덕교),57.0,0.0,1
1005,1005660,충주시(세포교),1005695,원주시(법천교),0.0,0.0,1
1005,1005660,충주시(세포교),1005697,원주시(남한강대교),0.0,0.0,1
1005,1005640,충주시(목계교),1005650,충주시(능암교),1.0,0.0,1
1005,1005650,충주시(능암교),1005660,충주시(세포교),1.0,0.0,1
1005,1005650,충주시(능암교),1005695,원주시(법천교),1.0,0.0,1
1005,1005650,충주시(능암교),1005697,원주시(남한강대교),1.0,0.0,1
1005,1005640,충주시(목계교),1005660,충주시(세포교),2.0,0.0,1
1005,1005695,원주시(법천교),1005697,원주시(남한강대교),4.8,3.19,5
1005,1005640,충주시(목계교),1005695,원주시(법천교),33.4,28.02,5
1005,1005640,충주시(목계교),1005697,원주시(남한강대교),38.2,29.21,5
1006,1006677,원주시(판대2교),1006685,원주시(봉미교),-30.0,0.0,1
1006,1006628,횡성군(청곡교),1006665,원주시(원주교),-28.0,0.0,1
1006,1006628,횡성군(청곡교),1006666,원주시(가현교),-27.0,0.0,1
1006,1006628,횡성군(청곡교),1006685,원주시(봉미교),-27.0,0.0,1
1006,1006628,횡성군(청곡교),1006660,횡성군(전천교),-23.0,0.0,1
1006,1006680,원주시(지정대교),1006685,원주시(봉미교),-9.0,14.56,5
1006,1006650,횡성군(횡성교),1006665,원주시(원주교),-8.0,12.86,5
1006,1006630,횡성군(오산교),1006665,원주시(원주교),-7.6,11.97,5
1006,1006670,원주시(옥산교),1006685,원주시(봉미교),-7.4,14.42,5
1006,1006672,원주시(장현교),1006685,원주시(봉미교),-7.4,14.42,5
1006,1006650,횡성군(횡성교),1006666,원주시(가현교),-7.2,12.77,5
1006,1006650,횡성군(횡성교),1006685,원주시(봉미교),-7.2,12.77,5
1006,1006630,횡성군(오산교),1006666,원주시(가현교),-6.8,11.88,5
1006,1006630,횡성군(오산교),1006685,원주시(봉미교),-6.8,11.88,5
1006,1006650,횡성군(횡성교),1006660,횡성군(전천교),-6.6,10.85,5
1006,1006630,횡성군(오산교),1006660,횡성군(전천교),-6.2,9.96,5
1006,1006670,원주시(옥산교),1006677,원주시(판대2교),-3.0,0.0,1
1006,1006672,원주시(장현교),1006677,원주시(판대2교),-3.0,0.0,1
1006,1006660,횡성군(전천교),1006665,원주시(원주교),-1.4,2.19,5
1006,1006660,횡성군(전천교),1006666,원주시(가현교),-0.6,2.3,5
1006,1006660,횡성군(전천교),1006685,원주시(봉미교),-0.6,2.3,5
1006,1006650,횡성군(횡성교),1006677,원주시(판대2교),0.0,0.0,1
1006,1006666,원주시(가현교),1006685,원주시(봉미교),0.0,0.0,5
1006,1006670,원주시(옥산교),1006672,원주시(장현교),0.0,0.0,5
1006,1006650,횡성군(횡성교),1006670,원주시(옥산교),0.2,1.79,5
1006,1006650,횡성군(횡성교),1006672,원주시(장현교),0.2,1.79,5
1006,1006630,횡성군(오산교),1006650,횡성군(횡성교),0.4,0.89,5
1006,1006630,횡성군(오산교),1006670,원주시(옥산교),0.6,2.61,5
1006,1006630,횡성군(오산교),1006672,원주시(장현교),0.6,2.61,5
1006,1006665,원주시(원주교),1006666,원주시(가현교),0.8,0.45,5
1006,1006665,원주시(원주교),1006685,원주시(봉미교),0.8,0.45,5
1006,1006680,원주시(지정대교),1006690,원주시(문막교),0.8,1.1,5
1006,1006628,횡성군(청곡교),1006630,횡성군(오산교),1.0,0.0,1
1006,1006670,원주시(옥산교),1006680,원주시(지정대교),1.6,0.89,5
1006,1006672,원주시(장현교),1006680,원주시(지정대교),1.6,0.89,5
1006,1006650,횡성군(횡성교),1006680,원주시(지정대교),1.8,1.79,5
1006,1006630,횡성군(오산교),1006677,원주시(판대2교),2.0,0.0,1
1006,1006630,횡성군(오산교),1006680,원주시(지정대교),2.2,2.68,5
1006,1006670,원주시(옥산교),1006690,원주시(문막교),2.4,1.95,5
1006,1006672,원주시(장현교),1006690,원주시(문막교),2.4,1.95,5
1006,1006650,횡성군(횡성교),1006690,원주시(문막교),2.6,2.61,5
1006,1006628,횡성군(청곡교),1006650,횡성군(횡성교),3.0,0.0,1
1006,1006628,횡성군(청곡교),1006677,원주시(판대2교),3.0,0.0,1
1006,1006630,횡성군(오산교),1006690,원주시(문막교),3.0,3.46,5
1006,1006677,원주시(판대2교),1006680,원주시(지정대교),5.0,0.0,1
1006,1006628,횡성군(청곡교),1006670,원주시(옥산교),6.0,0.0,1
1006,1006628,횡성군(청곡교),1006672,원주시(장현교),6.0,0.0,1
1006,1006660,횡성군(전천교),1006670,원주시(옥산교),6.8,12.42,5
1006,1006660,횡성군(전천교),1006672,원주시(장현교),6.8,12.42,5
1006,1006677,원주시(판대2교),1006690,원주시(문막교),7.0,0.0,1
1006,1006666,원주시(가현교),1006670,원주시(옥산교),7.4,14.42,5
1006,1006666,원주시(가현교),1006672,원주시(장현교),7.4,14.42,5
1006,1006628,횡성군(청곡교),1006680,원주시(지정대교),8.0,0.0,1
1006,1006665,원주시(원주교),1006670,원주시(옥산교),8.2,14.48,5
1006,1006665,원주시(원주교),1006672,원주시(장현교),8.2,14.48,5
1006,1006660,횡성군(전천교),1006680,원주시(지정대교),8.4,12.64,5
1006,1006666,원주시(가현교),1006680,원주시(지정대교),9.0,14.56,5
1006,1006660,횡성군(전천교),1006690,원주시(문막교),9.2,13.37,5
1006,1006665,원주시(원주교),1006680,원주시(지정대교),9.8,14.65,5
1006,1006666,원주시(가현교),1006690,원주시(문막교),9.8,15.21,5
1006,1006685,원주시(봉미교),1006690,원주시(문막교),9.8,15.21,5
1006,1006628,횡성군(청곡교),1006690,원주시(문막교),10.0,0.0,1
1006,1006665,원주시(원주교),1006690,원주시(문막교),10.6,15.32,5
1006,1006660,횡성군(전천교),1006677,원주시(판대2교),26.0,0.0,1
1006,1006666,원주시(가현교),1006677,원주시(판대2교),30.0,0.0,1
1006,1006665,원주시(원주교),1006677,원주시(판대2교),31.0,0.0,1
1007,1007610,음성군(총천교),1007626,여주시(용은교),-56.0,0.0,1
1007,1007620,여주시(강천리),1007626,여주시(용은교),-38.0,0.0,1
1007,1007625,여주시(남한강교),1007626,여주시(용은교),-38.0,0.0,1
1007,1007637,여주시(당우교),1007642,이천시(동산교),-37.0,0.0,1
1007,1007637,여주시(당우교),1007645,이천시(복하교),-35.0,0.0,1
1007,1007637,여주시(당우교),1007650,여주시(흥천대교),-35.0,0.0,1
1007,1007634,강천보(하류),1007642,이천시(동산교),-33.0,12.92,5
1007,1007637,여주시(당우교),1007640,여주시(율극교),-33.0,0.0,1
1007,1007641,여주보(하류),1007642,이천시(동산교),-32.4,12.34,5
1007,1007634,강천보(하류),1007650,여주시(흥천대교),-31.6,13.22,5
1007,1007634,강천보(하류),1007645,이천시(복하교),-31.2,12.48,5
1007,1007637,여주시(당우교),1007662,이포보(상류),-31.0,0.0,1
1007,1007641,여주보(하류),1007650,여주시(흥천대교),-31.0,12.57,5
1007,1007641,여주보(하류),1007645,이천시(복하교),-30.6,11.91,5
1007,1007620,여주시(강천리),1007642,이천시(동산교),-30.4,11.7,5
1007,1007625,여주시(남한강교),1007642,이천시(동산교),-30.4,11.7,5
1007,1007610,음성군(총천교),1007687,양평군(여물교),-30.0,0.0,1
1007,1007620,여주시(강천리),1007650,여주시(흥천대교),-29.0,11.94,5
1007,1007625,여주시(남한강교),1007650,여주시(흥천대교),-29.0,11.94,5
1007,1007620,여주시(강천리),1007645,이천시(복하교),-28.6,11.26,5
1007,1007625,여주시(남한강교),1007645,이천시(복하교),-28.6,11.26,5
1007,1007639,여주보(상류),1007642,이천시(동산교),-27.8,10.73,5
1007,1007639,여주보(상류),1007650,여주시(흥천대교),-26.4,10.83,5
1007,1007635,여주시(여주대교),1007642,이천시(동산교),-26.0,12.45,5
1007,1007639,여주보(상류),1007645,이천시(복하교),-26.0,10.34,5
1007,1007635,여주시(여주대교),1007650,여주시(흥천대교),-24.6,12.99,5
1007,1007635,여주시(여주대교),1007645,이천시(복하교),-24.2,12.13,5
1007,1007634,강천보(하류),1007655,여주시(양촌교),-24.0,15.1,5
1007,1007634,강천보(하류),1007690,양평군(봉상교),-23.8,12.77,5
1007,1007634,강천보(하류),1007680,양평군(흑천교),-23.4,13.32,5
1007,1007641,여주보(하류),1007655,여주시(양촌교),-23.4,13.16,5
1007,1007641,여주보(하류),1007690,양평군(봉상교),-23.2,10.96,5
1007,1007637,여주시(당우교),1007685,양평군(양평교),-23.0,0.0,1
1007,1007637,여주시(당우교),1007697,양평군(신원리),-23.0,0.0,1
1007,1007641,여주보(하류),1007680,양평군(흑천교),-22.8,11.5,5
1007,1007620,여주시(강천리),1007655,여주시(양촌교),-21.4,13.22,5
1007,1007625,여주시(남한강교),1007655,여주시(양촌교),-21.4,13.22,5
1007,1007620,여주시(강천리),1007690,양평군(봉상교),-21.2,10.83,5
1007,1007625,여주시(남한강교),1007690,양평군(봉상교),-21.2,10.83,5
1007,1007610,음성군(총천교),1007637,여주시(당우교),-21.0,0.0,1
1007,1007620,여주시(강천리),1007680,양평군(흑천교),-20.8,11.37,5
1007,1007625,여주시(남한강교),1007680,양평군(흑천교),-20.8,11.37,5
1007,1007620,여주시(강천리),1007633,강천보(상류),-20.4,11.44,5
1007,1007625,여주시(남한강교),1007633,강천보(상류),-20.4,11.44,5
1007,1007634,강천보(하류),1007697,양평군(신원리),-20.4,13.09,5
1007,1007637,여주시(당우교),1007664,이포보(하류),-20.0,0.0,1
1007,1007641,여주보(하류),1007697,양평군(신원리),-19.8,12.38,5
1007,1007639,여주보(상류),1007655,여주시(양촌교),-18.8,9.96,5
1007,1007685,양평군(양평교),1007690,양평군(봉상교),-18.8,21.08,5
1007,1007639,여주보(상류),1007690,양평군(봉상교),-18.6,7.6,5
1007,1007664,이포보(하류),1007690,양평군(봉상교),-18.6,19.54,5
1007,1007639,여주보(상류),1007680,양평군(흑천교),-18.2,8.14,5
1007,1007664,이포보(하류),1007680,양평군(흑천교),-18.2,20.05,5
1007,1007620,여주시(강천리),1007697,양평군(신원리),-17.8,11.76,5
1007,1007625,여주시(남한강교),1007697,양평군(신원리),-17.8,11.76,5
1007,1007635,여주시(여주대교),1007655,여주시(양촌교),-17.0,22.96,5
1007,1007640,여주시(율극교),1007642,이천시(동산교),-17.0,12.33,5
1007,1007635,여주시(여주대교),1007690,양평군(봉상교),-16.8,19.41,5
1007,1007635,여주시(여주대교),1007680,양평군(흑천교),-16.4,19.92,5
1007,1007604,안성시(한평교),1007606,안성시(두현교),-16.0,0.0,1
1007,1007634,강천보(하류),1007640,여주시(율극교),-16.0,11.94,5
1007,1007640,여주시(율극교),1007650,여주시(흥천대교),-15.6,12.88,5
1007,1007685,양평군(양평교),1007697,양평군(신원리),-15.4,14.52,5
1007,1007639,여주보(상류),1007697,양평군(신원리),-15.2,10.55,5
1007,1007640,여주시(율극교),1007645,이천시(복하교),-15.2,12.05,5
1007,1007662,이포보(상류),1007690,양평군(봉상교),-15.2,22.87,5
1007,1007664,이포보(하류),1007697,양평군(신원리),-15.2,13.54,5
1007,1007604,안성시(한평교),1007608,이천시(고당교),-15.0,0.0,1
1007,1007641,여주보(하류),1007687,양평군(여물교),-15.0,0.0,1
1007,1007662,이포보(상류),1007680,양평군(흑천교),-14.8,23.36,5
1007,1007687,양평군(여물교),1007697,양평군(신원리),-14.0,0.0,1
1007,1007620,여주시(강천리),1007640,여주시(율극교),-13.4,12.64,5
1007,1007625,여주시(남한강교),1007640,여주시(율극교),-13.4,12.64,5
1007,1007635,여주시(여주대교),1007697,양평군(신원리),-13.4,13.22,5
1007,1007634,강천보(하류),1007687,양평군(여물교),-13.0,0.0,1
1007,1007639,여주보(상류),1007687,양평군(여물교),-13.0,0.0,1
1007,1007604,안성시(한평교),1007626,여주시(용은교),-12.0,0.0,1
1007,1007620,여주시(강천리),1007687,양평군(여물교),-12.0,0.0,1
1007,1007625,여주시(남한강교),1007687,양평군(여물교),-12.0,0.0,1
1007,1007662,이포보(상류),1007697,양평군(신원리),-11.8,15.48,5
1007,1007639,여주보(상류),1007640,여주시(율극교),-10.8,14.81,5
1007,1007633,강천보(상류),1007642,이천시(동산교),-10.0,1.73,5
1007,1007604,안성시(한평교),1007605,이천시(장호원교),-9.0,24.35,5
1007,1007635,여주시(여주대교),1007640,여주시(율극교),-9.0,1.41,5
1007,1007637,여주시(당우교),1007687,양평군(여물교),-9.0,0.0,1
1007,1007637,여주시(당우교),1007690,양평군(봉상교),-9.0,0.0,1
1007,1007633,강천보(상류),1007650,여주시(흥천대교),-8.6,1.34,5
1007,1007634,강천보(하류),1007662,이포보(상류),-8.6,14.86,5
1007,1007633,강천보(상류),1007645,이천시(복하교),-8.2,1.79,5
1007,1007637,여주시(당우교),1007680,양평군(흑천교),-8.0,0.0,1
1007,1007640,여주시(율극교),1007655,여주시(양촌교),-8.0,23.62,5
1007,1007641,여주보(하류),1007662,이포보(상류),-8.0,16.22,5
1007,1007640,여주시(율극교),1007690,양평군(봉상교),-7.8,19.97,5
1007,1007640,여주시(율극교),1007680,양평군(흑천교),-7.4,20.46,5
1007,1007634,강천보(하류),1007635,여주시(여주대교),-7.0,10.7,5
1007,1007655,여주시(양촌교),1007687,양평군(여물교),-7.0,0.0,1
1007,1007604,안성시(한평교),1007615,여주시(원부교),-6.4,23.97,5
1007,1007615,여주시(원부교),1007626,여주시(용은교),-6.0,0.0,1
1007,1007620,여주시(강천리),1007662,이포보(상류),-6.0,15.65,5
1007,1007625,여주시(남한강교),1007662,이포보(상류),-6.0,15.65,5
1007,1007610,음성군(총천교),1007615,여주시(원부교),-5.6,24.88,5
1007,1007634,강천보(하류),1007639,여주보(상류),-5.2,5.22,5
1007,1007634,강천보(하류),1007664,이포보(하류),-5.2,10.55,5
1007,1007604,안성시(한평교),1007617,여주시(삼합교),-5.0,24.38,5
1007,1007634,강천보(하류),1007685,양평군(양평교),-5.0,12.33,5
1007,1007641,여주보(하류),1007664,이포보(하류),-4.6,11.97,5
1007,1007620,여주시(강천리),1007635,여주시(여주대교),-4.4,11.52,5
1007,1007625,여주시(남한강교),1007635,여주시(여주대교),-4.4,11.52,5
1007,1007640,여주시(율극교),1007697,양평군(신원리),-4.4,13.15,5
1007,1007641,여주보(하류),1007685,양평군(양평교),-4.4,13.76,5
1007,1007610,음성군(총천교),1007617,여주시(삼합교),-4.2,27.36,5
1007,1007634,강천보(하류),1007637,여주시(당우교),-4.0,0.0,1
1007,1007604,안성시(한평교),1007642,이천시(동산교),-3.6,5.81,5
1007,1007639,여주보(상류),1007662,이포보(상류),-3.4,17.85,5
1007,1007605,이천시(장호원교),1007606,안성시(두현교),-3.0,0.0,1
1007,1007617,여주시(삼합교),1007626,여주시(용은교),-3.0,0.0,1
1007,1007620,여주시(강천리),1007637,여주시(당우교),-3.0,0.0,1
1007,1007625,여주시(남한강교),1007637,여주시(당우교),-3.0,0.0,1
1007,1007610,음성군(총천교),1007642,이천시(동산교),-2.8,38.2,5
1007,1007620,여주시(강천리),1007639,여주보(상류),-2.6,3.29,5
1007,1007620,여주시(강천리),1007664,이포보(하류),-2.6,11.44,5
1007,1007625,여주시(남한강교),1007639,여주보(상류),-2.6,3.29,5
1007,1007625,여주시(남한강교),1007664,이포보(하류),-2.6,11.44,5
1007,1007620,여주시(강천리),1007685,양평군(양평교),-2.4,13.22,5
1007,1007625,여주시(남한강교),1007685,양평군(양평교),-2.4,13.22,5
1007,1007604,안성시(한평교),1007650,여주시(흥천대교),-2.2,5.5,5
1007,1007605,이천시(장호원교),1007608,이천시(고당교),-2.0,0.0,1
1007,1007626,여주시(용은교),1007642,이천시(동산교),-2.0,0.0,1
1007,1007637,여주시(당우교),1007655,여주시(양촌교),-2.0,0.0,1
1007,1007604,안성시(한평교),1007645,이천시(복하교),-1.8,5.72,5
1007,1007635,여주시(여주대교),1007662,이포보(상류),-1.6,4.16,5
1007,1007610,음성군(총천교),1007650,여주시(흥천대교),-1.4,37.85,5
1007,1007610,음성군(총천교),1007645,이천시(복하교),-1.0,38.2,5
1007,1007633,강천보(상류),1007655,여주시(양촌교),-1.0,12.92,5
1007,1007680,양평군(흑천교),1007687,양평군(여물교),-1.0,0.0,1
1007,1007604,안성시(한평교),1007610,음성군(총천교),-0.8,33.68,5
1007,1007633,강천보(상류),1007690,양평군(봉상교),-0.8,8.93,5
1007,1007634,강천보(하류),1007641,여주보(하류),-0.6,1.95,5
1007,1007633,강천보(상류),1007680,양평군(흑천교),-0.4,9.21,5
1007,1007645,이천시(복하교),1007650,여주시(흥천대교),-0.4,0.89,5
1007,1007680,양평군(흑천교),1007690,양평군(봉상교),-0.4,0.55,5
1007,1007620,여주시(강천리),1007625,여주시(남한강교),0.0,0.0,5
1007,1007626,여주시(용은교),1007645,이천시(복하교),0.0,0.0,1
1007,1007626,여주시(용은교),1007650,여주시(흥천대교),0.0,0.0,1
1007,1007639,여주보(상류),1007664,이포보(하류),0.0,13.86,5
1007,1007687,양평군(여물교),1007690,양평군(봉상교),0.0,0.0,1
1007,1007639,여주보(상류),1007685,양평군(양평교),0.2,15.59,5
1007,1007655,여주시(양촌교),1007690,양평군(봉상교),0.2,4.02,5
1007,1007664,이포보(하류),1007685,양평군(양평교),0.2,1.79,5
1007,1007655,여주시(양촌교),1007680,양평군(흑천교),0.6,3.71,5
1007,1007605,이천시(장호원교),1007626,여주시(용은교),1.0,0.0,1
1007,1007606,안성시(두현교),1007608,이천시(고당교),1.0,0.0,1
1007,1007608,이천시(고당교),1007642,이천시(동산교),1.0,0.0,1
1007,1007615,여주시(원부교),1007617,여주시(삼합교),1.4,2.51,5
1007,1007617,여주시(삼합교),1007642,이천시(동산교),1.4,24.54,5
1007,1007642,이천시(동산교),1007650,여주시(흥천대교),1.4,0.55,5
1007,1007635,여주시(여주대교),1007639,여주보(상류),1.8,13.86,5
1007,1007635,여주시(여주대교),1007664,이포보(하류),1.8,0.45,5
1007,1007642,이천시(동산교),1007645,이천시(복하교),1.8,0.45,5
1007,1007606,안성시(두현교),1007642,이천시(동산교),2.0,0.0,1
1007,1007620,여주시(강천리),1007641,여주보(하류),2.0,0.71,5
1007,1007625,여주시(남한강교),1007641,여주보(하류),2.0,0.71,5
1007,1007626,여주시(용은교),1007640,여주시(율극교),2.0,0.0,1
1007,1007635,여주시(여주대교),1007685,양평군(양평교),2.0,1.73,5
1007,1007605,이천시(장호원교),1007615,여주시(원부교),2.6,2.61,5
1007,1007620,여주시(강천리),1007634,강천보(하류),2.6,1.95,5
1007,1007625,여주시(남한강교),1007634,강천보(하류),2.6,1.95,5
1007,1007633,강천보(상류),1007697,양평군(신원리),2.6,0.89,5
1007,1007615,여주시(원부교),1007642,이천시(동산교),2.8,24.72,5
1007,1007617,여주시(삼합교),1007650,여주시(흥천대교),2.8,24.38,5
1007,1007608,이천시(고당교),1007626,여주시(용은교),3.0,0.0,1
1007,1007608,이천시(고당교),1007645,이천시(복하교),3.0,0.0,1
1007,1007608,이천시(고당교),1007650,여주시(흥천대교),3.0,0.0,1
1007,1007680,양평군(흑천교),1007697,양평군(신원리),3.0,10.1,5
1007,1007617,여주시(삼합교),1007645,이천시(복하교),3.2,24.65,5
1007,1007662,이포보(상류),1007664,이포보(하류),3.4,4.34,5
1007,1007690,양평군(봉상교),1007697,양평군(신원리),3.4,9.81,5
1007,1007655,여주시(양촌교),1007697,양평군(신원리),3.6,13.81,5
1007,1007662,이포보(상류),1007685,양평군(양평교),3.6,2.61,5
1007,1007605,이천시(장호원교),1007617,여주시(삼합교),4.0,1.22,5
1007,1007606,안성시(두현교),1007626,여주시(용은교),4.0,0.0,1
1007,1007606,안성시(두현교),1007645,이천시(복하교),4.0,0.0,1
1007,1007606,안성시(두현교),1007650,여주시(흥천대교),4.0,0.0,1
1007,1007626,여주시(용은교),1007662,이포보(상류),4.0,0.0,1
1007,1007637,여주시(당우교),1007639,여주보(상류),4.0,0.0,1
1007,1007615,여주시(원부교),1007650,여주시(흥천대교),4.2,24.52,5
1007,1007615,여주시(원부교),1007645,이천시(복하교),4.6,24.83,5
1007,1007639,여주보(상류),1007641,여주보(하류),4.6,3.36,5
1007,1007608,이천시(고당교),1007640,여주시(율극교),5.0,0.0,1
1007,1007604,안성시(한평교),1007655,여주시(양촌교),5.4,8.76,5
1007,1007605,이천시(장호원교),1007642,이천시(동산교),5.4,24.51,5
1007,1007604,안성시(한평교),1007690,양평군(봉상교),5.6,4.77,5
1007,1007604,안성시(한평교),1007680,양평군(흑천교),6.0,5.05,5
1007,1007606,안성시(두현교),1007640,여주시(율극교),6.0,0.0,1
1007,1007608,이천시(고당교),1007617,여주시(삼합교),6.0,0.0,1
1007,1007637,여주시(당우교),1007641,여주보(하류),6.0,0.0,1
1007,1007610,음성군(총천교),1007655,여주시(양촌교),6.2,28.06,5
1007,1007604,안성시(한평교),1007633,강천보(상류),6.4,4.16,5
1007,1007610,음성군(총천교),1007690,양평군(봉상교),6.4,30.57,5
1007,1007635,여주시(여주대교),1007641,여주보(하류),6.4,12.07,5
1007,1007605,이천시(장호원교),1007650,여주시(흥천대교),6.8,24.32,5
1007,1007610,음성군(총천교),1007680,양평군(흑천교),6.8,30.24,5
1007,1007606,안성시(두현교),1007617,여주시(삼합교),7.0,0.0,1
1007,1007608,이천시(고당교),1007662,이포보(상류),7.0,0.0,1
1007,1007633,강천보(상류),1007640,여주시(율극교),7.0,13.71,5
1007,1007605,이천시(장호원교),1007645,이천시(복하교),7.2,24.64,5
1007,1007610,음성군(총천교),1007633,강천보(상류),7.2,36.77,5
1007,1007645,이천시(복하교),1007655,여주시(양촌교),7.2,14.43,5
1007,1007640,여주시(율극교),1007662,이포보(상류),7.4,3.05,5
1007,1007645,이천시(복하교),1007690,양평군(봉상교),7.4,10.41,5
1007,1007650,여주시(흥천대교),1007655,여주시(양촌교),7.6,14.26,5
1007,1007645,이천시(복하교),1007680,양평군(흑천교),7.8,10.73,5
1007,1007650,여주시(흥천대교),1007690,양평군(봉상교),7.8,10.26,5
1007,1007606,안성시(두현교),1007662,이포보(상류),8.0,0.0,1
1007,1007605,이천시(장호원교),1007610,음성군(총천교),8.2,27.33,5
1007,1007650,여주시(흥천대교),1007680,양평군(흑천교),8.2,10.55,5
1007,1007604,안성시(한평교),1007697,양평군(신원리),9.0,5.05,5
1007,1007608,이천시(고당교),1007615,여주시(원부교),9.0,0.0,1
1007,1007642,이천시(동산교),1007655,여주시(양촌교),9.0,14.56,5
1007,1007642,이천시(동산교),1007690,양평군(봉상교),9.2,10.55,5
1007,1007642,이천시(동산교),1007680,양평군(흑천교),9.6,10.85,5
1007,1007610,음성군(총천교),1007697,양평군(신원리),9.8,37.49,5
1007,1007606,안성시(두현교),1007615,여주시(원부교),10.0,0.0,1
1007,1007617,여주시(삼합교),1007655,여주시(양촌교),10.4,26.88,5
1007,1007617,여주시(삼합교),1007690,양평군(봉상교),10.6,25.5,5
1007,1007640,여주시(율극교),1007664,이포보(하류),10.8,1.79,5
1007,1007645,이천시(복하교),1007697,양평군(신원리),10.8,1.1,5
1007,1007617,여주시(삼합교),1007680,양평군(흑천교),11.0,25.47,5
1007,1007626,여주시(용은교),1007633,강천보(상류),11.0,0.0,1
1007,1007640,여주시(율극교),1007685,양평군(양평교),11.0,1.41,5
1007,1007664,이포보(하류),1007687,양평군(여물교),11.0,0.0,1
1007,1007650,여주시(흥천대교),1007697,양평군(신원리),11.2,0.45,5
1007,1007617,여주시(삼합교),1007633,강천보(상류),11.4,24.23,5
1007,1007615,여주시(원부교),1007655,여주시(양촌교),11.8,25.69,5
1007,1007615,여주시(원부교),1007690,양평군(봉상교),12.0,24.66,5
1007,1007626,여주시(용은교),1007685,양평군(양평교),12.0,0.0,1
1007,1007626,여주시(용은교),1007697,양평군(신원리),12.0,0.0,1
1007,1007615,여주시(원부교),1007680,양평군(흑천교),12.4,24.58,5
1007,1007642,이천시(동산교),1007697,양평군(신원리),12.6,0.89,5
1007,1007615,여주시(원부교),1007633,강천보(상류),12.8,24.24,5
1007,1007626,여주시(용은교),1007635,여주시(여주대교),13.0,0.0,1
1007,1007635,여주시(여주대교),1007687,양평군(여물교),13.0,0.0,1
1007,1007604,안성시(한평교),1007640,여주시(율극교),13.4,16.44,5
1007,1007604,안성시(한평교),1007687,양평군(여물교),14.0,0.0,1
1007,1007608,이천시(고당교),1007633,강천보(상류),14.0,0.0,1
1007,1007617,여주시(삼합교),1007697,양평군(신원리),14.0,24.32,5
1007,1007685,양평군(양평교),1007687,양평군(여물교),14.0,0.0,1
1007,1007610,음성군(총천교),1007640,여주시(율극교),14.2,47.0,5
1007,1007605,이천시(장호원교),1007655,여주시(양촌교),14.4,26.88,5
1007,1007633,강천보(상류),1007662,이포보(상류),14.4,16.13,5
1007,1007605,이천시(장호원교),1007690,양평군(봉상교),14.6,25.51,5
1007,1007605,이천시(장호원교),1007680,양평군(흑천교),15.0,25.46,5
1007,1007606,안성시(두현교),1007633,강천보(상류),15.0,0.0,1
1007,1007608,이천시(고당교),1007685,양평군(양평교),15.0,0.0,1
1007,1007608,이천시(고당교),1007697,양평군(신원리),15.0,0.0,1
1007,1007626,여주시(용은교),1007664,이포보(하류),15.0,0.0,1
1007,1007633,강천보(상류),1007687,양평군(여물교),15.0,0.0,1
1007,1007605,이천시(장호원교),1007633,강천보(상류),15.4,24.18,5
1007,1007615,여주시(원부교),1007697,양평군(신원리),15.4,24.42,5
1007,1007640,여주시(율극교),1007641,여주보(하류),15.4,13.22,5
1007,1007655,여주시(양촌교),1007662,이포보(상류),15.4,26.59,5
1007,1007606,안성시(두현교),1007685,양평군(양평교),16.0,0.0,1
1007,1007606,안성시(두현교),1007697,양평군(신원리),16.0,0.0,1
1007,1007608,이천시(고당교),1007635,여주시(여주대교),16.0,0.0,1
1007,1007633,강천보(상류),1007635,여주시(여주대교),16.0,13.71,5
1007,1007606,안성시(두현교),1007635,여주시(여주대교),17.0,0.0,1
1007,1007633,강천보(상류),1007639,여주보(상류),17.8,10.01,5
1007,1007633,강천보(상류),1007664,이포보(하류),17.8,14.01,5
1007,1007605,이천시(장호원교),1007697,양평군(신원리),18.0,24.27,5
1007,1007608,이천시(고당교),1007664,이포보(하류),18.0,0.0,1
1007,1007633,강천보(상류),1007685,양평군(양평교),18.0,15.07,5
1007,1007617,여주시(삼합교),1007640,여주시(율극교),18.4,30.73,5
1007,1007680,양평군(흑천교),1007685,양평군(양평교),18.4,21.58,5
1007,1007655,여주시(양촌교),1007664,이포보(하류),18.8,23.05,5
1007,1007606,안성시(두현교),1007664,이포보(하류),19.0,0.0,1
1007,1007655,여주시(양촌교),1007685,양평군(양평교),19.0,24.66,5
1007,1007615,여주시(원부교),1007640,여주시(율극교),19.8,31.54,5
1007,1007615,여주시(원부교),1007687,양평군(여물교),20.0,0.0,1
1007,1007604,안성시(한평교),1007662,이포보(상류),20.8,19.16,5
1007,1007610,음성군(총천교),1007662,이포보(상류),21.6,49.64,5
1007,1007635,여주시(여주대교),1007637,여주시(당우교),22.0,0.0,1
1007,1007662,이포보(상류),1007687,양평군(여물교),22.0,0.0,1
1007,1007604,안성시(한평교),1007635,여주시(여주대교),22.4,16.13,5
1007,1007605,이천시(장호원교),1007640,여주시(율극교),22.4,31.08,5
1007,1007633,강천보(상류),1007641,여주보(하류),22.4,12.03,5
1007,1007645,이천시(복하교),1007662,이포보(상류),22.6,14.4,5
1007,1007604,안성시(한평교),1007637,여주시(당우교),23.0,0.0,1
1007,1007617,여주시(삼합교),1007687,양평군(여물교),23.0,0.0,1
1007,1007633,강천보(상류),1007634,강천보(하류),23.0,12.86,5
1007,1007650,여주시(흥천대교),1007662,이포보(상류),23.0,15.17,5
1007,1007610,음성군(총천교),1007635,여주시(여주대교),23.2,46.43,5
1007,1007633,강천보(상류),1007637,여주시(당우교),24.0,0.0,1
1007,1007640,여주시(율극교),1007687,양평군(여물교),24.0,0.0,1
1007,1007604,안성시(한평교),1007639,여주보(상류),24.2,7.95,5
1007,1007604,안성시(한평교),1007664,이포보(하류),24.2,16.35,5
1007,1007604,안성시(한평교),1007685,양평군(양평교),24.4,17.69,5
1007,1007642,이천시(동산교),1007662,이포보(상류),24.4,14.62,5
1007,1007610,음성군(총천교),1007639,여주보(상류),25.0,35.16,5
1007,1007610,음성군(총천교),1007664,이포보(하류),25.0,46.52,5
1007,1007610,음성군(총천교),1007685,양평군(양평교),25.2,47.95,5
1007,1007617,여주시(삼합교),1007662,이포보(상류),25.8,32.15,5
1007,1007626,여주시(용은교),1007687,양평군(여물교),26.0,0.0,1
1007,1007626,여주시(용은교),1007690,양평군(봉상교),26.0,0.0,1
1007,1007645,이천시(복하교),1007664,이포보(하류),26.0,12.45,5
1007,1007645,이천시(복하교),1007687,양평군(여물교),26.0,0.0,1
1007,1007650,여주시(흥천대교),1007687,양평군(여물교),26.0,0.0,1
1007,1007645,이천시(복하교),1007685,양평군(양평교),26.2,13.42,5
1007,1007650,여주시(흥천대교),1007664,이포보(하류),26.4,13.32,5
1007,1007650,여주시(흥천대교),1007685,양평군(양평교),26.6,14.26,5
1007,1007604,안성시(한평교),1007620,여주시(강천리),26.8,10.4,5
1007,1007604,안성시(한평교),1007625,여주시(남한강교),26.8,10.4,5
1007,1007605,이천시(장호원교),1007687,양평군(여물교),27.0,0.0,1
1007,1007626,여주시(용은교),1007680,양평군(흑천교),27.0,0.0,1
1007,1007615,여주시(원부교),1007662,이포보(상류),27.2,33.15,5
1007,1007617,여주시(삼합교),1007635,여주시(여주대교),27.4,30.84,5
1007,1007610,음성군(총천교),1007620,여주시(강천리),27.6,37.69,5
1007,1007610,음성군(총천교),1007625,여주시(남한강교),27.6,37.69,5
1007,1007642,이천시(동산교),1007664,이포보(하류),27.8,12.77,5
1007,1007642,이천시(동산교),1007685,양평군(양평교),28.0,13.71,5
1007,1007642,이천시(동산교),1007687,양평군(여물교),28.0,0.0,1
1007,1007604,안성시(한평교),1007641,여주보(하류),28.8,10.83,5
1007,1007615,여주시(원부교),1007635,여주시(여주대교),28.8,31.57,5
1007,1007608,이천시(고당교),1007687,양평군(여물교),29.0,0.0,1
1007,1007608,이천시(고당교),1007690,양평군(봉상교),29.0,0.0,1
1007,1007615,여주시(원부교),1007637,여주시(당우교),29.0,0.0,1
1007,1007617,여주시(삼합교),1007639,여주보(상류),29.2,27.8,5
1007,1007617,여주시(삼합교),1007664,이포보(하류),29.2,31.06,5
1007,1007604,안성시(한평교),1007634,강천보(하류),29.4,12.2,5
1007,1007617,여주시(삼합교),1007685,양평군(양평교),29.4,31.66,5
1007,1007610,음성군(총천교),1007641,여주보(하류),29.6,37.53,5
1007,1007605,이천시(장호원교),1007662,이포보(상류),29.8,32.5,5
1007,1007606,안성시(두현교),1007687,양평군(여물교),30.0,0.0,1
1007,1007606,안성시(두현교),1007690,양평군(봉상교),30.0,0.0,1
1007,1007608,이천시(고당교),1007680,양평군(흑천교),30.0,0.0,1
1007,1007610,음성군(총천교),1007634,강천보(하류),30.2,39.14,5
1007,1007615,여주시(원부교),1007639,여주보(상류),30.6,27.38,5
1007,1007615,여주시(원부교),1007664,이포보(하류),30.6,31.78,5
1007,1007615,여주시(원부교),1007685,양평군(양평교),30.8,32.5,5
1007,1007606,안성시(두현교),1007680,양평군(흑천교),31.0,0.0,1
1007,1007605,이천시(장호원교),1007635,여주시(여주대교),31.4,31.22,5
1007,1007617,여주시(삼합교),1007620,여주시(강천리),31.8,29.06,5
1007,1007617,여주시(삼합교),1007625,여주시(남한강교),31.8,29.06,5
1007,1007617,여주시(삼합교),1007637,여주시(당우교),32.0,0.0,1
1007,1007626,여주시(용은교),1007655,여주시(양촌교),33.0,0.0,1
1007,1007605,이천시(장호원교),1007639,여주보(상류),33.2,28.09,5
1007,1007605,이천시(장호원교),1007664,이포보(하류),33.2,31.45,5
1007,1007615,여주시(원부교),1007620,여주시(강천리),33.2,28.87,5
1007,1007615,여주시(원부교),1007625,여주시(남한강교),33.2,28.87,5
1007,1007605,이천시(장호원교),1007685,양평군(양평교),33.4,32.04,5
1007,1007617,여주시(삼합교),1007641,여주보(하류),33.8,29.36,5
1007,1007617,여주시(삼합교),1007634,강천보(하류),34.4,30.09,5
1007,1007626,여주시(용은교),1007637,여주시(당우교),35.0,0.0,1
1007,1007615,여주시(원부교),1007641,여주보(하류),35.2,29.12,5
1007,1007605,이천시(장호원교),1007620,여주시(강천리),35.8,29.45,5
1007,1007605,이천시(장호원교),1007625,여주시(남한강교),35.8,29.45,5
1007,1007615,여주시(원부교),1007634,강천보(하류),35.8,29.99,5
1007,1007605,이천시(장호원교),1007637,여주시(당우교),36.0,0.0,1
1007,1007608,이천시(고당교),1007655,여주시(양촌교),36.0,0.0,1
1007,1007606,안성시(두현교),1007655,여주시(양촌교),37.0,0.0,1
1007,1007605,이천시(장호원교),1007641,여주보(하류),37.8,29.76,5
1007,1007608,이천시(고당교),1007637,여주시(당우교),38.0,0.0,1
1007,1007605,이천시(장호원교),1007634,강천보(하류),38.4,30.53,5
1007,1007606,안성시(두현교),1007637,여주시(당우교),39.0,0.0,1
1007,1007626,여주시(용은교),1007634,강천보(하류),39.0,0.0,1
1007,1007626,여주시(용은교),1007639,여주보(상류),39.0,0.0,1
1007,1007608,이천시(고당교),1007620,여주시(강천리),41.0,0.0,1
1007,1007608,이천시(고당교),1007625,여주시(남한강교),41.0,0.0,1
1007,1007626,여주시(용은교),1007641,여주보(하류),41.0,0.0,1
1007,1007606,안성시(두현교),1007620,여주시(강천리),42.0,0.0,1
1007,1007606,안성시(두현교),1007625,여주시(남한강교),42.0,0.0,1
1007,1007608,이천시(고당교),1007634,강천보(하류),42.0,0.0,1
1007,1007608,이천시(고당교),1007639,여주보(상류),42.0,0.0,1
1007,1007606,안성시(두현교),1007634,강천보(하류),43.0,0.0,1
1007,1007606,안성시(두현교),1007639,여주보(상류),43.0,0.0,1
1007,1007608,이천시(고당교),1007641,여주보(하류),44.0,0.0,1
1007,1007606,안성시(두현교),1007641,여주보(하류),45.0,0.0,1
1007,1007608,이천시(고당교),1007610,음성군(총천교),59.0,0.0,1
1007,1007606,안성시(두현교),1007610,음성군(총천교),60.0,0.0,1
