obscd,korObs,rank,neighbor_obscd,neighbor_korObs,score,n_events,method
1001602,평창군(송정교),1,1001630,정선군(나전교),0.5626,4,T1_avg_dist
1001602,평창군(송정교),2,1002635,평창군(사초교),0.633,3,T1_avg_dist
1001602,평창군(송정교),3,1002605,평창군(이목정교),0.7285,3,T1_avg_dist
1001602,평창군(송정교),4,1001655,정선군(정선제1교),0.7705,1,T1_avg_dist
1001602,평창군(송정교),5,1003642,단양군(덕천교),0.8226,3,T1_avg_dist
1001620,정선군(송계교),1,1004640,괴산군(적석교),1.2033,1,T1_avg_dist
1001620,정선군(송계교),2,1001660,정선군(낙동교),1.2881,1,T1_avg_dist
1001620,정선군(송계교),3,1007615,여주시(원부교),1.719,2,T1_avg_dist
1001620,정선군(송계교),4,1007617,여주시(삼합교),1.7192,2,T1_avg_dist
1001620,정선군(송계교),5,1004620,청주시(옥화1교),1.7263,1,T1_avg_dist
1001622,정선군(혈천교),1,1001626,정선군(제1여량교),1.2453,3,T1_avg_dist
1001622,정선군(혈천교),2,1004693,괴산군(목도교),1.3267,1,T1_avg_dist
1001622,정선군(혈천교),3,1005640,충주시(목계교),1.3797,2,T1_avg_dist
1001622,정선군(혈천교),4,1001670,영월군(거운교),1.456,1,T1_avg_dist
1001622,정선군(혈천교),5,1003605,영월군(충혼교),1.4646,2,T1_avg_dist
1001623,정선군(오장2교),1,1003642,단양군(덕천교),1.3595,1,T1_avg_dist
1001623,정선군(오장2교),2,1001625,정선군(송천교),1.6063,1,T1_avg_dist
1001623,정선군(오장2교),3,1006690,원주시(문막교),1.6125,1,T1_avg_dist
1001623,정선군(오장2교),4,1001620,정선군(송계교),1.8233,1,T1_avg_dist
1001623,정선군(오장2교),5,1002675,횡성군(안흥교),1.8939,1,T1_avg_dist
1001625,정선군(송천교),1,1001658,정선군(광하교),0.5146,4,T1_avg_dist
1001625,정선군(송천교),2,1001655,정선군(정선제1교),0.5652,3,T1_avg_dist
1001625,정선군(송천교),3,1003636,단양군(가대교),0.593,1,T1_avg_dist
1001625,정선군(송천교),4,1002698,영월군(팔괴교),0.612,1,T1_avg_dist
1001625,정선군(송천교),5,1006690,원주시(문막교),0.7054,1,T1_avg_dist
1001626,정선군(제1여량교),1,1001622,정선군(혈천교),1.2453,3,T1_avg_dist
1001626,정선군(제1여량교),2,1003605,영월군(충혼교),1.4525,4,T1_avg_dist
1001626,정선군(제1여량교),3,1004693,괴산군(목도교),1.6482,1,T1_avg_dist
1001626,정선군(제1여량교),4,1001670,영월군(거운교),1.675,1,T1_avg_dist
1001626,정선군(제1여량교),5,1003620,영월군(옥동교),1.6956,1,T1_avg_dist
1001629,정선군(남평대교),1,1003636,단양군(가대교),0.6585,1,T1_avg_dist
1001629,정선군(남평대교),2,1001690,영월군(영월대교),0.6975,1,T1_avg_dist
1001629,정선군(남평대교),3,1003642,단양군(덕천교),0.7101,1,T1_avg_dist
1001629,정선군(남평대교),4,1001670,영월군(거운교),1.5789,2,T1_avg_dist
1001629,정선군(남평대교),5,1001625,정선군(송천교),1.797,2,T1_avg_dist
1001630,정선군(나전교),1,1001602,평창군(송정교),0.5626,4,T1_avg_dist
1001630,정선군(나전교),2,1006672,원주시(장현교),0.602,1,T1_avg_dist
1001630,정선군(나전교),3,1002610,평창군(장평교),0.6296,1,T1_avg_dist
1001630,정선군(나전교),4,1002605,평창군(이목정교),0.6388,1,T1_avg_dist
1001630,정선군(나전교),5,1006690,원주시(문막교),0.6474,1,T1_avg_dist
1001641,정선군(각희교),1,1001660,정선군(낙동교),2.4639,1,T1_avg_dist
1001641,정선군(각희교),2,1001620,정선군(송계교),2.7329,1,T1_avg_dist
1001641,정선군(각희교),3,1003645,단양군(단양1교),3.0305,1,T1_avg_dist
1001641,정선군(각희교),4,1001623,정선군(오장2교),3.1808,1,T1_avg_dist
1001641,정선군(각희교),5,1007641,여주보(하류),3.2234,1,T1_avg_dist
1001645,정선군(와평교),1,1001649,정선군(애산교),0.63,5,T1_avg_dist
1001645,정선군(와평교),2,1001690,영월군(영월대교),0.6794,3,T1_avg_dist
1001645,정선군(와평교),3,1003642,단양군(덕천교),0.7054,3,T1_avg_dist
1001645,정선군(와평교),4,1003660,제천시(팔송교),0.8023,1,T1_avg_dist
1001645,정선군(와평교),5,1001660,정선군(낙동교),0.8497,4,T1_avg_dist
1001649,정선군(애산교),1,1001645,정선군(와평교),0.63,5,T1_avg_dist
1001649,정선군(애산교),2,1001690,영월군(영월대교),0.6724,3,T1_avg_dist
1001649,정선군(애산교),3,1001660,정선군(낙동교),0.7298,4,T1_avg_dist
1001649,정선군(애산교),4,1003605,영월군(충혼교),0.7515,1,T1_avg_dist
1001649,정선군(애산교),5,1003660,제천시(팔송교),0.7859,1,T1_avg_dist
1001650,정선군(삼거리교),1,1004646,괴산군(비도교),2.6704,1,T1_avg_dist
1001650,정선군(삼거리교),2,1004631,괴산군(월문교),2.9244,1,T1_avg_dist
1001650,정선군(삼거리교),3,1004645,괴산군(수전교),3.7573,1,T1_avg_dist
1001650,정선군(삼거리교),4,1003645,단양군(단양1교),4.1118,1,T1_avg_dist
1001650,정선군(삼거리교),5,1001641,정선군(각희교),4.194,1,T1_avg_dist
1001655,정선군(정선제1교),1,1001625,정선군(송천교),0.5652,3,T1_avg_dist
1001655,정선군(정선제1교),2,1001658,정선군(광하교),0.5793,5,T1_avg_dist
1001655,정선군(정선제1교),3,1001660,정선군(낙동교),0.6506,3,T1_avg_dist
1001655,정선군(정선제1교),4,1006672,원주시(장현교),0.7162,1,T1_avg_dist
1001655,정선군(정선제1교),5,1006670,원주시(옥산교),0.7232,1,T1_avg_dist
1001658,정선군(광하교),1,1001625,정선군(송천교),0.5146,4,T1_avg_dist
1001658,정선군(광하교),2,1001655,정선군(정선제1교),0.5793,5,T1_avg_dist
1001658,정선군(광하교),3,1006690,원주시(문막교),0.6357,1,T1_avg_dist
1001658,정선군(광하교),4,1006672,원주시(장현교),0.6448,1,T1_avg_dist
1001658,정선군(광하교),5,1006670,원주시(옥산교),0.6756,1,T1_avg_dist
1001660,정선군(낙동교),1,1003605,영월군(충혼교),0.4814,1,T1_avg_dist
1001660,정선군(낙동교),2,1001655,정선군(정선제1교),0.6506,3,T1_avg_dist
1001660,정선군(낙동교),3,1001649,정선군(애산교),0.7298,4,T1_avg_dist
1001660,정선군(낙동교),4,1005695,원주시(법천교),0.8205,1,T1_avg_dist
1001660,정선군(낙동교),5,1001645,정선군(와평교),0.8497,4,T1_avg_dist
1001665,평창군(마하교),1,1005660,충주시(세포교),2.1098,1,T1_avg_dist
1001665,평창군(마하교),2,1002693,영월군(농공단지교),2.1557,1,T1_avg_dist
1001665,평창군(마하교),3,1002626,평창군(바이오교),2.2223,1,T1_avg_dist
1001665,평창군(마하교),4,1002687,영월군(신천교),2.284,1,T1_avg_dist
1001665,평창군(마하교),5,1001602,평창군(송정교),2.293,1,T1_avg_dist
1001670,영월군(거운교),1,1003642,단양군(덕천교),0.4964,1,T1_avg_dist
1001670,영월군(거운교),2,1001629,정선군(남평대교),0.5954,1,T1_avg_dist
1001670,영월군(거운교),3,1003636,단양군(가대교),0.6663,2,T1_avg_dist
1001670,영월군(거운교),4,1003625,영월군(각동교),0.7606,1,T1_avg_dist
1001670,영월군(거운교),5,1002687,영월군(신천교),0.7894,1,T1_avg_dist
1001690,영월군(영월대교),1,1001670,영월군(거운교),0.3819,1,T1_avg_dist
1001690,영월군(영월대교),2,1003636,단양군(가대교),0.5883,4,T1_avg_dist
1001690,영월군(영월대교),3,1003642,단양군(덕천교),0.6646,4,T1_avg_dist
1001690,영월군(영월대교),4,1001649,정선군(애산교),0.6724,3,T1_avg_dist
1001690,영월군(영월대교),5,1001645,정선군(와평교),0.6794,3,T1_avg_dist
1001695,영월군(신촌교),1,1001645,정선군(와평교),2.3752,1,T1_avg_dist
1001695,영월군(신촌교),2,1001649,정선군(애산교),2.4152,1,T1_avg_dist
1001695,영월군(신촌교),3,1007640,여주시(율극교),2.5952,1,T1_avg_dist
1001695,영월군(신촌교),4,1007650,여주시(흥천대교),2.6517,1,T1_avg_dist
1001695,영월군(신촌교),5,1007645,이천시(복하교),2.6905,1,T1_avg_dist
1002605,평창군(이목정교),1,1002640,평창군(상방림교),0.4588,1,T1_avg_dist
1002605,평창군(이목정교),2,1006677,원주시(판대2교),0.52,1,T1_avg_dist
1002605,평창군(이목정교),3,1006672,원주시(장현교),0.6259,1,T1_avg_dist
1002605,평창군(이목정교),4,1002615,평창군(진전교),0.6487,5,T1_avg_dist
1002605,평창군(이목정교),5,1006690,원주시(문막교),0.6646,1,T1_avg_dist
1002610,평창군(장평교),1,1002625,평창군(선애교),0.5816,3,T1_avg_dist
1002610,평창군(장평교),2,1006630,횡성군(오산교),0.6624,1,T1_avg_dist
1002610,평창군(장평교),3,1006670,원주시(옥산교),0.6624,2,T1_avg_dist
1002610,평창군(장평교),4,1002615,평창군(진전교),0.675,2,T1_avg_dist
1002610,평창군(장평교),5,1002640,평창군(상방림교),0.6882,3,T1_avg_dist
1002615,평창군(진전교),1,1007690,양평군(봉상교),0.4588,1,T1_avg_dist
1002615,평창군(진전교),2,1002640,평창군(상방림교),0.5671,1,T1_avg_dist
1002615,평창군(진전교),3,1006630,횡성군(오산교),0.5775,1,T1_avg_dist
1002615,평창군(진전교),4,1002605,평창군(이목정교),0.6188,4,T1_avg_dist
1002615,평창군(진전교),5,1002610,평창군(장평교),0.675,2,T1_avg_dist
1002625,평창군(선애교),1,1002610,평창군(장평교),0.5816,3,T1_avg_dist
1002625,평창군(선애교),2,1002640,평창군(상방림교),0.6432,4,T1_avg_dist
1002625,평창군(선애교),3,1002680,영월군(두학교),0.7426,1,T1_avg_dist
1002625,평창군(선애교),4,1002693,영월군(농공단지교),0.768,3,T1_avg_dist
1002625,평창군(선애교),5,1006628,횡성군(청곡교),0.8533,1,T1_avg_dist
1002626,평창군(바이오교),1,1002636,평창군(하방림교),1.6586,1,T1_avg_dist
1002626,평창군(바이오교),2,1002685,영월군(주천교),1.8857,1,T1_avg_dist
1002626,평창군(바이오교),3,1001658,정선군(광하교),1.9498,1,T1_avg_dist
1002626,평창군(바이오교),4,1005660,충주시(세포교),2.0238,1,T1_avg_dist
1002626,평창군(바이오교),5,1003658,제천시(부수동교),2.137,1,T1_avg_dist
1002635,평창군(사초교),1,1001602,평창군(송정교),0.633,3,T1_avg_dist
1002635,평창군(사초교),2,1002698,영월군(팔괴교),0.7739,3,T1_avg_dist
1002635,평창군(사초교),3,1001630,정선군(나전교),0.78,4,T1_avg_dist
1002635,평창군(사초교),4,1002640,평창군(상방림교),0.7868,4,T1_avg_dist
1002635,평창군(사초교),5,1002610,평창군(장평교),0.9252,3,T1_avg_dist
1002636,평창군(하방림교),1,1002626,평창군(바이오교),1.6586,1,T1_avg_dist
1002636,평창군(하방림교),2,1001630,정선군(나전교),1.6604,1,T1_avg_dist
1002636,평창군(하방림교),3,1001602,평창군(송정교),1.7128,1,T1_avg_dist
1002636,평창군(하방림교),4,1006628,횡성군(청곡교),1.7252,1,T1_avg_dist
1002636,평창군(하방림교),5,1007640,여주시(율극교),1.7783,1,T1_avg_dist
1002640,평창군(상방림교),1,1006677,원주시(판대2교),0.418,1,T1_avg_dist
1002640,평창군(상방림교),2,1002605,평창군(이목정교),0.4588,1,T1_avg_dist
1002640,평창군(상방림교),3,1002625,평창군(선애교),0.5239,3,T1_avg_dist
1002640,평창군(상방림교),4,1002615,평창군(진전교),0.5671,1,T1_avg_dist
1002640,평창군(상방림교),5,1007690,양평군(봉상교),0.6467,1,T1_avg_dist
1002650,평창군(평창교),1,1006677,원주시(판대2교),0.554,1,T1_avg_dist
1002650,평창군(평창교),2,1007637,여주시(당우교),0.6386,1,T1_avg_dist
1002650,평창군(평창교),3,1002615,평창군(진전교),0.6788,1,T1_avg_dist
1002650,평창군(평창교),4,1002640,평창군(상방림교),0.681,5,T1_avg_dist
1002650,평창군(평창교),5,1002605,평창군(이목정교),0.7349,1,T1_avg_dist
1002670,횡성군(둔방내리),1,1002675,횡성군(안흥교),0.9338,1,T1_avg_dist
1002670,횡성군(둔방내리),2,1006672,원주시(장현교),0.9867,1,T1_avg_dist
1002670,횡성군(둔방내리),3,1001602,평창군(송정교),1.0019,1,T1_avg_dist
1002670,횡성군(둔방내리),4,1001630,정선군(나전교),1.3347,1,T1_avg_dist
1002670,횡성군(둔방내리),5,1006690,원주시(문막교),1.4724,1,T1_avg_dist
1002675,횡성군(안흥교),1,1002680,영월군(두학교),0.7804,3,T1_avg_dist
1002675,횡성군(안흥교),2,1002640,평창군(상방림교),0.8313,1,T1_avg_dist
1002675,횡성군(안흥교),3,1002670,횡성군(둔방내리),0.9338,1,T1_avg_dist
1002675,횡성군(안흥교),4,1007655,여주시(양촌교),0.9948,5,T1_avg_dist
1002675,횡성군(안흥교),5,1002610,평창군(장평교),1.0111,1,T1_avg_dist
1002680,영월군(두학교),1,1002687,영월군(신천교),0.5852,1,T1_avg_dist
1002680,영월군(두학교),2,1006690,원주시(문막교),0.6967,1,T1_avg_dist
1002680,영월군(두학교),3,1002685,영월군(주천교),0.703,1,T1_avg_dist
1002680,영월군(두학교),4,1002625,평창군(선애교),0.7426,1,T1_avg_dist
1002680,영월군(두학교),5,1002698,영월군(팔괴교),0.7548,1,T1_avg_dist
1002685,영월군(주천교),1,1002687,영월군(신천교),0.6184,5,T1_avg_dist
1002685,영월군(주천교),2,1006680,원주시(지정대교),0.6941,3,T1_avg_dist
1002685,영월군(주천교),3,1002680,영월군(두학교),0.703,1,T1_avg_dist
1002685,영월군(주천교),4,1007620,여주시(강천리),0.7228,3,T1_avg_dist
1002685,영월군(주천교),5,1002698,영월군(팔괴교),0.7398,1,T1_avg_dist
1002687,영월군(신천교),1,1002698,영월군(팔괴교),0.4591,1,T1_avg_dist
1002687,영월군(신천교),2,1002680,영월군(두학교),0.5852,1,T1_avg_dist
1002687,영월군(신천교),3,1002685,영월군(주천교),0.6184,5,T1_avg_dist
1002687,영월군(신천교),4,1001690,영월군(영월대교),0.6828,1,T1_avg_dist
1002687,영월군(신천교),5,1007620,여주시(강천리),0.8437,3,T1_avg_dist
1002691,영월군(화병교),1,1002698,영월군(팔괴교),0.2323,1,T1_avg_dist
1002691,영월군(화병교),2,1003625,영월군(각동교),0.4767,1,T1_avg_dist
1002691,영월군(화병교),3,1001630,정선군(나전교),0.825,1,T1_avg_dist
1002691,영월군(화병교),4,1001670,영월군(거운교),0.8464,1,T1_avg_dist
1002691,영월군(화병교),5,1001602,평창군(송정교),0.8828,1,T1_avg_dist
1002693,영월군(농공단지교),1,1006685,원주시(봉미교),0.6348,1,T1_avg_dist
1002693,영월군(농공단지교),2,1003620,영월군(옥동교),0.7656,1,T1_avg_dist
1002693,영월군(농공단지교),3,1002625,평창군(선애교),0.768,3,T1_avg_dist
1002693,영월군(농공단지교),4,1003660,제천시(팔송교),0.8433,5,T1_avg_dist
1002693,영월군(농공단지교),5,1005695,원주시(법천교),0.9474,3,T1_avg_dist
1002698,영월군(팔괴교),1,1002691,영월군(화병교),0.2323,1,T1_avg_dist
1002698,영월군(팔괴교),2,1002687,영월군(신천교),0.4591,1,T1_avg_dist
1002698,영월군(팔괴교),3,1001690,영월군(영월대교),0.4948,1,T1_avg_dist
1002698,영월군(팔괴교),4,1003625,영월군(각동교),0.5547,1,T1_avg_dist
1002698,영월군(팔괴교),5,1001625,정선군(송천교),0.612,1,T1_avg_dist
1003601,영월군(주채교),1,1004693,괴산군(목도교),2.3497,1,T1_avg_dist
1003601,영월군(주채교),2,1003603,영월군(내리2교),3.2985,1,T1_avg_dist
1003601,영월군(주채교),3,1004631,괴산군(월문교),4.1475,1,T1_avg_dist
1003601,영월군(주채교),4,1004645,괴산군(수전교),4.4272,1,T1_avg_dist
1003601,영월군(주채교),5,1004646,괴산군(비도교),4.6376,1,T1_avg_dist
1003603,영월군(내리2교),1,1003601,영월군(주채교),3.2985,1,T1_avg_dist
1003603,영월군(내리2교),2,1004693,괴산군(목도교),3.6868,1,T1_avg_dist
1003603,영월군(내리2교),3,1005640,충주시(목계교),4.1579,1,T1_avg_dist
1003603,영월군(내리2교),4,1004645,괴산군(수전교),4.93,1,T1_avg_dist
1003603,영월군(내리2교),5,1004646,괴산군(비도교),5.6826,1,T1_avg_dist
1003605,영월군(충혼교),1,1001660,정선군(낙동교),0.4814,1,T1_avg_dist
1003605,영월군(충혼교),2,1005695,원주시(법천교),0.6999,1,T1_avg_dist
1003605,영월군(충혼교),3,1001649,정선군(애산교),0.7515,1,T1_avg_dist
1003605,영월군(충혼교),4,1007617,여주시(삼합교),0.9027,1,T1_avg_dist
1003605,영월군(충혼교),5,1001645,정선군(와평교),0.9247,1,T1_avg_dist
1003620,영월군(옥동교),1,1004695,충주시(국원대교),0.5778,1,T1_avg_dist
1003620,영월군(옥동교),2,1002693,영월군(농공단지교),0.7656,1,T1_avg_dist
1003620,영월군(옥동교),3,1006685,원주시(봉미교),0.888,1,T1_avg_dist
1003620,영월군(옥동교),4,1003660,제천시(팔송교),0.9602,1,T1_avg_dist
1003620,영월군(옥동교),5,1001660,정선군(낙동교),0.9728,1,T1_avg_dist
1003625,영월군(각동교),1,1002691,영월군(화병교),0.4767,1,T1_avg_dist
1003625,영월군(각동교),2,1002698,영월군(팔괴교),0.5547,1,T1_avg_dist
1003625,영월군(각동교),3,1001670,영월군(거운교),0.7606,1,T1_avg_dist
1003625,영월군(각동교),4,1001630,정선군(나전교),0.8518,1,T1_avg_dist
1003625,영월군(각동교),5,1003636,단양군(가대교),0.9307,1,T1_avg_dist
1003626,단양군(들골교),1,1005695,원주시(법천교),3.0452,1,T1_avg_dist
1003626,단양군(들골교),2,1006650,횡성군(횡성교),3.3358,1,T1_avg_dist
1003626,단양군(들골교),3,1003661,제천시(구곡교),3.4021,1,T1_avg_dist
1003626,단양군(들골교),4,1003657,제천시(강저3교),3.4283,1,T1_avg_dist
1003626,단양군(들골교),5,1007680,양평군(흑천교),3.5489,1,T1_avg_dist
1003636,단양군(가대교),1,1003642,단양군(덕천교),0.2996,4,T1_avg_dist
1003636,단양군(가대교),2,1001690,영월군(영월대교),0.5883,4,T1_avg_dist
1003636,단양군(가대교),3,1001625,정선군(송천교),0.593,1,T1_avg_dist
1003636,단양군(가대교),4,1001670,영월군(거운교),0.6663,2,T1_avg_dist
1003636,단양군(가대교),5,1002698,영월군(팔괴교),0.7732,2,T1_avg_dist
1003642,단양군(덕천교),1,1003636,단양군(가대교),0.2996,4,T1_avg_dist
1003642,단양군(덕천교),2,1001670,영월군(거운교),0.4964,1,T1_avg_dist
1003642,단양군(덕천교),3,1002698,영월군(팔괴교),0.5134,1,T1_avg_dist
1003642,단양군(덕천교),4,1001690,영월군(영월대교),0.6646,4,T1_avg_dist
1003642,단양군(덕천교),5,1002687,영월군(신천교),0.6859,1,T1_avg_dist
1003645,단양군(단양1교),1,1004616,청주시(청석굴교),1.1741,1,T1_avg_dist
1003645,단양군(단양1교),2,1004680,충주시(문강교),1.4267,3,T1_avg_dist
1003645,단양군(단양1교),3,1004661,괴산군(제2괴산교),1.7176,2,T1_avg_dist
1003645,단양군(단양1교),4,1004620,청주시(옥화1교),1.8588,2,T1_avg_dist
1003645,단양군(단양1교),5,1005640,충주시(목계교),2.0892,1,T1_avg_dist
1003652,제천시(덕동교),1,1003658,제천시(부수동교),1.0033,1,T1_avg_dist
1003652,제천시(덕동교),2,1003660,제천시(팔송교),1.0686,1,T1_avg_dist
1003652,제천시(덕동교),3,1002687,영월군(신천교),1.3812,1,T1_avg_dist
1003652,제천시(덕동교),4,1002693,영월군(농공단지교),1.4755,1,T1_avg_dist
1003652,제천시(덕동교),5,1002685,영월군(주천교),1.5363,1,T1_avg_dist
1003657,제천시(강저3교),1,1004695,충주시(국원대교),0.9768,1,T1_avg_dist
1003657,제천시(강저3교),2,1007640,여주시(율극교),1.2095,1,T1_avg_dist
1003657,제천시(강저3교),3,1007615,여주시(원부교),1.2458,1,T1_avg_dist
1003657,제천시(강저3교),4,1007642,이천시(동산교),1.3462,1,T1_avg_dist
1003657,제천시(강저3교),5,1003661,제천시(구곡교),1.3652,1,T1_avg_dist
1003658,제천시(부수동교),1,1003661,제천시(구곡교),0.5169,1,T1_avg_dist
1003658,제천시(부수동교),2,1007617,여주시(삼합교),0.6778,1,T1_avg_dist
1003658,제천시(부수동교),3,1007605,이천시(장호원교),0.7356,1,T1_avg_dist
1003658,제천시(부수동교),4,1007615,여주시(원부교),0.7653,1,T1_avg_dist
1003658,제천시(부수동교),5,1001630,정선군(나전교),0.811,3,T1_avg_dist
1003660,제천시(팔송교),1,1003661,제천시(구곡교),0.6378,1,T1_avg_dist
1003660,제천시(팔송교),2,1007617,여주시(삼합교),0.6593,1,T1_avg_dist
1003660,제천시(팔송교),3,1006685,원주시(봉미교),0.71,1,T1_avg_dist
1003660,제천시(팔송교),4,1001630,정선군(나전교),0.7206,3,T1_avg_dist
1003660,제천시(팔송교),5,1002693,영월군(농공단지교),0.8433,5,T1_avg_dist
1003661,제천시(구곡교),1,1003658,제천시(부수동교),0.5169,1,T1_avg_dist
1003661,제천시(구곡교),2,1007617,여주시(삼합교),0.666,1,T1_avg_dist
1003661,제천시(구곡교),3,1004695,충주시(국원대교),0.6767,1,T1_avg_dist
1003661,제천시(구곡교),4,1002610,평창군(장평교),0.7399,1,T1_avg_dist
1003661,제천시(구곡교),5,1007605,이천시(장호원교),0.7588,1,T1_avg_dist
1003667,제천시(용암교),1,1004640,괴산군(적석교),3.3162,1,T1_avg_dist
1003667,제천시(용암교),2,1004680,충주시(문강교),3.4604,1,T1_avg_dist
1003667,제천시(용암교),3,1007633,강천보(상류),3.5219,1,T1_avg_dist
1003667,제천시(용암교),4,1001620,정선군(송계교),3.5247,1,T1_avg_dist
1003667,제천시(용암교),5,1001660,정선군(낙동교),3.5443,1,T1_avg_dist
1004616,청주시(청석굴교),1,1003645,단양군(단양1교),1.1741,1,T1_avg_dist
1004616,청주시(청석굴교),2,1003605,영월군(충혼교),1.2089,1,T1_avg_dist
1004616,청주시(청석굴교),3,1004661,괴산군(제2괴산교),1.223,2,T1_avg_dist
1004616,청주시(청석굴교),4,1004670,괴산군(추산교),1.3333,1,T1_avg_dist
1004616,청주시(청석굴교),5,1007617,여주시(삼합교),1.3755,1,T1_avg_dist
1004620,청주시(옥화1교),1,1003645,단양군(단양1교),0.7318,1,T1_avg_dist
1004620,청주시(옥화1교),2,1004695,충주시(국원대교),1.1957,1,T1_avg_dist
1004620,청주시(옥화1교),3,1004680,충주시(문강교),1.311,1,T1_avg_dist
1004620,청주시(옥화1교),4,1004616,청주시(청석굴교),1.4552,5,T1_avg_dist
1004620,청주시(옥화1교),5,1004645,괴산군(수전교),1.498,2,T1_avg_dist
1004631,괴산군(월문교),1,1004646,괴산군(비도교),1.9962,1,T1_avg_dist
1004631,괴산군(월문교),2,1003645,단양군(단양1교),2.5957,1,T1_avg_dist
1004631,괴산군(월문교),3,1004693,괴산군(목도교),2.6876,1,T1_avg_dist
1004631,괴산군(월문교),4,1001650,정선군(삼거리교),2.9244,1,T1_avg_dist
1004631,괴산군(월문교),5,1004645,괴산군(수전교),3.4403,1,T1_avg_dist
1004640,괴산군(적석교),1,1001620,정선군(송계교),1.2033,1,T1_avg_dist
1004640,괴산군(적석교),2,1004620,청주시(옥화1교),1.6887,1,T1_avg_dist
1004640,괴산군(적석교),3,1004616,청주시(청석굴교),2.1079,1,T1_avg_dist
1004640,괴산군(적석교),4,1007640,여주시(율극교),2.2168,1,T1_avg_dist
1004640,괴산군(적석교),5,1001660,정선군(낙동교),2.2443,1,T1_avg_dist
1004645,괴산군(수전교),1,1004693,괴산군(목도교),1.2147,4,T1_avg_dist
1004645,괴산군(수전교),2,1004620,청주시(옥화1교),1.498,2,T1_avg_dist
1004645,괴산군(수전교),3,1003605,영월군(충혼교),1.5533,1,T1_avg_dist
1004645,괴산군(수전교),4,1001622,정선군(혈천교),1.5964,1,T1_avg_dist
1004645,괴산군(수전교),5,1004680,충주시(문강교),1.7264,1,T1_avg_dist
1004646,괴산군(비도교),1,1001660,정선군(낙동교),1.1743,1,T1_avg_dist
1004646,괴산군(비도교),2,1003620,영월군(옥동교),1.258,1,T1_avg_dist
1004646,괴산군(비도교),3,1001645,정선군(와평교),1.3037,1,T1_avg_dist
1004646,괴산군(비도교),4,1001649,정선군(애산교),1.3179,1,T1_avg_dist
1004646,괴산군(비도교),5,1004693,괴산군(목도교),1.9873,3,T1_avg_dist
1004661,괴산군(제2괴산교),1,1004680,충주시(문강교),0.8732,1,T1_avg_dist
1004661,괴산군(제2괴산교),2,1003605,영월군(충혼교),1.0117,3,T1_avg_dist
1004661,괴산군(제2괴산교),3,1004670,괴산군(추산교),1.0581,3,T1_avg_dist
1004661,괴산군(제2괴산교),4,1007617,여주시(삼합교),1.0606,1,T1_avg_dist
1004661,괴산군(제2괴산교),5,1004695,충주시(국원대교),1.1905,2,T1_avg_dist
1004670,괴산군(추산교),1,1004695,충주시(국원대교),0.8393,2,T1_avg_dist
1004670,괴산군(추산교),2,1003605,영월군(충혼교),0.9588,3,T1_avg_dist
1004670,괴산군(추산교),3,1007615,여주시(원부교),0.9715,1,T1_avg_dist
1004670,괴산군(추산교),4,1003620,영월군(옥동교),1.0335,3,T1_avg_dist
1004670,괴산군(추산교),5,1004680,충주시(문강교),1.0544,1,T1_avg_dist
1004680,충주시(문강교),1,1003645,단양군(단양1교),1.0186,2,T1_avg_dist
1004680,충주시(문강교),2,1004661,괴산군(제2괴산교),1.1483,2,T1_avg_dist
1004680,충주시(문강교),3,1004693,괴산군(목도교),1.2713,2,T1_avg_dist
1004680,충주시(문강교),4,1004620,청주시(옥화1교),1.311,1,T1_avg_dist
1004680,충주시(문강교),5,1004695,충주시(국원대교),1.4783,1,T1_avg_dist
1004693,괴산군(목도교),1,1004670,괴산군(추산교),1.1104,1,T1_avg_dist
1004693,괴산군(목도교),2,1003605,영월군(충혼교),1.2028,1,T1_avg_dist
1004693,괴산군(목도교),3,1004645,괴산군(수전교),1.2147,4,T1_avg_dist
1004693,괴산군(목도교),4,1004680,충주시(문강교),1.2713,2,T1_avg_dist
1004693,괴산군(목도교),5,1003620,영월군(옥동교),1.2826,1,T1_avg_dist
1004694,충주시(주덕교),1,1004695,충주시(국원대교),0.9959,1,T1_avg_dist
1004694,충주시(주덕교),2,1004620,청주시(옥화1교),1.6269,1,T1_avg_dist
1004694,충주시(주덕교),3,1004616,청주시(청석굴교),1.9131,1,T1_avg_dist
1004694,충주시(주덕교),4,1004696,충주시(봉계교),1.9841,1,T1_avg_dist
1004694,충주시(주덕교),5,1003657,제천시(강저3교),3.1111,1,T1_avg_dist
1004695,충주시(국원대교),1,1003620,영월군(옥동교),0.5778,1,T1_avg_dist
1004695,충주시(국원대교),2,1003661,제천시(구곡교),0.6767,1,T1_avg_dist
1004695,충주시(국원대교),3,1007617,여주시(삼합교),0.9196,1,T1_avg_dist
1004695,충주시(국원대교),4,1007615,여주시(원부교),0.9208,1,T1_avg_dist
1004695,충주시(국원대교),5,1007610,음성군(총천교),0.9658,1,T1_avg_dist
1004696,충주시(봉계교),1,1004694,충주시(주덕교),1.9841,1,T1_avg_dist
1004696,충주시(봉계교),2,1004616,청주시(청석굴교),2.4147,1,T1_avg_dist
1004696,충주시(봉계교),3,1006650,횡성군(횡성교),2.4364,1,T1_avg_dist
1004696,충주시(봉계교),4,1004695,충주시(국원대교),2.4434,1,T1_avg_dist
1004696,충주시(봉계교),5,1004620,청주시(옥화1교),2.5607,1,T1_avg_dist
1005605,충주시(탄금교),1,1007634,강천보(하류),3.2569,1,T1_avg_dist
1005605,충주시(탄금교),2,1001602,평창군(송정교),3.3312,1,T1_avg_dist
1005605,충주시(탄금교),3,1007641,여주보(하류),3.3994,1,T1_avg_dist
1005605,충주시(탄금교),4,1007639,여주보(상류),3.711,4,T1_avg_dist
1005605,충주시(탄금교),5,1007685,양평군(양평교),4.0673,1,T1_avg_dist
1005640,충주시(목계교),1,1001622,정선군(혈천교),0.8956,1,T1_avg_dist
1005640,충주시(목계교),2,1004695,충주시(국원대교),0.9282,1,T1_avg_dist
1005640,충주시(목계교),3,1004693,괴산군(목도교),1.5946,1,T1_avg_dist
1005640,충주시(목계교),4,1007610,음성군(총천교),1.741,1,T1_avg_dist
1005640,충주시(목계교),5,1003605,영월군(충혼교),2.1197,2,T1_avg_dist
1005650,충주시(능암교),1,1007617,여주시(삼합교),1.0095,1,T1_avg_dist
1005650,충주시(능암교),2,1007605,이천시(장호원교),1.2063,1,T1_avg_dist
1005650,충주시(능암교),3,1007642,이천시(동산교),1.5925,1,T1_avg_dist
1005650,충주시(능암교),4,1007626,여주시(용은교),1.6872,1,T1_avg_dist
1005650,충주시(능암교),5,1007650,여주시(흥천대교),1.8861,1,T1_avg_dist
1005660,충주시(세포교),1,1003658,제천시(부수동교),1.0624,1,T1_avg_dist
1005660,충주시(세포교),2,1007642,이천시(동산교),1.342,1,T1_avg_dist
1005660,충주시(세포교),3,1006628,횡성군(청곡교),1.4464,1,T1_avg_dist
1005660,충주시(세포교),4,1002625,평창군(선애교),1.4746,1,T1_avg_dist
1005660,충주시(세포교),5,1007626,여주시(용은교),1.4901,1,T1_avg_dist
1005695,원주시(법천교),1,1006665,원주시(원주교),0.6156,3,T1_avg_dist
1005695,원주시(법천교),2,1006630,횡성군(오산교),0.6773,1,T1_avg_dist
1005695,원주시(법천교),3,1006650,횡성군(횡성교),0.6884,1,T1_avg_dist
1005695,원주시(법천교),4,1003605,영월군(충혼교),0.6999,1,T1_avg_dist
1005695,원주시(법천교),5,1007680,양평군(흑천교),0.7617,1,T1_avg_dist
1005697,원주시(남한강대교),1,1001649,정선군(애산교),1.7482,3,T1_avg_dist
1005697,원주시(남한강대교),2,1001690,영월군(영월대교),1.9339,3,T1_avg_dist
1005697,원주시(남한강대교),3,1001660,정선군(낙동교),1.9479,4,T1_avg_dist
1005697,원주시(남한강대교),4,1001645,정선군(와평교),1.9838,3,T1_avg_dist
1005697,원주시(남한강대교),5,1001670,영월군(거운교),2.2553,4,T1_avg_dist
1006628,횡성군(청곡교),1,1007687,양평군(여물교),0.5683,1,T1_avg_dist
1006628,횡성군(청곡교),2,1007690,양평군(봉상교),0.846,1,T1_avg_dist
1006628,횡성군(청곡교),3,1002625,평창군(선애교),0.8533,1,T1_avg_dist
1006628,횡성군(청곡교),4,1002640,평창군(상방림교),0.9708,1,T1_avg_dist
1006628,횡성군(청곡교),5,1002605,평창군(이목정교),0.9945,1,T1_avg_dist
1006630,횡성군(오산교),1,1006650,횡성군(횡성교),0.2905,1,T1_avg_dist
1006630,횡성군(오산교),2,1002615,평창군(진전교),0.5775,1,T1_avg_dist
1006630,횡성군(오산교),3,1002610,평창군(장평교),0.6624,1,T1_avg_dist
1006630,횡성군(오산교),4,1005695,원주시(법천교),0.6773,1,T1_avg_dist
1006630,횡성군(오산교),5,1007680,양평군(흑천교),0.8604,2,T1_avg_dist
1006650,횡성군(횡성교),1,1006630,횡성군(오산교),0.2905,1,T1_avg_dist
1006650,횡성군(횡성교),2,1005695,원주시(법천교),0.6884,1,T1_avg_dist
1006650,횡성군(횡성교),3,1007680,양평군(흑천교),0.6957,1,T1_avg_dist
1006650,횡성군(횡성교),4,1002615,평창군(진전교),0.8988,1,T1_avg_dist
1006650,횡성군(횡성교),5,1002610,평창군(장평교),1.3488,2,T1_avg_dist
1006660,횡성군(전천교),1,1007620,여주시(강천리),0.9113,3,T1_avg_dist
1006660,횡성군(전천교),2,1006680,원주시(지정대교),0.9413,4,T1_avg_dist
1006660,횡성군(전천교),3,1007635,여주시(여주대교),0.9638,3,T1_avg_dist
1006660,횡성군(전천교),4,1002685,영월군(주천교),1.0112,4,T1_avg_dist
1006660,횡성군(전천교),5,1007640,여주시(율극교),1.088,3,T1_avg_dist
1006665,원주시(원주교),1,1005695,원주시(법천교),0.6156,3,T1_avg_dist
1006665,원주시(원주교),2,1006666,원주시(가현교),1.2197,4,T1_avg_dist
1006665,원주시(원주교),3,1002625,평창군(선애교),1.2614,3,T1_avg_dist
1006665,원주시(원주교),4,1002693,영월군(농공단지교),1.2636,3,T1_avg_dist
1006665,원주시(원주교),5,1006660,횡성군(전천교),1.2995,3,T1_avg_dist
1006666,원주시(가현교),1,1007650,여주시(흥천대교),0.7402,1,T1_avg_dist
1006666,원주시(가현교),2,1007645,이천시(복하교),0.8336,1,T1_avg_dist
1006666,원주시(가현교),3,1007640,여주시(율극교),0.921,1,T1_avg_dist
1006666,원주시(가현교),4,1007605,이천시(장호원교),0.9634,1,T1_avg_dist
1006666,원주시(가현교),5,1006665,원주시(원주교),0.9853,3,T1_avg_dist
1006670,원주시(옥산교),1,1006672,원주시(장현교),0.4268,4,T1_avg_dist
1006670,원주시(옥산교),2,1002610,평창군(장평교),0.472,1,T1_avg_dist
1006670,원주시(옥산교),3,1002615,평창군(진전교),0.5502,1,T1_avg_dist
1006670,원주시(옥산교),4,1006690,원주시(문막교),0.6338,3,T1_avg_dist
1006670,원주시(옥산교),5,1002605,평창군(이목정교),0.6692,1,T1_avg_dist
1006672,원주시(장현교),1,1006670,원주시(옥산교),0.5313,5,T1_avg_dist
1006672,원주시(장현교),2,1001630,정선군(나전교),0.602,1,T1_avg_dist
1006672,원주시(장현교),3,1006690,원주시(문막교),0.619,5,T1_avg_dist
1006672,원주시(장현교),4,1002605,평창군(이목정교),0.6259,1,T1_avg_dist
1006672,원주시(장현교),5,1001658,정선군(광하교),0.6448,1,T1_avg_dist
1006677,원주시(판대2교),1,1002640,평창군(상방림교),0.418,1,T1_avg_dist
1006677,원주시(판대2교),2,1002605,평창군(이목정교),0.52,1,T1_avg_dist
1006677,원주시(판대2교),3,1002650,평창군(평창교),0.554,1,T1_avg_dist
1006677,원주시(판대2교),4,1002615,평창군(진전교),0.7029,1,T1_avg_dist
1006677,원주시(판대2교),5,1006670,원주시(옥산교),0.7663,1,T1_avg_dist
1006680,원주시(지정대교),1,1007620,여주시(강천리),0.8296,3,T1_avg_dist
1006680,원주시(지정대교),2,1002685,영월군(주천교),0.8519,4,T1_avg_dist
1006680,원주시(지정대교),3,1006660,횡성군(전천교),0.9413,4,T1_avg_dist
1006680,원주시(지정대교),4,1002687,영월군(신천교),1.0126,3,T1_avg_dist
1006680,원주시(지정대교),5,1007635,여주시(여주대교),1.0697,3,T1_avg_dist
1006685,원주시(봉미교),1,1002693,영월군(농공단지교),0.6348,1,T1_avg_dist
1006685,원주시(봉미교),2,1007605,이천시(장호원교),0.7456,1,T1_avg_dist
1006685,원주시(봉미교),3,1007615,여주시(원부교),0.8018,1,T1_avg_dist
1006685,원주시(봉미교),4,1007617,여주시(삼합교),0.8367,1,T1_avg_dist
1006685,원주시(봉미교),5,1003660,제천시(팔송교),0.9163,4,T1_avg_dist
1006690,원주시(문막교),1,1006672,원주시(장현교),0.619,5,T1_avg_dist
1006690,원주시(문막교),2,1001658,정선군(광하교),0.6357,1,T1_avg_dist
1006690,원주시(문막교),3,1001630,정선군(나전교),0.6474,1,T1_avg_dist
1006690,원주시(문막교),4,1002605,평창군(이목정교),0.6646,1,T1_avg_dist
1006690,원주시(문막교),5,1002680,영월군(두학교),0.6967,1,T1_avg_dist
1007604,안성시(한평교),1,1007642,이천시(동산교),0.5857,1,T1_avg_dist
1007604,안성시(한평교),2,1002693,영월군(농공단지교),1.0148,1,T1_avg_dist
1007604,안성시(한평교),3,1003657,제천시(강저3교),1.5887,1,T1_avg_dist
1007604,안성시(한평교),4,1006685,원주시(봉미교),1.6871,1,T1_avg_dist
1007604,안성시(한평교),5,1006666,원주시(가현교),1.7307,1,T1_avg_dist
1007605,이천시(장호원교),1,1007615,여주시(원부교),0.3578,4,T1_avg_dist
1007605,이천시(장호원교),2,1007640,여주시(율극교),0.5828,1,T1_avg_dist
1007605,이천시(장호원교),3,1007617,여주시(삼합교),0.6715,5,T1_avg_dist
1007605,이천시(장호원교),4,1003658,제천시(부수동교),0.7356,1,T1_avg_dist
1007605,이천시(장호원교),5,1004695,충주시(국원대교),0.9662,1,T1_avg_dist
1007606,안성시(두현교),1,1007608,이천시(고당교),1.1352,1,T1_avg_dist
1007606,안성시(두현교),2,1007680,양평군(흑천교),1.4432,1,T1_avg_dist
1007606,안성시(두현교),3,1006650,횡성군(횡성교),1.5214,1,T1_avg_dist
1007606,안성시(두현교),4,1006666,원주시(가현교),1.53,1,T1_avg_dist
1007606,안성시(두현교),5,1003657,제천시(강저3교),1.6192,1,T1_avg_dist
1007608,이천시(고당교),1,1007606,안성시(두현교),1.1352,1,T1_avg_dist
1007608,이천시(고당교),2,1007605,이천시(장호원교),1.8636,1,T1_avg_dist
1007608,이천시(고당교),3,1005695,원주시(법천교),1.9509,1,T1_avg_dist
1007608,이천시(고당교),4,1007680,양평군(흑천교),2.0503,1,T1_avg_dist
1007608,이천시(고당교),5,1006630,횡성군(오산교),2.0514,1,T1_avg_dist
1007610,음성군(총천교),1,1004695,충주시(국원대교),0.9658,1,T1_avg_dist
1007610,음성군(총천교),2,1007605,이천시(장호원교),0.9819,1,T1_avg_dist
1007610,음성군(총천교),3,1007645,이천시(복하교),0.9957,1,T1_avg_dist
1007610,음성군(총천교),4,1003661,제천시(구곡교),1.05,1,T1_avg_dist
1007610,음성군(총천교),5,1003658,제천시(부수동교),1.0666,1,T1_avg_dist
1007615,여주시(원부교),1,1007605,이천시(장호원교),0.3578,4,T1_avg_dist
1007615,여주시(원부교),2,1007640,여주시(율극교),0.6547,1,T1_avg_dist
1007615,여주시(원부교),3,1007617,여주시(삼합교),0.6865,5,T1_avg_dist
1007615,여주시(원부교),4,1007645,이천시(복하교),0.7151,1,T1_avg_dist
1007615,여주시(원부교),5,1003658,제천시(부수동교),0.7653,1,T1_avg_dist
1007617,여주시(삼합교),1,1007615,여주시(원부교),0.3989,4,T1_avg_dist
1007617,여주시(삼합교),2,1007640,여주시(율극교),0.6415,1,T1_avg_dist
1007617,여주시(삼합교),3,1003660,제천시(팔송교),0.6593,1,T1_avg_dist
1007617,여주시(삼합교),4,1003661,제천시(구곡교),0.666,1,T1_avg_dist
1007617,여주시(삼합교),5,1007605,이천시(장호원교),0.6715,5,T1_avg_dist
1007620,여주시(강천리),1,1007635,여주시(여주대교),0.4835,1,T1_avg_dist
1007620,여주시(강천리),2,1007664,이포보(하류),0.5374,1,T1_avg_dist
1007620,여주시(강천리),3,1007625,여주시(남한강교),0.6554,2,T1_avg_dist
1007620,여주시(강천리),4,1002685,영월군(주천교),0.7228,3,T1_avg_dist
1007620,여주시(강천리),5,1007641,여주보(하류),0.7348,5,T1_avg_dist
1007625,여주시(남한강교),1,1007664,이포보(하류),0.7186,1,T1_avg_dist
1007625,여주시(남한강교),2,1007635,여주시(여주대교),0.8035,4,T1_avg_dist
1007625,여주시(남한강교),3,1007620,여주시(강천리),0.9322,5,T1_avg_dist
1007625,여주시(남한강교),4,1006666,원주시(가현교),1.0488,1,T1_avg_dist
1007625,여주시(남한강교),5,1007641,여주보(하류),1.1401,2,T1_avg_dist
1007626,여주시(용은교),1,1007642,이천시(동산교),1.2678,1,T1_avg_dist
1007626,여주시(용은교),2,1007650,여주시(흥천대교),1.2755,1,T1_avg_dist
1007626,여주시(용은교),3,1003658,제천시(부수동교),1.3149,1,T1_avg_dist
1007626,여주시(용은교),4,1007617,여주시(삼합교),1.4367,1,T1_avg_dist
1007626,여주시(용은교),5,1005660,충주시(세포교),1.4901,1,T1_avg_dist
1007633,강천보(상류),1,1007635,여주시(여주대교),0.9935,1,T1_avg_dist
1007633,강천보(상류),2,1007634,강천보(하류),1.7755,1,T1_avg_dist
1007633,강천보(상류),3,1007640,여주시(율극교),1.8478,1,T1_avg_dist
1007633,강천보(상류),4,1007641,여주보(하류),1.8538,1,T1_avg_dist
1007633,강천보(상류),5,1006690,원주시(문막교),1.9534,1,T1_avg_dist
1007634,강천보(하류),1,1007620,여주시(강천리),0.7677,2,T1_avg_dist
1007634,강천보(하류),2,1007641,여주보(하류),0.9,2,T1_avg_dist
1007634,강천보(하류),3,1007635,여주시(여주대교),0.9195,1,T1_avg_dist
1007634,강천보(하류),4,1007639,여주보(상류),0.9349,1,T1_avg_dist
1007634,강천보(하류),5,1007664,이포보(하류),0.9858,1,T1_avg_dist
1007635,여주시(여주대교),1,1007664,이포보(하류),0.6375,1,T1_avg_dist
1007635,여주시(여주대교),2,1007625,여주시(남한강교),0.8035,4,T1_avg_dist
1007635,여주시(여주대교),3,1007620,여주시(강천리),0.8089,4,T1_avg_dist
1007635,여주시(여주대교),4,1007634,강천보(하류),0.9195,1,T1_avg_dist
1007635,여주시(여주대교),5,1006660,횡성군(전천교),0.9638,3,T1_avg_dist
1007637,여주시(당우교),1,1002650,평창군(평창교),0.6386,1,T1_avg_dist
1007637,여주시(당우교),2,1006677,원주시(판대2교),0.7829,1,T1_avg_dist
1007637,여주시(당우교),3,1006672,원주시(장현교),0.8184,1,T1_avg_dist
1007637,여주시(당우교),4,1006670,원주시(옥산교),0.8276,1,T1_avg_dist
1007637,여주시(당우교),5,1002640,평창군(상방림교),0.8309,1,T1_avg_dist
1007639,여주보(상류),1,1007634,강천보(하류),1.5357,2,T1_avg_dist
1007639,여주보(상류),2,1007625,여주시(남한강교),1.5406,1,T1_avg_dist
1007639,여주보(상류),3,1007620,여주시(강천리),1.7494,2,T1_avg_dist
1007639,여주보(상류),4,1007641,여주보(하류),1.933,2,T1_avg_dist
1007639,여주보(상류),5,1007635,여주시(여주대교),2.2558,1,T1_avg_dist
1007640,여주시(율극교),1,1007605,이천시(장호원교),0.5828,1,T1_avg_dist
1007640,여주시(율극교),2,1007617,여주시(삼합교),0.6415,1,T1_avg_dist
1007640,여주시(율극교),3,1007615,여주시(원부교),0.6547,1,T1_avg_dist
1007640,여주시(율극교),4,1003661,제천시(구곡교),0.8356,1,T1_avg_dist
1007640,여주시(율극교),5,1007650,여주시(흥천대교),0.9876,2,T1_avg_dist
1007641,여주보(하류),1,1007664,이포보(하류),0.6198,4,T1_avg_dist
1007641,여주보(하류),2,1007620,여주시(강천리),0.7348,5,T1_avg_dist
1007641,여주보(하류),3,1007635,여주시(여주대교),0.8746,1,T1_avg_dist
1007641,여주보(하류),4,1007634,강천보(하류),0.9,2,T1_avg_dist
1007641,여주보(하류),5,1006690,원주시(문막교),0.9526,3,T1_avg_dist
1007642,이천시(동산교),1,1007604,안성시(한평교),0.5857,1,T1_avg_dist
1007642,이천시(동산교),2,1007662,이포보(상류),1.1326,1,T1_avg_dist
1007642,이천시(동산교),3,1007615,여주시(원부교),1.2225,1,T1_avg_dist
1007642,이천시(동산교),4,1007626,여주시(용은교),1.2678,1,T1_avg_dist
1007642,이천시(동산교),5,1005660,충주시(세포교),1.342,1,T1_avg_dist
1007645,이천시(복하교),1,1007615,여주시(원부교),0.7151,1,T1_avg_dist
1007645,이천시(복하교),2,1007617,여주시(삼합교),0.7962,1,T1_avg_dist
1007645,이천시(복하교),3,1006666,원주시(가현교),0.8336,1,T1_avg_dist
1007645,이천시(복하교),4,1007650,여주시(흥천대교),0.9857,2,T1_avg_dist
1007645,이천시(복하교),5,1007605,이천시(장호원교),1.0976,2,T1_avg_dist
1007650,여주시(흥천대교),1,1006666,원주시(가현교),0.7402,1,T1_avg_dist
1007650,여주시(흥천대교),2,1007605,이천시(장호원교),0.8481,1,T1_avg_dist
1007650,여주시(흥천대교),3,1007645,이천시(복하교),0.9857,2,T1_avg_dist
1007650,여주시(흥천대교),4,1007640,여주시(율극교),0.9876,2,T1_avg_dist
1007650,여주시(흥천대교),5,1007615,여주시(원부교),1.006,1,T1_avg_dist
1007655,여주시(양촌교),1,1006690,원주시(문막교),0.811,1,T1_avg_dist
1007655,여주시(양촌교),2,1006672,원주시(장현교),0.8707,1,T1_avg_dist
1007655,여주시(양촌교),3,1002605,평창군(이목정교),0.9206,1,T1_avg_dist
1007655,여주시(양촌교),4,1002680,영월군(두학교),0.9594,4,T1_avg_dist
1007655,여주시(양촌교),5,1002675,횡성군(안흥교),0.9948,5,T1_avg_dist
1007662,이포보(상류),1,1007642,이천시(동산교),1.1326,1,T1_avg_dist
1007662,이포보(상류),2,1007640,여주시(율극교),1.2862,1,T1_avg_dist
1007662,이포보(상류),3,1007615,여주시(원부교),1.3157,1,T1_avg_dist
1007662,이포보(상류),4,1007605,이천시(장호원교),1.7292,2,T1_avg_dist
1007662,이포보(상류),5,1007635,여주시(여주대교),1.7923,1,T1_avg_dist
1007664,이포보(하류),1,1007641,여주보(하류),0.6198,4,T1_avg_dist
1007664,이포보(하류),2,1007635,여주시(여주대교),0.6375,1,T1_avg_dist
1007664,이포보(하류),3,1007625,여주시(남한강교),0.7186,1,T1_avg_dist
1007664,이포보(하류),4,1007620,여주시(강천리),0.8665,4,T1_avg_dist
1007664,이포보(하류),5,1007634,강천보(하류),0.9858,1,T1_avg_dist
1007680,양평군(흑천교),1,1006650,횡성군(횡성교),0.6957,1,T1_avg_dist
1007680,양평군(흑천교),2,1007690,양평군(봉상교),0.7149,4,T1_avg_dist
1007680,양평군(흑천교),3,1006670,원주시(옥산교),0.7264,1,T1_avg_dist
1007680,양평군(흑천교),4,1005695,원주시(법천교),0.7617,1,T1_avg_dist
1007680,양평군(흑천교),5,1002610,평창군(장평교),0.782,1,T1_avg_dist
1007685,양평군(양평교),1,1007697,양평군(신원리),1.0841,1,T1_avg_dist
1007685,양평군(양평교),2,1006666,원주시(가현교),1.3287,1,T1_avg_dist
1007685,양평군(양평교),3,1007625,여주시(남한강교),1.3943,1,T1_avg_dist
1007685,양평군(양평교),4,1007635,여주시(여주대교),1.6498,4,T1_avg_dist
1007685,양평군(양평교),5,1007620,여주시(강천리),1.7886,4,T1_avg_dist
1007687,양평군(여물교),1,1006628,횡성군(청곡교),0.5683,1,T1_avg_dist
1007687,양평군(여물교),2,1007690,양평군(봉상교),0.7933,1,T1_avg_dist
1007687,양평군(여물교),3,1001630,정선군(나전교),0.8862,1,T1_avg_dist
1007687,양평군(여물교),4,1002698,영월군(팔괴교),0.9074,1,T1_avg_dist
1007687,양평군(여물교),5,1001602,평창군(송정교),0.9935,1,T1_avg_dist
1007690,양평군(봉상교),1,1002615,평창군(진전교),0.4588,1,T1_avg_dist
1007690,양평군(봉상교),2,1002640,평창군(상방림교),0.6467,1,T1_avg_dist
1007690,양평군(봉상교),3,1002610,평창군(장평교),0.6986,1,T1_avg_dist
1007690,양평군(봉상교),4,1007680,양평군(흑천교),0.7149,4,T1_avg_dist
1007690,양평군(봉상교),5,1002650,평창군(평창교),0.7377,1,T1_avg_dist
1007697,양평군(신원리),1,1007685,양평군(양평교),1.0841,1,T1_avg_dist
1007697,양평군(신원리),2,1005697,원주시(남한강대교),4.1825,1,T1_avg_dist
1007697,양평군(신원리),3,1005605,충주시(탄금교),4.3133,2,T1_avg_dist
1007697,양평군(신원리),4,1007633,강천보(상류),4.5996,3,T1_avg_dist
1007697,양평군(신원리),5,1007642,이천시(동산교),4.6419,3,T1_avg_dist
